,assist_percentage,assists,block_percentage,blocks,box_plus_minus,conference,defensive_box_plus_minus,defensive_rebound_percentage,defensive_rebounds,defensive_win_shares,effective_field_goal_percentage,field_goal_attempts,field_goal_percentage,field_goals,free_throw_attempt_rate,free_throw_attempts,free_throw_percentage,free_throws,games_played,games_started,height,minutes_played,offensive_box_plus_minus,offensive_rebound_percentage,offensive_rebounds,offensive_win_shares,personal_fouls,player_efficiency_rating,player_id,points,points_produced,position,steal_percentage,steals,team_abbreviation,three_point_attempt_rate,three_point_attempts,three_point_percentage,three_pointers,total_rebound_percentage,total_rebounds,true_shooting_percentage,turnover_percentage,turnovers,two_point_attempts,two_point_percentage,two_pointers,usage_percentage,weight,win_shares,win_shares_per_40_minutes,name
2025-26,26.4,143.0,2.0,18.0,19.9,acc,6.5,22.5,233.0,3.2,0.621,464.0,0.565,262.0,0.526,244.0,0.775,189.0,34.0,34.0,,1122.0,13.4,12.4,114.0,6.3,57.0,34.7,cameron-boozer-3,765.0,763.0,Forward,2.7,50.0,DUKE,0.274,127.0,0.409,52.0,17.7,347.0,0.66,12.0,79.0,337.0,0.623,210.0,29.6,,9.6,0.341,Cameron Boozer
2025-26,8.9,46.0,3.1,23.0,10.2,acc,3.8,10.8,95.0,2.1,0.546,381.0,0.425,162.0,0.27,103.0,0.874,90.0,34.0,34.0,,947.0,6.5,1.3,10.0,2.7,40.0,19.2,isaiah-evans-1,506.0,425.0,Guard,1.7,27.0,DUKE,0.661,252.0,0.365,92.0,6.4,105.0,0.588,8.3,39.0,129.0,0.543,70.0,24.9,,4.8,0.203,Isaiah Evans
2025-26,15.8,56.0,6.3,32.0,11.3,acc,5.8,18.2,109.0,1.8,0.624,181.0,0.602,109.0,0.669,121.0,0.694,84.0,29.0,28.0,,649.0,5.5,12.4,66.0,2.4,80.0,25.3,patrick-ngongba-2,310.0,316.0,Center,1.7,18.0,DUKE,0.16,29.0,0.276,8.0,15.5,175.0,0.65,13.7,38.0,152.0,0.664,101.0,21.5,,4.2,0.258,Patrick Ngongba
2025-26,18.8,88.0,0.3,2.0,6.0,acc,3.4,12.6,92.0,1.6,0.532,217.0,0.442,96.0,0.244,53.0,0.585,31.0,31.0,30.0,,788.0,2.6,3.1,20.0,1.5,53.0,13.1,caleb-foster-2,262.0,271.0,Guard,0.7,9.0,DUKE,0.447,97.0,0.402,39.0,8.2,112.0,0.541,12.0,33.0,120.0,0.475,57.0,17.6,,3.1,0.155,Caleb Foster
2025-26,21.2,94.0,0.5,3.0,6.2,acc,4.4,8.5,58.0,1.6,0.537,176.0,0.489,86.0,0.369,65.0,0.8,52.0,34.0,7.0,,740.0,1.8,2.5,15.0,1.4,51.0,14.5,cayden-boozer-1,241.0,260.0,Guard,2.2,27.0,DUKE,0.335,59.0,0.288,17.0,5.7,73.0,0.582,17.5,44.0,117.0,0.59,69.0,17.1,,3.0,0.164,Cayden Boozer
2025-26,7.3,35.0,1.8,11.0,5.1,acc,5.0,13.8,99.0,1.9,0.5,185.0,0.4,74.0,0.292,54.0,0.519,28.0,34.0,26.0,,778.0,0.1,4.1,26.0,0.4,65.0,10.5,dame-sarr-1,213.0,204.0,Guard,2.5,33.0,DUKE,0.638,118.0,0.314,37.0,9.2,125.0,0.506,15.3,38.0,67.0,0.552,37.0,16.1,,2.4,0.122,Dame Sarr
2025-26,9.3,38.0,0.4,2.0,6.4,acc,4.5,13.7,84.0,1.5,0.556,153.0,0.451,69.0,0.281,43.0,0.651,28.0,34.0,5.0,,665.0,1.9,6.1,33.0,1.1,60.0,12.9,nikolas-khamenia-1,198.0,196.0,Guard,2.0,22.0,DUKE,0.614,94.0,0.34,32.0,10.1,117.0,0.571,13.9,28.0,59.0,0.627,37.0,15.3,,2.6,0.156,Nikolas Khamenia
2025-26,14.6,60.0,3.6,19.0,12.3,acc,9.5,16.2,102.0,2.3,0.638,120.0,0.617,74.0,0.225,27.0,0.407,11.0,34.0,6.0,,679.0,2.8,11.7,65.0,1.1,91.0,19.2,maliq-brown-1,164.0,199.0,Forward,5.8,66.0,DUKE,0.242,29.0,0.172,5.0,14.1,167.0,0.617,22.7,39.0,91.0,0.758,69.0,12.7,,3.4,0.202,Maliq Brown
2025-26,6.4,13.0,0.0,0.0,5.1,acc,3.1,4.9,15.0,0.6,0.511,87.0,0.379,33.0,0.448,39.0,0.769,30.0,32.0,0.0,,329.0,2.0,5.2,14.0,0.9,24.0,14.0,darren-harris-1,119.0,111.0,Guard,2.0,11.0,DUKE,0.77,67.0,0.343,23.0,5.1,29.0,0.564,4.5,5.0,20.0,0.5,10.0,16.9,,1.5,0.182,Darren Harris
2025-26,7.8,2.0,0.0,0.0,7.8,acc,5.3,16.2,6.0,0.1,0.667,6.0,0.5,3.0,0.0,0.0,,0.0,14.0,0.0,,40.0,2.5,18.3,6.0,0.1,6.0,16.4,jack-scott-1,8.0,11.0,Guard,3.0,2.0,DUKE,0.333,2.0,1.0,2.0,17.2,12.0,0.667,14.3,1.0,4.0,0.25,1.0,8.8,,0.2,0.212,Jack Scott
2025-26,3.8,1.0,0.0,0.0,-4.0,acc,0.3,15.8,6.0,0.1,0.333,12.0,0.25,3.0,0.0,0.0,,0.0,14.0,0.0,,41.0,-4.3,3.0,1.0,0.0,1.0,4.1,cameron-sheffield-1,8.0,8.0,Guard,0.0,0.0,DUKE,0.583,7.0,0.286,2.0,9.8,7.0,0.333,0.0,0.0,5.0,0.2,1.0,14.7,,0.1,0.071,Cameron Sheffield
2025-26,0.0,0.0,5.8,1.0,-10.9,acc,0.5,4.9,1.0,0.0,0.5,4.0,0.5,2.0,0.25,1.0,0.0,0.0,5.0,0.0,,22.0,-11.4,11.1,2.0,0.0,6.0,0.1,ifeanyi-ufochukwu-1,4.0,4.0,Center,0.0,0.0,DUKE,0.0,0.0,,0.0,7.8,3.0,0.447,30.9,2.0,4.0,0.5,2.0,14.8,,0.0,0.018,Ifeanyi Ufochukwu
2025-26,14.8,86.0,0.6,6.0,11.4,big-12,5.7,13.9,141.0,2.4,0.566,374.0,0.492,184.0,0.396,148.0,0.804,119.0,34.0,34.0,,1003.0,5.8,2.3,19.0,3.2,71.0,22.0,brayden-burries-1,542.0,489.0,Guard,3.0,54.0,ARIZONA,0.401,150.0,0.367,55.0,8.6,160.0,0.61,9.2,45.0,224.0,0.576,129.0,23.3,,5.6,0.225,Brayden Burries
2025-26,24.1,154.0,0.3,3.0,9.1,big-12,5.3,9.8,103.0,2.2,0.497,323.0,0.461,149.0,0.505,163.0,0.804,131.0,34.0,34.0,,1035.0,3.8,2.1,18.0,2.7,66.0,18.6,jaden-bradley-1,452.0,473.0,Guard,2.8,52.0,ARIZONA,0.176,57.0,0.404,23.0,6.3,121.0,0.564,12.8,59.0,266.0,0.474,126.0,21.2,,4.9,0.19,Jaden Bradley
2025-26,17.9,85.0,2.7,22.0,8.4,big-12,3.9,12.0,103.0,1.8,0.546,313.0,0.537,168.0,0.428,134.0,0.597,80.0,31.0,31.0,,845.0,4.5,8.8,62.0,2.0,69.0,20.1,koa-peat-1,422.0,422.0,Forward,1.5,22.0,ARIZONA,0.061,19.0,0.316,6.0,10.6,165.0,0.56,12.5,54.0,294.0,0.551,162.0,24.3,,3.8,0.18,Koa Peat
2025-26,6.3,33.0,7.5,62.0,10.4,big-12,5.7,20.1,173.0,2.3,0.591,208.0,0.582,121.0,0.673,140.0,0.786,110.0,34.0,34.0,,849.0,4.7,14.2,101.0,2.5,90.0,23.2,motiejus-krivas-1,356.0,365.0,Center,1.6,24.0,ARIZONA,0.058,12.0,0.333,4.0,17.5,274.0,0.648,14.9,48.0,196.0,0.597,117.0,18.1,,4.8,0.228,Motiejus Krivas
2025-26,13.4,79.0,1.2,11.0,9.5,big-12,5.7,10.8,103.0,2.1,0.55,262.0,0.492,129.0,0.29,76.0,0.737,56.0,34.0,34.0,,942.0,3.8,4.4,35.0,1.8,54.0,16.4,ivan-kharchenkov-1,344.0,338.0,Forward,2.9,49.0,ARIZONA,0.351,92.0,0.326,30.0,7.9,138.0,0.577,13.1,45.0,170.0,0.582,99.0,17.4,,3.9,0.166,Ivan Kharchenkov
2025-26,6.4,28.0,3.4,24.0,8.8,big-12,3.3,26.8,198.0,2.0,0.609,193.0,0.596,115.0,0.679,131.0,0.656,86.0,34.0,3.0,,728.0,5.4,20.6,125.0,2.5,95.0,24.4,tobe-awaka-1,321.0,346.0,Forward,1.0,13.0,ARIZONA,0.052,10.0,0.5,5.0,24.0,323.0,0.629,12.4,36.0,183.0,0.601,110.0,19.1,,4.5,0.246,Tobe Awaka
2025-26,14.7,67.0,0.8,6.0,6.9,big-12,4.3,8.9,67.0,1.5,0.5,257.0,0.412,106.0,0.23,59.0,0.814,48.0,34.0,0.0,,740.0,2.6,0.8,5.0,1.1,41.0,13.8,anthony-dellorso-1,305.0,284.0,Guard,2.3,30.0,ARIZONA,0.533,137.0,0.328,45.0,5.3,72.0,0.535,12.6,41.0,120.0,0.508,61.0,21.0,,2.6,0.139,Anthony Dell'Orso
2025-26,8.4,24.0,0.5,2.0,7.7,big-12,4.3,8.0,35.0,0.8,0.633,90.0,0.478,43.0,0.189,17.0,0.588,10.0,30.0,0.0,,431.0,3.4,5.3,19.0,0.8,27.0,13.2,dwayne-aristode-1,124.0,119.0,Guard,2.1,16.0,ARIZONA,0.7,63.0,0.444,28.0,6.8,54.0,0.632,11.7,13.0,27.0,0.556,15.0,12.3,,1.7,0.154,Dwayne Aristode
2025-26,9.7,5.0,7.5,6.0,8.2,big-12,6.8,15.6,13.0,0.2,0.688,16.0,0.688,11.0,0.688,11.0,0.636,7.0,24.0,0.0,,82.0,1.4,5.8,4.0,0.2,11.0,17.8,sidi-gueye-1,29.0,28.0,Forward,1.4,2.0,ARIZONA,0.0,0.0,,0.0,11.2,17.0,0.683,19.1,5.0,16.0,0.688,11.0,15.3,,0.4,0.177,Sidi Gueye
2025-26,12.5,7.0,1.3,1.0,3.6,big-12,4.5,12.3,10.0,0.2,0.583,12.0,0.417,5.0,0.0,0.0,,0.0,22.0,0.0,,80.0,-0.9,1.5,1.0,0.0,3.0,7.2,evan-nelson-1,14.0,15.0,Guard,2.1,3.0,ARIZONA,0.75,9.0,0.444,4.0,7.4,11.0,0.583,36.8,7.0,3.0,0.333,1.0,11.3,,0.1,0.073,Evan Nelson
2025-26,22.1,4.0,0.0,0.0,6.8,big-12,5.1,6.8,2.0,0.1,0.667,6.0,0.667,4.0,0.833,5.0,0.4,2.0,17.0,0.0,,29.0,1.7,4.1,1.0,0.1,3.0,16.2,sven-djopmo-1,10.0,11.0,Guard,1.9,1.0,ARIZONA,0.333,2.0,0.0,0.0,5.6,3.0,0.597,10.7,1.0,4.0,1.0,4.0,15.4,,0.1,0.17,Sven Djopmo
2025-26,14.4,4.0,2.6,1.0,-5.6,big-12,2.3,15.2,6.0,0.1,0.182,11.0,0.182,2.0,0.182,2.0,1.0,2.0,18.0,0.0,,39.0,-7.8,6.1,2.0,-0.1,8.0,0.7,addison-arnold-1,6.0,9.0,Guard,0.0,0.0,ARIZONA,0.182,2.0,0.0,0.0,11.1,8.0,0.251,14.3,2.0,9.0,0.222,2.0,17.1,,0.0,0.023,Addison Arnold
2025-26,0.0,0.0,0.0,0.0,-6.7,big-12,2.3,16.4,2.0,0.0,1.0,2.0,1.0,2.0,0.0,0.0,,0.0,8.0,0.0,,12.0,-9.0,20.0,2.0,0.0,5.0,8.2,jackson-francois-1,4.0,4.0,Guard,0.0,0.0,ARIZONA,0.0,0.0,,0.0,18.0,4.0,1.0,50.0,2.0,2.0,1.0,2.0,15.9,,0.0,0.081,Jackson Francois
2025-26,0.0,0.0,0.0,0.0,-12.2,big-12,-0.7,9.0,1.0,0.0,0.0,2.0,0.0,0.0,0.5,1.0,0.0,0.0,8.0,0.0,,11.0,-11.5,0.0,0.0,0.0,1.0,-9.2,jackson-cook-1,0.0,0.0,Guard,0.0,0.0,ARIZONA,1.0,2.0,0.0,0.0,4.9,1.0,0.0,0.0,0.0,0.0,,0.0,10.7,,0.0,-0.08,Jackson Cook
2025-26,18.3,109.0,5.0,45.0,16.8,big-ten,7.4,16.5,165.0,2.5,0.586,308.0,0.506,156.0,0.451,139.0,0.82,114.0,33.0,32.0,,992.0,9.4,8.7,67.0,4.0,53.0,25.2,yaxel-lendeborg-1,475.0,491.0,Forward,2.3,41.0,MICHIGAN,0.464,143.0,0.343,49.0,13.2,232.0,0.635,9.0,37.0,165.0,0.648,107.0,20.0,,6.5,0.262,Yaxel Lendeborg
2025-26,8.5,39.0,5.0,38.0,12.4,big-ten,5.8,19.2,160.0,2.1,0.65,264.0,0.629,166.0,0.462,122.0,0.787,96.0,33.0,33.0,,828.0,6.6,12.7,81.0,3.1,76.0,25.8,morez-johnson-jr-1,439.0,410.0,Forward,1.7,25.0,MICHIGAN,0.106,28.0,0.393,11.0,16.4,241.0,0.682,11.8,43.0,236.0,0.657,155.0,21.3,,5.2,0.252,Morez Johnson Jr.
2025-26,18.4,77.0,12.6,87.0,14.0,big-ten,8.6,21.3,162.0,2.1,0.674,233.0,0.67,156.0,0.541,126.0,0.54,68.0,33.0,32.0,,758.0,5.4,11.4,67.0,2.1,76.0,25.9,aday-mara-2,382.0,381.0,Center,0.8,11.0,MICHIGAN,0.034,8.0,0.25,2.0,17.0,229.0,0.652,18.2,65.0,225.0,0.684,154.0,22.8,,4.2,0.223,Aday Mara
2025-26,33.0,179.0,0.5,4.0,6.8,big-ten,3.5,8.9,77.0,1.6,0.525,255.0,0.424,108.0,0.373,95.0,0.716,68.0,33.0,33.0,,859.0,3.3,1.4,9.0,1.6,70.0,14.5,elliot-cadeau-1,336.0,394.0,Guard,1.6,24.0,MICHIGAN,0.537,137.0,0.38,52.0,5.6,86.0,0.56,21.0,80.0,118.0,0.475,56.0,21.4,,3.2,0.151,Elliot Cadeau
2025-26,6.4,28.0,0.2,1.0,7.6,big-ten,3.8,10.0,71.0,1.3,0.578,223.0,0.453,101.0,0.3,67.0,0.91,61.0,33.0,0.0,,708.0,3.9,2.2,12.0,1.7,43.0,14.9,trey-mckenney-1,319.0,271.0,Guard,1.1,14.0,MICHIGAN,0.659,147.0,0.381,56.0,6.6,83.0,0.626,10.2,29.0,76.0,0.592,45.0,19.4,,2.9,0.166,Trey McKenney
2025-26,10.1,39.0,0.3,2.0,7.7,big-ten,4.2,9.7,62.0,1.2,0.573,206.0,0.451,93.0,0.199,41.0,0.805,33.0,33.0,33.0,,633.0,3.5,3.3,16.0,1.5,48.0,15.1,nimari-burnett-1,269.0,240.0,Guard,1.5,17.0,MICHIGAN,0.646,133.0,0.376,50.0,6.9,78.0,0.597,8.5,21.0,73.0,0.589,43.0,18.8,,2.7,0.168,Nimari Burnett
2025-26,21.0,66.0,0.0,0.0,8.6,big-ten,5.0,8.8,46.0,1.1,0.606,161.0,0.503,81.0,0.342,55.0,0.709,39.0,28.0,0.0,,521.0,3.6,1.5,6.0,0.9,24.0,16.5,lj-cason-1,234.0,227.0,Guard,2.8,26.0,MICHIGAN,0.509,82.0,0.402,33.0,5.6,52.0,0.625,20.4,48.0,79.0,0.608,48.0,21.8,,2.0,0.155,L.J. Cason
2025-26,10.7,45.0,2.1,13.0,6.4,big-ten,5.5,12.0,80.0,1.5,0.492,178.0,0.455,81.0,0.399,71.0,0.775,55.0,32.0,1.0,,662.0,1.0,5.3,27.0,0.7,50.0,13.1,roddy-gayle-jr-1,230.0,232.0,Guard,2.2,26.0,MICHIGAN,0.281,50.0,0.26,13.0,9.1,107.0,0.543,17.2,44.0,128.0,0.531,68.0,18.7,,2.2,0.131,Roddy Gayle Jr.
2025-26,6.4,20.0,0.7,3.0,6.1,big-ten,3.7,9.5,44.0,0.8,0.548,94.0,0.404,38.0,0.33,31.0,0.903,28.0,33.0,1.0,,460.0,2.4,4.5,16.0,0.9,41.0,10.5,will-tschetter-1,131.0,126.0,Forward,0.4,3.0,MICHIGAN,0.766,72.0,0.375,27.0,7.3,60.0,0.602,8.4,10.0,22.0,0.5,11.0,12.5,,1.7,0.145,Will Tschetter
2025-26,5.9,2.0,0.0,0.0,1.1,big-ten,3.8,18.4,10.0,0.1,0.5,20.0,0.35,7.0,0.35,7.0,0.857,6.0,9.0,0.0,,54.0,-2.6,0.0,0.0,0.0,7.0,10.2,winters-grady-1,26.0,22.0,Guard,2.1,2.0,MICHIGAN,0.95,19.0,0.316,6.0,10.4,10.0,0.557,20.5,6.0,1.0,1.0,1.0,26.2,,0.1,0.102,Winters Grady
2025-26,11.9,6.0,1.4,1.0,-1.3,big-ten,2.8,15.5,12.0,0.1,0.381,21.0,0.381,8.0,0.095,2.0,0.5,1.0,12.0,0.0,,77.0,-4.1,10.1,6.0,0.0,12.0,6.7,oscar-goodman-1,17.0,22.0,Forward,0.0,0.0,MICHIGAN,0.286,6.0,0.0,0.0,13.1,18.0,0.387,12.0,3.0,15.0,0.533,8.0,15.6,,0.2,0.087,Oscar Goodman
2025-26,5.8,2.0,6.0,3.0,2.9,big-ten,4.4,25.3,14.0,0.2,0.538,13.0,0.538,7.0,0.385,5.0,0.2,1.0,11.0,0.0,,55.0,-1.5,14.1,6.0,0.1,10.0,14.0,malick-kordel-1,15.0,17.0,Center,1.0,1.0,MICHIGAN,0.077,1.0,0.0,0.0,20.5,20.0,0.488,11.5,2.0,12.0,0.583,7.0,15.3,,0.2,0.149,Malick Kordel
2025-26,11.3,1.0,0.0,0.0,-3.8,big-ten,3.0,0.0,0.0,0.0,0.5,3.0,0.333,1.0,0.667,2.0,0.5,1.0,4.0,0.0,,13.0,-6.7,10.0,1.0,0.0,3.0,4.3,charlie-may-1,4.0,5.0,Guard,4.3,1.0,MICHIGAN,0.667,2.0,0.5,1.0,4.3,1.0,0.506,33.6,2.0,1.0,0.0,0.0,22.1,,0.0,0.037,Charlie May
2025-26,0.0,0.0,0.0,0.0,2.8,big-ten,5.8,0.0,0.0,0.0,0.5,3.0,0.333,1.0,0.667,2.0,0.0,0.0,5.0,0.0,,7.0,-2.9,0.0,0.0,0.0,0.0,10.3,howard-eisley-jr-1,3.0,2.0,Guard,8.0,1.0,MICHIGAN,1.0,3.0,0.333,1.0,0.0,0.0,0.38,0.0,0.0,0.0,,0.0,27.3,,0.0,0.045,Howard Eisley Jr.
2025-26,9.9,64.0,2.9,32.0,11.0,sec,4.5,12.3,128.0,2.1,0.534,380.0,0.461,175.0,0.484,184.0,0.766,141.0,32.0,32.0,,1071.0,6.5,7.1,71.0,3.4,76.0,20.6,thomas-haugh-1,547.0,511.0,Forward,1.8,34.0,FLORIDA,0.445,169.0,0.331,56.0,9.7,199.0,0.585,9.3,48.0,211.0,0.564,119.0,21.8,,5.5,0.205,Thomas Haugh
2025-26,19.2,111.0,4.5,45.0,10.3,sec,5.4,17.8,170.0,2.1,0.562,321.0,0.548,176.0,0.567,182.0,0.648,118.0,32.0,32.0,,978.0,5.0,8.3,76.0,2.5,90.0,21.3,alex-condon-1,479.0,487.0,Forward,1.2,21.0,FLORIDA,0.165,53.0,0.17,9.0,13.2,246.0,0.588,16.4,80.0,268.0,0.623,167.0,22.6,,4.5,0.185,Alex Condon
2025-26,18.1,113.0,0.3,3.0,6.9,sec,5.2,5.9,57.0,1.8,0.479,317.0,0.435,138.0,0.344,109.0,0.725,79.0,33.0,33.0,,989.0,1.6,2.8,26.0,1.8,68.0,14.9,boogie-fland-1,383.0,389.0,Guard,3.2,58.0,FLORIDA,0.379,120.0,0.233,28.0,4.4,83.0,0.519,12.1,51.0,197.0,0.558,110.0,19.2,,3.7,0.148,Boogie Fland
2025-26,24.6,139.0,0.4,4.0,7.8,sec,4.8,12.7,112.0,1.8,0.494,319.0,0.414,132.0,0.26,83.0,0.771,64.0,33.0,33.0,,906.0,3.1,1.5,13.0,1.9,60.0,16.0,xaivian-lee-1,379.0,392.0,Guard,2.4,40.0,FLORIDA,0.567,181.0,0.282,51.0,7.2,125.0,0.529,14.1,59.0,138.0,0.587,81.0,20.9,,3.6,0.16,Xaivian Lee
2025-26,4.5,22.0,4.3,36.0,9.0,sec,4.0,30.4,243.0,2.2,0.583,247.0,0.583,144.0,0.47,116.0,0.69,80.0,33.0,33.0,,820.0,4.9,17.8,136.0,2.3,96.0,24.5,rueben-chinyelu-1,368.0,370.0,Center,1.7,25.0,FLORIDA,0.008,2.0,0.0,0.0,24.2,379.0,0.609,14.0,49.0,245.0,0.588,144.0,19.4,,4.4,0.217,Rueben Chinyelu
2025-26,9.3,40.0,0.3,2.0,7.8,sec,3.0,6.0,40.0,1.0,0.588,226.0,0.438,99.0,0.257,58.0,0.914,53.0,33.0,0.0,,689.0,4.8,1.6,10.0,2.0,51.0,14.8,urban-klavzar-1,319.0,273.0,Guard,1.0,12.0,FLORIDA,0.748,169.0,0.402,68.0,3.8,50.0,0.629,10.3,29.0,57.0,0.544,31.0,18.6,,2.9,0.17,Urban Klavzar
2025-26,8.4,20.0,2.5,10.0,7.2,sec,4.2,12.9,49.0,0.7,0.523,133.0,0.459,61.0,0.323,43.0,0.744,32.0,31.0,0.0,,389.0,3.0,7.7,28.0,1.0,48.0,17.1,isaiah-brown-2,171.0,160.0,Guard,1.6,11.0,FLORIDA,0.383,51.0,0.333,17.0,10.4,77.0,0.557,8.4,14.0,82.0,0.537,44.0,19.5,,1.7,0.178,Isaiah Brown
2025-26,7.2,22.0,6.2,30.0,8.6,sec,4.8,19.8,92.0,1.2,0.638,94.0,0.638,60.0,0.287,27.0,0.37,10.0,32.0,2.0,,476.0,3.7,21.6,96.0,1.1,65.0,20.8,micah-handlogten-1,130.0,160.0,Center,1.9,16.0,FLORIDA,0.011,1.0,0.0,0.0,20.7,188.0,0.608,17.1,22.0,93.0,0.645,60.0,12.3,,2.2,0.186,Micah Handlogten
2025-26,13.1,9.0,1.9,2.0,3.9,sec,2.6,6.8,7.0,0.2,0.516,32.0,0.406,13.0,0.313,10.0,0.5,5.0,20.0,0.0,,106.0,1.3,9.1,9.0,0.1,12.0,11.4,cj-ingram-ii-1,38.0,40.0,Guard,1.0,2.0,FLORIDA,0.469,15.0,0.467,7.0,7.9,16.0,0.517,17.9,8.0,17.0,0.353,6.0,19.1,,0.3,0.109,CJ Ingram II
2025-26,19.7,5.0,2.3,1.0,-7.4,sec,-0.2,12.2,5.0,0.1,0.395,19.0,0.368,7.0,0.579,11.0,0.455,5.0,16.0,0.0,,42.0,-7.3,20.4,8.0,0.0,9.0,10.3,viktor-mikic-1,20.0,24.0,Center,0.0,0.0,FLORIDA,0.105,2.0,0.5,1.0,16.2,13.0,0.413,19.9,6.0,17.0,0.353,6.0,32.6,,0.0,0.047,Viktor Mikic
2025-26,6.1,3.0,1.3,1.0,-5.7,sec,1.6,15.5,11.0,0.1,0.375,24.0,0.292,7.0,0.208,5.0,0.2,1.0,16.0,0.0,,73.0,-7.3,1.5,1.0,-0.1,8.0,0.8,alex-lloyd-1,19.0,18.0,Guard,0.8,1.0,FLORIDA,0.75,18.0,0.222,4.0,8.6,12.0,0.36,18.5,6.0,6.0,0.5,3.0,20.1,,0.0,-0.001,Alex Lloyd
2025-26,0.0,0.0,0.0,0.0,-1.0,sec,2.4,22.0,3.0,0.0,0.667,3.0,0.667,2.0,0.667,2.0,0.5,1.0,10.0,0.0,,14.0,-3.4,7.7,1.0,0.0,2.0,11.5,olivier-rioux-1,5.0,4.0,Center,0.0,0.0,FLORIDA,0.0,0.0,,0.0,15.0,4.0,0.633,20.2,1.0,3.0,0.667,2.0,16.0,,0.0,0.106,Olivier Rioux
2025-26,0.0,0.0,0.0,0.0,31.9,sec,10.6,100.0,2.0,0.0,0.75,2.0,0.5,1.0,0.0,0.0,,0.0,2.0,0.0,,2.0,21.4,0.0,0.0,0.0,0.0,65.2,cooper-josefsberg-1,3.0,2.0,Guard,0.0,0.0,FLORIDA,0.5,1.0,1.0,1.0,52.4,2.0,0.75,0.0,0.0,1.0,0.0,0.0,45.3,,0.0,0.503,Cooper Josefsberg
2025-26,3.1,1.0,2.3,1.0,-2.0,sec,2.8,7.2,3.0,0.1,0.188,8.0,0.125,1.0,0.0,0.0,,0.0,14.0,0.0,,43.0,-4.8,2.5,1.0,-0.1,1.0,0.2,alex-kovatchev-1,3.0,4.0,Guard,1.3,1.0,FLORIDA,0.875,7.0,0.143,1.0,4.9,4.0,0.188,11.1,1.0,1.0,0.0,0.0,9.5,,0.0,0.012,Alex Kovatchev
2025-26,9.8,52.0,1.0,8.0,4.4,big-east,1.3,9.8,82.0,1.5,0.496,359.0,0.401,144.0,0.295,106.0,0.849,90.0,33.0,33.0,,961.0,3.1,3.5,27.0,1.9,59.0,14.8,solomon-ball-2,446.0,397.0,Guard,0.9,14.0,CONNECTICUT,0.618,222.0,0.306,68.0,6.8,109.0,0.545,8.9,40.0,137.0,0.555,76.0,24.1,,3.5,0.145,Solomon Ball
2025-26,12.0,78.0,2.7,27.0,8.2,big-east,3.4,12.0,119.0,2.2,0.567,329.0,0.474,156.0,0.207,68.0,0.838,57.0,34.0,34.0,,1147.0,4.8,6.4,59.0,2.8,70.0,17.4,alex-karaban-1,430.0,408.0,Forward,1.5,28.0,CONNECTICUT,0.48,158.0,0.386,61.0,9.3,178.0,0.595,9.1,36.0,171.0,0.556,95.0,17.9,,5.0,0.175,Alex Karaban
2025-26,18.6,68.0,9.2,60.0,12.0,big-east,6.4,23.4,154.0,2.1,0.625,267.0,0.625,167.0,0.427,114.0,0.561,64.0,29.0,29.0,,758.0,5.6,13.2,81.0,2.2,87.0,28.0,tarris-reed-jr-1,398.0,383.0,Forward,2.2,27.0,CONNECTICUT,0.011,3.0,0.0,0.0,18.5,235.0,0.62,14.6,55.0,264.0,0.633,167.0,25.6,,4.4,0.23,Tarris Reed Jr.
2025-26,36.6,211.0,0.9,8.0,9.2,big-east,5.2,14.1,121.0,2.3,0.524,254.0,0.461,117.0,0.508,129.0,0.806,104.0,34.0,34.0,,988.0,4.1,4.1,33.0,2.7,87.0,20.4,silas-demary-jr-2,370.0,450.0,Guard,3.4,56.0,CONNECTICUT,0.303,77.0,0.416,32.0,9.3,154.0,0.587,20.4,81.0,177.0,0.48,85.0,20.7,,4.9,0.2,Silas Demary Jr.
2025-26,9.2,37.0,3.0,19.0,7.2,big-east,3.8,11.2,72.0,1.5,0.543,276.0,0.435,120.0,0.098,27.0,0.852,23.0,27.0,23.0,,741.0,3.4,3.8,23.0,1.2,76.0,15.8,braylon-mullins-1,323.0,275.0,Guard,2.3,28.0,CONNECTICUT,0.63,174.0,0.345,60.0,7.7,95.0,0.559,9.7,31.0,102.0,0.588,60.0,22.2,,2.8,0.149,Braylon Mullins
2025-26,6.6,17.0,6.4,28.0,7.3,big-east,4.2,18.8,83.0,1.2,0.673,153.0,0.66,101.0,0.301,46.0,0.543,25.0,34.0,5.0,,510.0,3.2,10.9,45.0,1.4,75.0,22.4,eric-reibe-1,231.0,197.0,Center,1.2,10.0,CONNECTICUT,0.085,13.0,0.308,4.0,15.0,128.0,0.661,10.3,20.0,140.0,0.693,97.0,19.7,,2.6,0.202,Eric Reibe
2025-26,8.0,26.0,3.0,14.0,6.8,big-east,4.7,10.9,51.0,1.1,0.618,106.0,0.519,55.0,0.255,27.0,0.704,19.0,32.0,0.0,,541.0,2.0,5.7,25.0,0.8,51.0,14.0,jayden-ross-2,150.0,141.0,Forward,2.6,23.0,CONNECTICUT,0.538,57.0,0.368,21.0,8.4,76.0,0.631,15.6,22.0,49.0,0.694,34.0,13.4,,2.0,0.145,Jayden Ross
2025-26,11.0,33.0,2.1,9.0,4.1,big-east,3.9,13.7,59.0,1.0,0.529,105.0,0.448,47.0,0.238,25.0,0.6,15.0,28.0,12.0,,496.0,0.2,4.5,18.0,0.4,46.0,11.0,jaylin-stewart-3,126.0,127.0,Forward,1.8,15.0,CONNECTICUT,0.467,49.0,0.347,17.0,9.3,77.0,0.539,16.4,23.0,56.0,0.536,30.0,14.5,,1.4,0.115,Jaylin Stewart
2025-26,28.9,92.0,0.9,4.0,4.2,big-east,3.7,8.4,37.0,1.0,0.449,108.0,0.361,39.0,0.398,43.0,0.535,23.0,34.0,0.0,,509.0,0.5,3.7,15.0,0.5,39.0,11.7,malachi-smith-2,120.0,162.0,Guard,2.6,22.0,CONNECTICUT,0.37,40.0,0.475,19.0,6.1,52.0,0.467,20.4,33.0,68.0,0.294,20.0,16.3,,1.5,0.114,Malachi Smith
2025-26,5.4,3.0,1.3,1.0,2.5,big-east,5.4,10.0,8.0,0.2,0.563,16.0,0.563,9.0,0.688,11.0,0.545,6.0,16.0,0.0,,92.0,-2.9,9.4,7.0,0.1,17.0,12.5,dwayne-koroma-1,24.0,25.0,Forward,4.6,7.0,CONNECTICUT,0.0,0.0,,0.0,9.7,15.0,0.565,19.1,5.0,16.0,0.563,9.0,14.7,,0.3,0.132,Dwayne Koroma
2025-26,20.5,7.0,0.0,0.0,1.8,big-east,3.7,2.2,1.0,0.1,0.35,10.0,0.3,3.0,0.2,2.0,1.0,2.0,16.0,0.0,,53.0,-1.8,7.0,3.0,0.0,4.0,8.9,alec-millender-1,9.0,13.0,Guard,3.4,3.0,CONNECTICUT,0.7,7.0,0.143,1.0,4.5,4.0,0.411,21.5,3.0,3.0,0.667,2.0,13.6,,0.1,0.09,Alec Millender
2025-26,0.0,0.0,0.0,0.0,-4.9,big-east,1.7,3.3,1.0,0.1,0.429,7.0,0.429,3.0,0.0,0.0,,0.0,13.0,0.0,,35.0,-6.6,0.0,0.0,-0.1,1.0,1.1,jacob-furphy-1,6.0,5.0,Guard,1.7,1.0,CONNECTICUT,0.286,2.0,0.0,0.0,1.7,1.0,0.429,22.2,2.0,5.0,0.6,3.0,13.3,,0.0,-0.002,Jacob Furphy
2025-26,11.3,1.0,0.0,0.0,-0.1,big-east,2.0,8.2,1.0,0.0,0.5,2.0,0.5,1.0,0.0,0.0,,0.0,13.0,0.0,,14.0,-2.1,0.0,0.0,0.0,0.0,7.4,uros-paunovic-1,2.0,2.0,Guard,0.0,0.0,CONNECTICUT,0.5,1.0,0.0,0.0,4.3,1.0,0.5,0.0,0.0,1.0,1.0,1.0,7.4,,0.0,0.095,UroÅ¡ PaunoviÄ
2025-26,0.0,0.0,29.1,1.0,-12.3,big-east,-2.5,57.6,2.0,0.0,0.0,2.0,0.0,0.0,0.0,0.0,,0.0,4.0,0.0,,4.0,-9.8,31.0,1.0,0.0,0.0,8.7,rrezon-elezaj-1,0.0,1.0,Center,0.0,0.0,CONNECTICUT,0.5,1.0,0.0,0.0,44.8,3.0,0.0,0.0,0.0,1.0,0.0,0.0,25.8,,0.0,-0.051,Rrezon Elezaj
2025-26,43.9,306.0,0.8,7.0,10.2,big-ten,3.2,10.6,101.0,1.6,0.52,378.0,0.444,168.0,0.27,102.0,0.814,83.0,34.0,34.0,,1164.0,7.0,2.2,20.0,3.6,56.0,21.1,braden-smith-1,476.0,596.0,Guard,3.1,59.0,PURDUE,0.405,153.0,0.373,57.0,6.5,121.0,0.558,18.7,98.0,225.0,0.493,111.0,23.5,,5.3,0.181,Braden Smith
2025-26,11.4,67.0,0.3,2.0,8.9,big-ten,2.2,9.0,72.0,1.0,0.585,324.0,0.438,142.0,0.321,104.0,0.875,91.0,34.0,34.0,,983.0,6.7,0.8,6.0,3.1,36.0,18.2,fletcher-loyer-1,470.0,400.0,Guard,1.6,26.0,PURDUE,0.707,229.0,0.415,95.0,5.0,78.0,0.629,8.1,33.0,95.0,0.495,47.0,21.5,,4.0,0.165,Fletcher Loyer
2025-26,17.7,85.0,1.0,7.0,8.5,big-ten,2.4,24.6,180.0,1.2,0.578,320.0,0.575,184.0,0.3,96.0,0.625,60.0,32.0,32.0,,894.0,6.1,14.0,97.0,3.0,72.0,23.4,trey-kaufman-renn-1,430.0,440.0,Forward,0.8,12.0,PURDUE,0.041,13.0,0.154,2.0,19.5,277.0,0.588,11.4,47.0,307.0,0.593,182.0,24.1,,4.2,0.188,Trey Kaufman-Renn
2025-26,12.3,57.0,4.3,27.0,11.1,big-ten,3.3,20.7,138.0,1.2,0.701,204.0,0.701,143.0,0.456,93.0,0.699,65.0,34.0,34.0,,818.0,7.8,18.1,115.0,3.7,91.0,26.6,oscar-cluff-1,351.0,364.0,Forward,1.0,14.0,PURDUE,0.0,0.0,,0.0,19.4,253.0,0.707,9.2,25.0,204.0,0.701,143.0,17.4,,4.9,0.24,Oscar Cluff
2025-26,8.8,45.0,0.3,2.0,7.1,big-ten,2.4,9.5,64.0,0.8,0.561,231.0,0.442,102.0,0.143,33.0,0.848,28.0,34.0,34.0,,826.0,4.6,3.6,23.0,2.0,46.0,14.4,cj-cox-1,287.0,256.0,Guard,1.4,19.0,PURDUE,0.645,149.0,0.369,55.0,6.6,87.0,0.582,3.9,10.0,82.0,0.573,47.0,16.2,,2.8,0.135,C.J. Cox
2025-26,4.4,12.0,12.0,44.0,6.8,big-ten,4.2,18.6,72.0,0.8,0.657,124.0,0.645,80.0,0.589,73.0,0.644,47.0,34.0,0.0,,473.0,2.6,11.2,41.0,1.4,71.0,22.4,daniel-jacobsen-1,210.0,186.0,Center,0.4,3.0,PURDUE,0.065,8.0,0.375,3.0,15.0,113.0,0.662,11.2,20.0,116.0,0.664,77.0,19.7,,2.2,0.185,Daniel Jacobsen
2025-26,14.2,42.0,0.0,0.0,2.5,big-ten,1.4,8.4,34.0,0.5,0.532,173.0,0.422,73.0,0.121,21.0,0.714,15.0,34.0,0.0,,497.0,1.1,0.5,2.0,0.5,32.0,11.4,omer-mayer-1,199.0,176.0,Guard,1.7,14.0,PURDUE,0.59,102.0,0.373,38.0,4.6,36.0,0.544,15.3,33.0,71.0,0.493,35.0,22.6,,0.9,0.076,Omer Mayer
2025-26,8.5,30.0,0.2,1.0,7.0,big-ten,4.7,10.1,45.0,0.8,0.515,130.0,0.4,52.0,0.262,34.0,0.853,29.0,34.0,0.0,,543.0,2.3,2.4,10.0,1.0,32.0,13.8,gicarri-harris-1,163.0,151.0,Guard,3.3,29.0,PURDUE,0.646,84.0,0.357,30.0,6.4,55.0,0.558,6.4,10.0,46.0,0.478,22.0,15.0,,1.8,0.131,Gicarri Harris
2025-26,8.5,26.0,0.5,2.0,6.3,big-ten,2.7,15.9,63.0,0.6,0.635,115.0,0.487,56.0,0.165,19.0,0.526,10.0,33.0,2.0,,485.0,3.6,7.4,28.0,1.0,50.0,14.7,jack-benter-1,156.0,146.0,Guard,1.6,13.0,PURDUE,0.722,83.0,0.41,34.0,11.8,91.0,0.629,12.1,17.0,32.0,0.688,22.0,15.2,,1.6,0.134,Jack Benter
2025-26,5.5,3.0,0.0,0.0,2.0,big-ten,1.1,13.0,9.0,0.1,0.481,26.0,0.346,9.0,0.0,0.0,,0.0,11.0,0.0,,85.0,0.9,3.0,2.0,0.1,6.0,9.4,liam-murphy-2,25.0,22.0,Forward,0.7,1.0,PURDUE,0.846,22.0,0.318,7.0,8.1,11.0,0.481,0.0,0.0,4.0,0.5,2.0,15.9,,0.2,0.093,Liam Murphy
2025-26,24.8,3.0,0.0,0.0,-8.6,big-ten,-2.0,0.0,0.0,0.0,0.5,10.0,0.5,5.0,0.2,2.0,0.5,1.0,9.0,0.0,,23.0,-6.6,0.0,0.0,0.0,4.0,8.3,aaron-fine-1,11.0,10.0,Guard,0.0,0.0,PURDUE,0.0,0.0,,0.0,0.0,0.0,0.502,15.4,2.0,10.0,0.5,5.0,29.3,,0.0,0.033,Aaron Fine
2025-26,0.0,0.0,0.0,0.0,-4.8,big-ten,2.5,19.3,3.0,0.0,,0.0,,0.0,,0.0,,0.0,9.0,0.0,,19.0,-7.3,0.0,0.0,0.0,3.0,-3.1,jack-lusk-1,0.0,0.0,Guard,0.0,0.0,PURDUE,,0.0,,0.0,9.9,3.0,,100.0,1.0,0.0,,0.0,2.7,,0.0,-0.016,Jack Lusk
2025-26,0.0,0.0,0.0,0.0,-10.0,big-ten,-0.6,0.0,0.0,0.0,0.0,2.0,0.0,0.0,0.0,0.0,,0.0,8.0,0.0,,15.0,-9.4,0.0,0.0,0.0,2.0,-8.1,jace-rayl-1,0.0,0.0,Guard,0.0,0.0,PURDUE,0.0,0.0,,0.0,0.0,0.0,0.0,0.0,0.0,2.0,0.0,0.0,6.9,,0.0,-0.071,Jace Rayl
2025-26,5.7,32.0,0.9,7.0,11.7,big-12,2.9,11.7,99.0,2.0,0.679,379.0,0.512,194.0,0.198,75.0,0.88,66.0,34.0,34.0,,1024.0,8.8,0.8,7.0,3.8,55.0,21.8,milan-momcilovic-2,581.0,445.0,Forward,1.5,27.0,IOWA-STATE,0.675,256.0,0.496,127.0,6.2,106.0,0.701,6.3,28.0,123.0,0.545,67.0,21.6,,5.8,0.228,Milan Momcilovic
2025-26,27.7,167.0,3.4,29.0,13.0,big-12,6.1,21.6,193.0,3.0,0.516,411.0,0.47,193.0,0.518,213.0,0.7,149.0,34.0,34.0,,1080.0,7.0,7.3,66.0,3.2,82.0,24.6,joshua-jefferson-1,573.0,616.0,Forward,3.1,57.0,IOWA-STATE,0.268,110.0,0.345,38.0,14.4,259.0,0.559,14.8,89.0,301.0,0.515,155.0,27.8,,6.2,0.229,Joshua Jefferson
2025-26,27.5,156.0,0.1,1.0,11.0,big-12,5.7,9.9,80.0,2.4,0.518,332.0,0.461,153.0,0.313,104.0,0.644,67.0,31.0,31.0,,977.0,5.3,5.2,43.0,2.7,56.0,20.8,tamin-lipsey-1,411.0,455.0,Guard,4.1,68.0,IOWA-STATE,0.367,122.0,0.311,38.0,7.6,123.0,0.539,10.6,45.0,210.0,0.548,115.0,21.8,,5.1,0.209,Tamin Lipsey
2025-26,10.5,50.0,5.0,32.0,7.6,big-12,3.9,14.2,96.0,1.9,0.645,197.0,0.645,127.0,0.35,69.0,0.478,33.0,34.0,33.0,,819.0,3.7,14.1,97.0,2.1,81.0,19.8,blake-buchanan-3,287.0,306.0,Forward,1.6,23.0,IOWA-STATE,0.005,1.0,0.0,0.0,14.1,193.0,0.625,13.5,36.0,196.0,0.648,127.0,16.2,,4.0,0.194,Blake Buchanan
2025-26,14.3,74.0,1.1,7.0,4.6,big-12,4.6,10.2,71.0,2.0,0.498,230.0,0.448,103.0,0.278,64.0,0.703,45.0,34.0,34.0,,841.0,0.0,5.4,38.0,0.9,82.0,13.4,killyan-toure-1,274.0,288.0,Guard,3.4,49.0,IOWA-STATE,0.33,76.0,0.303,23.0,7.8,109.0,0.526,17.2,54.0,154.0,0.519,80.0,18.6,,2.8,0.135,Killyan Toure
2025-26,4.6,14.0,0.5,2.0,4.7,big-12,2.8,8.9,38.0,1.1,0.545,190.0,0.411,78.0,0.174,33.0,0.788,26.0,34.0,0.0,,519.0,1.9,0.9,4.0,0.9,46.0,13.8,jamarion-batemon-1,233.0,188.0,Guard,2.3,20.0,IOWA-STATE,0.689,131.0,0.389,51.0,4.9,42.0,0.566,7.2,16.0,59.0,0.458,27.0,21.3,,2.0,0.152,Jamarion Batemon
2025-26,10.0,55.0,0.5,3.0,6.0,big-12,4.5,15.4,105.0,1.8,0.515,137.0,0.431,59.0,0.19,26.0,0.692,18.0,34.0,3.0,,825.0,1.5,4.5,31.0,1.0,49.0,10.9,nate-heise-1,159.0,178.0,Guard,2.1,29.0,IOWA-STATE,0.547,75.0,0.307,23.0,9.9,136.0,0.532,11.8,20.0,62.0,0.581,36.0,10.2,,2.8,0.136,Nate Heise
2025-26,7.6,16.0,2.8,8.0,5.1,big-12,3.5,10.4,31.0,0.8,0.704,81.0,0.704,57.0,0.58,47.0,0.617,29.0,32.0,1.0,,362.0,1.6,13.8,42.0,0.9,53.0,18.4,dominykas-pleta-1,143.0,142.0,Forward,1.9,12.0,IOWA-STATE,0.0,0.0,,0.0,12.1,73.0,0.692,20.7,27.0,81.0,0.704,57.0,18.0,,1.6,0.18,Dominykas Pleta
2025-26,5.7,6.0,2.2,3.0,-0.6,big-12,2.2,10.9,16.0,0.4,0.464,56.0,0.464,26.0,0.821,46.0,0.565,26.0,21.0,0.0,,177.0,-2.8,2.7,4.0,0.0,12.0,12.3,dominick-nelson-1,78.0,70.0,Guard,2.7,8.0,IOWA-STATE,0.107,6.0,0.0,0.0,6.8,20.0,0.501,15.2,14.0,50.0,0.52,26.0,25.9,,0.4,0.092,Dominick Nelson
2025-26,6.3,3.0,0.0,0.0,-0.5,big-12,3.8,31.5,19.0,0.2,0.5,13.0,0.462,6.0,0.692,9.0,0.444,4.0,19.0,0.0,,73.0,-4.2,14.7,9.0,0.0,16.0,13.0,eric-mulder-1,17.0,21.0,Guard,4.0,5.0,IOWA-STATE,0.077,1.0,1.0,1.0,23.0,28.0,0.492,22.4,5.0,12.0,0.417,5.0,15.2,,0.3,0.148,Eric Mulder
2025-26,27.3,13.0,0.0,0.0,7.5,big-12,6.0,5.2,3.0,0.2,0.6,10.0,0.4,4.0,0.8,8.0,0.5,4.0,17.0,0.0,,70.0,1.5,1.7,1.0,0.2,6.0,17.2,cade-kelderman-1,16.0,22.0,Guard,5.0,6.0,IOWA-STATE,1.0,10.0,0.4,4.0,3.4,4.0,0.58,6.8,1.0,0.0,,0.0,10.5,,0.4,0.216,Cade Kelderman
2025-26,0.0,0.0,0.0,0.0,-9.4,big-12,-1.7,6.0,1.0,0.0,0.375,8.0,0.25,2.0,0.25,2.0,0.5,1.0,7.0,0.0,,20.0,-7.7,6.0,1.0,0.0,4.0,3.0,xzavion-mitchell-1,7.0,6.0,Forward,2.9,1.0,IOWA-STATE,0.75,6.0,0.333,2.0,6.0,2.0,0.391,10.1,1.0,2.0,0.0,0.0,24.8,,0.0,0.044,Xzavion Mitchell
2025-26,0.0,0.0,0.0,0.0,-13.7,big-12,0.1,55.8,6.0,0.0,0.25,4.0,0.25,1.0,0.0,0.0,,0.0,10.0,0.0,,13.0,-13.8,0.0,0.0,-0.1,1.0,-0.7,anthony-rise-1,2.0,2.0,Guard,0.0,0.0,IOWA-STATE,0.0,0.0,,0.0,27.7,6.0,0.25,20.0,1.0,4.0,0.25,1.0,19.2,,0.0,-0.029,Anthony Rise
2025-26,33.4,180.0,1.3,11.0,12.7,big-12,5.8,12.5,116.0,2.5,0.521,434.0,0.475,206.0,0.286,124.0,0.839,104.0,34.0,34.0,,1078.0,6.8,1.8,17.0,3.6,66.0,23.8,kingston-flemings-1,556.0,570.0,Guard,3.0,53.0,HOUSTON,0.235,102.0,0.392,40.0,7.1,133.0,0.564,11.3,63.0,332.0,0.5,166.0,26.5,,6.1,0.225,Kingston Flemings
2025-26,11.4,61.0,0.4,3.0,10.4,big-12,4.7,8.3,71.0,2.0,0.517,392.0,0.403,158.0,0.332,130.0,0.892,116.0,34.0,34.0,,1002.0,5.7,3.3,29.0,3.3,101.0,19.7,emanuel-sharp-1,521.0,469.0,Guard,2.6,42.0,HOUSTON,0.612,240.0,0.371,89.0,5.7,100.0,0.574,6.8,33.0,152.0,0.454,69.0,25.0,,5.3,0.21,Emanuel Sharp
2025-26,5.8,26.0,2.5,16.0,7.2,big-12,3.6,24.6,178.0,2.2,0.546,270.0,0.493,133.0,0.178,48.0,0.563,27.0,34.0,33.0,,842.0,3.5,10.2,76.0,1.6,80.0,19.0,chris-cenac-jr-1,322.0,306.0,Center,1.9,26.0,HOUSTON,0.311,84.0,0.345,29.0,17.3,254.0,0.55,9.9,32.0,186.0,0.559,104.0,19.8,,3.8,0.182,Chris Cenac Jr.
2025-26,9.8,42.0,8.2,50.0,10.5,big-12,6.8,11.5,78.0,2.1,0.592,202.0,0.589,119.0,0.342,69.0,0.696,48.0,34.0,33.0,,794.0,3.7,14.8,104.0,2.0,105.0,22.9,joseph-tugler-2,287.0,307.0,Forward,3.6,46.0,HOUSTON,0.005,1.0,1.0,1.0,13.1,182.0,0.611,15.8,44.0,201.0,0.587,118.0,18.0,,4.1,0.208,Joseph Tugler
2025-26,7.0,14.0,2.1,6.0,10.1,big-12,5.9,12.8,41.0,0.9,0.559,118.0,0.5,59.0,0.305,36.0,0.75,27.0,33.0,0.0,,374.0,4.2,6.0,20.0,1.0,36.0,20.4,mercy-miller-1,159.0,143.0,Guard,3.3,20.0,HOUSTON,0.331,39.0,0.359,14.0,9.3,61.0,0.588,6.2,9.0,79.0,0.57,45.0,19.8,,1.9,0.206,Mercy Miller
2025-26,2.2,5.0,3.1,9.0,7.0,big-12,3.6,13.7,45.0,0.9,0.55,101.0,0.406,41.0,0.178,18.0,0.889,16.0,32.0,0.0,,383.0,3.4,9.4,32.0,0.9,41.0,16.2,chase-mccarty-1,127.0,120.0,Forward,1.9,12.0,HOUSTON,0.812,82.0,0.354,29.0,11.5,77.0,0.58,6.0,7.0,19.0,0.632,12.0,15.6,,1.8,0.185,Chase McCarty
2025-26,6.4,17.0,2.4,8.0,3.4,big-12,4.3,12.6,47.0,1.0,0.371,128.0,0.281,36.0,0.242,31.0,0.613,19.0,30.0,0.0,,436.0,-0.9,4.4,17.0,0.1,38.0,9.0,isiah-harwell-1,114.0,113.0,Guard,2.5,18.0,HOUSTON,0.656,84.0,0.274,23.0,8.4,64.0,0.399,6.5,10.0,44.0,0.295,13.0,18.0,,1.1,0.097,Isiah Harwell
2025-26,1.2,3.0,6.1,19.0,5.4,big-12,5.4,13.8,48.0,0.9,0.816,38.0,0.816,31.0,0.684,26.0,0.615,16.0,31.0,1.0,,404.0,-0.1,8.9,32.0,0.6,56.0,12.9,kalifa-sakho-1,78.0,77.0,Forward,1.1,7.0,HOUSTON,0.0,0.0,,0.0,11.3,80.0,0.775,20.5,13.0,38.0,0.816,31.0,8.1,,1.5,0.151,Kalifa Sakho
2025-26,7.0,13.0,0.9,2.0,3.8,big-12,3.2,13.0,33.0,0.6,0.43,57.0,0.351,20.0,0.404,23.0,0.783,18.0,27.0,1.0,,297.0,0.6,8.0,21.0,0.4,23.0,10.7,ramon-walkerjr-1,67.0,75.0,Guard,0.8,4.0,HOUSTON,0.596,34.0,0.265,9.0,10.4,54.0,0.493,9.3,7.0,23.0,0.478,11.0,13.0,,1.0,0.131,Ramon Walker Jr.
2025-26,2.0,1.0,3.3,2.0,1.6,big-12,3.4,7.5,5.0,0.1,0.8,5.0,0.8,4.0,0.4,2.0,1.0,2.0,19.0,0.0,,78.0,-1.8,11.6,8.0,0.2,14.0,9.2,cedric-lath-1,10.0,13.0,Center,0.0,0.0,HOUSTON,0.0,0.0,,0.0,9.5,13.0,0.84,14.4,1.0,5.0,0.8,4.0,4.6,,0.3,0.144,Cedric Lath
2025-26,15.9,1.0,0.0,0.0,-10.5,big-12,1.6,19.4,2.0,0.0,0.4,5.0,0.4,2.0,0.0,0.0,,0.0,3.0,0.0,,12.0,-12.1,0.0,0.0,0.0,3.0,1.9,kordelius-jefferson-1,4.0,4.0,Guard,0.0,0.0,HOUSTON,0.4,2.0,0.0,0.0,9.5,2.0,0.4,16.7,1.0,3.0,0.667,2.0,25.7,,0.0,0.012,Kordelius Jefferson
2025-26,0.0,0.0,0.0,0.0,-2.4,big-12,3.5,25.9,2.0,0.0,0.0,1.0,0.0,0.0,1.0,1.0,0.0,0.0,3.0,0.0,,9.0,-5.9,12.5,1.0,0.0,1.0,6.4,jacob-mcfarland-1,0.0,1.0,Center,6.8,1.0,HOUSTON,0.0,0.0,,0.0,19.1,3.0,0.0,0.0,0.0,1.0,0.0,0.0,8.4,,0.0,0.066,Jacob McFarland
2025-26,52.8,294.0,0.1,1.0,12.5,big-ten,4.5,6.9,62.0,1.6,0.494,330.0,0.445,147.0,0.594,196.0,0.893,175.0,32.0,32.0,,1030.0,8.0,1.7,14.0,4.7,74.0,24.2,jeremy-fears-jr-1,501.0,602.0,Guard,2.4,41.0,MICHIGAN-STATE,0.303,100.0,0.32,32.0,4.4,76.0,0.592,14.5,72.0,230.0,0.5,115.0,24.2,,6.3,0.244,Jeremy Fears Jr.
2025-26,9.3,42.0,3.4,23.0,10.8,big-ten,3.4,24.9,192.0,1.8,0.597,300.0,0.51,153.0,0.18,54.0,0.87,47.0,32.0,32.0,,887.0,7.3,13.3,97.0,2.5,48.0,22.8,jaxon-kohler-1,405.0,374.0,Forward,1.2,18.0,MICHIGAN-STATE,0.44,132.0,0.394,52.0,19.3,289.0,0.622,11.9,44.0,168.0,0.601,101.0,21.0,,4.3,0.196,Jaxon Kohler
2025-26,8.0,40.0,3.4,24.0,5.9,big-ten,3.4,15.1,122.0,1.5,0.539,269.0,0.506,136.0,0.48,129.0,0.62,80.0,32.0,32.0,,929.0,2.5,6.6,50.0,1.5,52.0,15.6,coen-carr-2,370.0,335.0,Forward,0.9,14.0,MICHIGAN-STATE,0.249,67.0,0.269,18.0,11.0,172.0,0.56,11.8,44.0,202.0,0.584,118.0,20.3,,3.0,0.131,Coen Carr
2025-26,9.6,44.0,4.7,30.0,8.9,big-ten,5.1,22.2,163.0,1.7,0.575,208.0,0.572,119.0,0.649,135.0,0.778,105.0,32.0,32.0,,846.0,3.8,9.1,63.0,2.1,65.0,20.3,carson-cooper-1,344.0,328.0,Center,1.4,20.0,MICHIGAN-STATE,0.019,4.0,0.25,1.0,15.8,226.0,0.632,15.0,48.0,204.0,0.578,118.0,19.0,,3.8,0.181,Carson Cooper
2025-26,11.2,33.0,0.5,2.0,4.1,big-ten,1.9,9.8,48.0,0.7,0.502,228.0,0.386,88.0,0.083,19.0,0.842,16.0,32.0,4.0,,561.0,2.2,3.9,18.0,0.8,42.0,12.2,kur-teng-1,245.0,212.0,Guard,1.0,9.0,MICHIGAN-STATE,0.61,139.0,0.381,53.0,7.0,66.0,0.517,9.5,25.0,89.0,0.393,35.0,23.5,,1.5,0.108,Kur Teng
2025-26,9.4,37.0,3.2,16.0,7.2,big-ten,5.0,9.7,56.0,1.2,0.523,149.0,0.409,61.0,0.315,47.0,0.702,33.0,32.0,10.0,,662.0,2.2,7.7,42.0,0.9,70.0,12.6,jordan-scott-3,189.0,190.0,Forward,2.3,25.0,MICHIGAN-STATE,0.631,94.0,0.362,34.0,8.8,98.0,0.552,14.5,29.0,55.0,0.491,27.0,15.2,,2.1,0.126,Jordan Scott
2025-26,3.5,9.0,3.9,14.0,3.3,big-ten,3.8,21.8,89.0,0.9,0.575,113.0,0.575,65.0,0.434,49.0,0.51,25.0,31.0,0.0,,469.0,-0.5,11.7,45.0,0.5,60.0,14.7,cameron-ward-2,155.0,145.0,Forward,1.4,11.0,MICHIGAN-STATE,0.018,2.0,0.0,0.0,16.9,134.0,0.569,17.0,28.0,111.0,0.586,65.0,17.6,,1.4,0.119,Cameron Ward
2025-26,10.3,17.0,2.6,6.0,0.8,big-ten,2.3,11.5,30.0,0.5,0.441,118.0,0.339,40.0,0.093,11.0,0.909,10.0,30.0,6.0,,301.0,-1.5,2.0,5.0,0.0,23.0,8.5,trey-fort-1,114.0,101.0,Guard,1.2,6.0,MICHIGAN-STATE,0.619,73.0,0.329,24.0,6.9,35.0,0.463,12.7,18.0,45.0,0.356,16.0,23.6,,0.5,0.066,Trey Fort
2025-26,17.0,34.0,1.1,3.0,5.5,big-ten,4.5,9.4,29.0,0.5,0.62,83.0,0.506,42.0,0.217,18.0,0.556,10.0,22.0,12.0,,354.0,1.1,1.7,5.0,0.6,36.0,12.8,divine-ugochukwu-1,113.0,105.0,Guard,1.5,9.0,MICHIGAN-STATE,0.518,43.0,0.442,19.0,5.7,34.0,0.617,14.1,15.0,40.0,0.575,23.0,15.1,,1.1,0.13,Divine Ugochukwu
2025-26,5.1,6.0,7.8,12.0,5.1,big-ten,4.4,11.9,21.0,0.4,0.553,47.0,0.468,22.0,0.298,14.0,0.929,13.0,27.0,0.0,,203.0,0.8,9.0,15.0,0.4,27.0,14.4,jesse-mcculloch-1,65.0,61.0,Forward,0.9,3.0,MICHIGAN-STATE,0.362,17.0,0.471,8.0,10.5,36.0,0.606,14.4,9.0,30.0,0.467,14.0,15.5,,0.7,0.143,Jesse McCulloch
2025-26,32.7,34.0,0.0,0.0,-0.9,big-ten,4.0,4.4,6.0,0.3,0.222,18.0,0.222,4.0,0.333,6.0,0.5,3.0,28.0,0.0,,158.0,-4.9,0.8,1.0,-0.1,21.0,3.8,denham-wojcik-1,11.0,29.0,Guard,3.0,8.0,MICHIGAN-STATE,0.222,4.0,0.0,0.0,2.6,7.0,0.264,38.4,13.0,14.0,0.286,4.0,10.8,,0.1,0.03,Denham Wojcik
2025-26,8.1,1.0,0.0,0.0,1.2,big-ten,1.5,5.5,1.0,0.0,0.5,6.0,0.333,2.0,0.0,0.0,,0.0,13.0,0.0,,21.0,-0.3,0.0,0.0,0.0,1.0,7.5,nick-sanders-2,6.0,5.0,Guard,0.0,0.0,MICHIGAN-STATE,0.667,4.0,0.5,2.0,2.8,1.0,0.5,0.0,0.0,2.0,0.0,0.0,14.4,,0.1,0.097,Nick Sanders
2025-26,0.0,0.0,0.0,0.0,-2.1,big-ten,0.8,23.0,3.0,0.0,0.625,4.0,0.5,2.0,0.0,0.0,,0.0,11.0,0.0,,15.0,-2.9,8.1,1.0,0.0,2.0,10.1,brennan-walton-1,5.0,4.0,Forward,0.0,0.0,MICHIGAN-STATE,0.5,2.0,0.5,1.0,15.8,4.0,0.625,20.0,1.0,2.0,0.5,1.0,16.8,,0.0,0.085,Brennan Walton
2025-26,0.0,0.0,0.0,0.0,10.2,big-ten,3.2,16.4,2.0,0.0,1.5,1.0,1.0,1.0,0.0,0.0,,0.0,11.0,0.0,,14.0,7.0,8.7,1.0,0.0,0.0,16.0,colin-walton-1,3.0,2.0,Forward,0.0,0.0,MICHIGAN-STATE,1.0,1.0,1.0,1.0,12.7,3.0,1.5,0.0,0.0,0.0,,0.0,3.6,,0.0,0.141,Colin Walton
2025-26,14.1,70.0,3.5,25.0,11.8,wcc,4.2,21.3,178.0,2.4,0.602,386.0,0.573,221.0,0.352,136.0,0.787,107.0,29.0,28.0,,892.0,7.6,7.9,60.0,3.5,79.0,27.6,graham-ike-1,572.0,521.0,Forward,1.4,22.0,GONZAGA,0.171,66.0,0.348,23.0,14.9,238.0,0.635,9.8,49.0,320.0,0.619,198.0,27.3,,5.9,0.266,Graham Ike
2025-26,8.7,38.0,6.3,36.0,5.9,wcc,3.8,17.1,114.0,2.0,0.509,283.0,0.481,136.0,0.488,138.0,0.601,83.0,33.0,6.0,,711.0,2.1,8.5,52.0,1.2,62.0,20.2,tyon-grant-foster-1,371.0,351.0,Guard,2.0,25.0,GONZAGA,0.219,62.0,0.258,16.0,13.0,166.0,0.532,11.7,46.0,221.0,0.543,120.0,27.0,,3.2,0.178,Tyon Grant-Foster
2025-26,12.1,27.0,2.4,9.0,11.4,wcc,2.7,12.1,52.0,1.0,0.678,219.0,0.662,145.0,0.183,40.0,0.575,23.0,18.0,18.0,,457.0,8.7,12.5,49.0,2.1,45.0,30.4,braden-huff-1,320.0,270.0,Forward,1.0,8.0,GONZAGA,0.096,21.0,0.333,7.0,12.3,101.0,0.672,6.7,17.0,198.0,0.697,138.0,27.2,,3.1,0.27,Braden Huff
2025-26,23.6,120.0,0.7,4.0,8.2,wcc,5.2,11.2,78.0,1.9,0.533,210.0,0.424,89.0,0.333,70.0,0.871,61.0,33.0,15.0,,742.0,3.1,2.2,14.0,1.7,58.0,17.9,mario-saint-supery-1,285.0,308.0,Guard,3.4,45.0,GONZAGA,0.505,106.0,0.434,46.0,6.9,92.0,0.586,16.5,48.0,104.0,0.413,43.0,19.1,,3.6,0.195,Mario Saint-Supery
2025-26,8.3,36.0,0.2,1.0,4.4,wcc,3.2,7.3,45.0,1.4,0.519,215.0,0.428,92.0,0.167,36.0,0.75,27.0,33.0,23.0,,656.0,1.2,1.4,8.0,1.0,34.0,13.0,adam-miller-3,250.0,220.0,Guard,2.1,24.0,GONZAGA,0.591,127.0,0.307,39.0,4.5,53.0,0.539,6.8,17.0,88.0,0.602,53.0,18.5,,2.4,0.147,Adam Miller
2025-26,13.8,38.0,3.6,13.0,10.8,wcc,4.5,12.2,52.0,1.2,0.571,169.0,0.533,90.0,0.355,60.0,0.717,43.0,28.0,1.0,,453.0,6.3,8.5,33.0,1.5,29.0,24.2,davis-fogle-1,236.0,227.0,Guard,2.6,21.0,GONZAGA,0.207,35.0,0.371,13.0,10.5,85.0,0.597,7.9,17.0,134.0,0.575,77.0,23.1,,2.7,0.238,Davis Fogle
2025-26,13.3,60.0,1.5,8.0,8.0,wcc,6.3,14.9,93.0,1.9,0.567,150.0,0.567,85.0,0.42,63.0,0.651,41.0,31.0,15.0,,664.0,1.6,8.3,47.0,1.3,79.0,18.0,jalen-warley-1,211.0,232.0,Guard,3.9,46.0,GONZAGA,0.0,0.0,,0.0,11.7,140.0,0.586,14.3,30.0,150.0,0.567,85.0,15.4,,3.3,0.197,Jalen Warley
2025-26,10.0,55.0,1.4,9.0,6.6,wcc,4.4,10.0,73.0,1.8,0.527,166.0,0.464,77.0,0.187,31.0,0.581,18.0,33.0,27.0,,779.0,2.2,7.5,50.0,1.3,55.0,13.4,emmanuel-innocenti-1,193.0,216.0,Forward,2.3,32.0,GONZAGA,0.452,75.0,0.28,21.0,8.8,123.0,0.534,8.6,17.0,91.0,0.615,56.0,12.4,,3.1,0.161,Emmanuel Innocenti
2025-26,30.8,126.0,0.0,0.0,7.4,wcc,4.8,11.6,64.0,1.5,0.529,137.0,0.467,64.0,0.299,41.0,0.805,33.0,33.0,18.0,,587.0,2.5,2.2,11.0,1.2,33.0,17.4,braeden-smith-1,178.0,225.0,Guard,3.3,34.0,GONZAGA,0.372,51.0,0.333,17.0,7.1,75.0,0.569,19.5,38.0,86.0,0.547,47.0,16.1,,2.7,0.185,Braeden Smith
2025-26,9.9,28.0,0.6,2.0,4.1,wcc,3.5,7.9,30.0,0.9,0.544,114.0,0.386,44.0,0.105,12.0,0.833,10.0,27.0,10.0,,407.0,0.6,1.4,5.0,0.5,34.0,11.3,steele-venters-1,134.0,123.0,Guard,2.4,17.0,GONZAGA,0.86,98.0,0.367,36.0,4.8,35.0,0.56,12.4,17.0,16.0,0.5,8.0,16.4,,1.4,0.14,Steele Venters
2025-26,2.8,4.0,9.6,15.0,1.2,wcc,4.9,26.4,48.0,0.6,0.5,24.0,0.5,12.0,0.625,15.0,0.4,6.0,26.0,3.0,,194.0,-3.7,11.4,19.0,0.0,33.0,11.0,ismaila-diagne-1,30.0,39.0,Center,1.2,4.0,GONZAGA,0.0,0.0,,0.0,19.2,67.0,0.482,24.3,10.0,24.0,0.5,12.0,10.3,,0.6,0.133,Ismaila Diagne
2025-26,3.7,1.0,0.0,0.0,1.1,wcc,2.4,14.2,6.0,0.1,0.643,14.0,0.643,9.0,0.143,2.0,1.0,2.0,10.0,1.0,,45.0,-1.3,13.0,5.0,0.1,9.0,17.1,noah-haaland-1,20.0,18.0,Forward,1.3,1.0,GONZAGA,0.286,4.0,0.0,0.0,13.6,11.0,0.669,16.7,3.0,10.0,0.9,9.0,19.4,,0.2,0.183,Noah Haaland
2025-26,7.5,1.0,0.0,0.0,8.3,wcc,6.0,11.2,2.0,0.0,1.0,3.0,0.667,2.0,0.667,2.0,0.0,0.0,8.0,0.0,,19.0,2.3,6.1,1.0,0.1,3.0,16.8,joaquim-arauzmoore-1,6.0,5.0,Guard,3.0,1.0,GONZAGA,1.0,3.0,0.667,2.0,8.8,3.0,0.759,0.0,0.0,0.0,,0.0,10.1,,0.1,0.208,Joaquim ArauzMoore
2025-26,6.3,1.0,0.0,0.0,-9.4,wcc,1.4,5.1,1.0,0.0,0.5,2.0,0.5,1.0,2.5,5.0,0.2,1.0,8.0,0.0,,21.0,-10.7,0.0,0.0,-0.1,2.0,-4.0,cade-orness-1,3.0,3.0,Guard,2.7,1.0,GONZAGA,0.0,0.0,,0.0,2.7,1.0,0.343,40.7,3.0,2.0,0.5,1.0,17.1,,0.0,-0.075,Cade Orness
2025-26,11.6,53.0,2.0,17.0,7.6,acc,2.3,14.7,129.0,1.7,0.555,370.0,0.508,188.0,0.443,164.0,0.713,117.0,34.0,34.0,,938.0,5.3,10.2,82.0,2.9,81.0,23.1,thijs-de-ridder-1,528.0,490.0,Forward,1.9,29.0,VIRGINIA,0.278,103.0,0.34,35.0,12.6,211.0,0.589,12.0,61.0,267.0,0.573,153.0,27.3,,4.6,0.194,Thijs De Ridder
2025-26,13.6,54.0,0.6,4.0,4.4,acc,1.6,15.0,109.0,1.3,0.503,337.0,0.412,139.0,0.332,112.0,0.75,84.0,34.0,34.0,,778.0,2.8,3.6,24.0,1.6,81.0,16.8,malik-thomas-2,423.0,380.0,Guard,1.3,17.0,VIRGINIA,0.528,178.0,0.343,61.0,9.5,133.0,0.542,11.6,51.0,159.0,0.491,78.0,28.6,,2.9,0.149,Malik Thomas
2025-26,10.5,49.0,1.0,8.0,5.7,acc,2.5,12.0,97.0,1.4,0.568,279.0,0.462,129.0,0.237,66.0,0.742,49.0,34.0,33.0,,864.0,3.1,3.7,27.0,1.7,65.0,15.9,sam-lewis-2,366.0,324.0,Guard,1.8,26.0,VIRGINIA,0.52,145.0,0.407,59.0,8.0,124.0,0.59,12.4,44.0,134.0,0.522,70.0,20.7,,3.1,0.145,Sam Lewis
2025-26,25.6,121.0,0.7,5.0,10.1,acc,5.9,12.2,94.0,1.7,0.507,221.0,0.421,93.0,0.57,126.0,0.786,99.0,34.0,0.0,,823.0,4.2,4.5,32.0,2.6,76.0,20.9,chance-mallory-1,323.0,356.0,Guard,4.0,55.0,VIRGINIA,0.493,109.0,0.349,38.0,8.5,126.0,0.575,11.9,38.0,112.0,0.491,55.0,19.5,,4.3,0.211,Chance Mallory
2025-26,13.8,36.0,0.4,2.0,7.5,acc,1.5,9.7,46.0,0.7,0.614,188.0,0.452,85.0,0.149,28.0,0.821,23.0,29.0,0.0,,504.0,6.0,4.6,20.0,1.3,33.0,18.5,jacari-white-1,254.0,221.0,Guard,1.8,15.0,VIRGINIA,0.755,142.0,0.43,61.0,7.3,66.0,0.631,14.4,34.0,46.0,0.522,24.0,23.5,,2.1,0.163,Jacari White
2025-26,5.8,23.0,11.5,75.0,7.4,acc,4.5,14.0,94.0,1.5,0.594,176.0,0.534,94.0,0.386,68.0,0.544,37.0,34.0,34.0,,717.0,2.9,13.4,82.0,1.7,78.0,20.9,johann-gruenloh-1,246.0,246.0,Center,1.3,16.0,VIRGINIA,0.341,60.0,0.35,21.0,13.7,176.0,0.59,10.7,25.0,116.0,0.629,73.0,16.4,,3.2,0.178,Johann GrÃ¼nloh
2025-26,5.6,19.0,17.7,101.0,12.6,acc,7.8,19.5,115.0,1.8,0.594,165.0,0.564,93.0,0.267,44.0,0.727,32.0,34.0,0.0,,630.0,4.8,10.4,56.0,1.7,44.0,26.3,ugonna-onyenso-1,228.0,214.0,Forward,2.1,22.0,VIRGINIA,0.212,35.0,0.286,10.0,15.2,171.0,0.613,7.9,16.0,130.0,0.638,83.0,16.1,,3.4,0.217,Ugonna Onyenso
2025-26,24.6,147.0,0.3,3.0,4.9,acc,3.4,9.1,82.0,1.4,0.519,160.0,0.419,67.0,0.263,42.0,0.786,33.0,34.0,34.0,,967.0,1.5,4.7,39.0,1.8,75.0,12.4,dallin-hall-1,199.0,270.0,Guard,1.8,29.0,VIRGINIA,0.613,98.0,0.327,32.0,7.0,121.0,0.553,20.0,45.0,62.0,0.565,35.0,11.7,,3.2,0.131,Dallin Hall
2025-26,14.8,42.0,0.0,0.0,3.5,acc,2.4,14.4,64.0,0.7,0.51,105.0,0.4,42.0,0.219,23.0,0.783,18.0,29.0,1.0,,473.0,1.1,4.5,18.0,0.6,41.0,10.5,devin-tillis-1,125.0,134.0,Forward,0.8,6.0,VIRGINIA,0.581,61.0,0.377,23.0,9.7,82.0,0.539,17.2,24.0,44.0,0.432,19.0,14.9,,1.3,0.109,Devin Tillis
2025-26,17.8,11.0,2.0,2.0,-0.8,acc,2.2,10.8,11.0,0.2,0.452,31.0,0.419,13.0,0.097,3.0,0.333,1.0,17.0,0.0,,109.0,-3.0,3.2,3.0,0.1,11.0,9.7,elijah-gertrude-2,29.0,31.0,Guard,1.1,2.0,VIRGINIA,0.452,14.0,0.143,2.0,7.2,14.0,0.447,11.0,4.0,17.0,0.647,11.0,16.8,,0.2,0.088,Elijah Gertrude
2025-26,12.6,5.0,3.4,2.0,-3.6,acc,0.9,6.6,4.0,0.1,0.423,13.0,0.385,5.0,0.154,2.0,0.5,1.0,16.0,0.0,,65.0,-4.5,7.2,4.0,-0.1,6.0,3.9,martin-carrere-1,12.0,15.0,Guard,0.9,1.0,VIRGINIA,0.462,6.0,0.167,1.0,6.9,8.0,0.43,33.4,7.0,7.0,0.571,4.0,16.2,,0.0,0.001,Martin Carrere
2025-26,19.8,3.0,0.0,0.0,-2.5,acc,-1.2,8.5,2.0,0.0,0.357,7.0,0.286,2.0,0.286,2.0,0.0,0.0,12.0,0.0,,25.0,-1.3,18.7,4.0,0.0,4.0,9.4,carter-lang-1,5.0,8.0,Forward,0.0,0.0,VIRGINIA,0.429,3.0,0.333,1.0,13.4,6.0,0.314,0.0,0.0,4.0,0.25,1.0,16.0,,0.1,0.101,Carter Lang
2025-26,0.0,0.0,7.9,1.0,3.8,acc,6.8,15.3,2.0,0.0,0.5,4.0,0.5,2.0,0.0,0.0,,0.0,11.0,0.0,,14.0,-2.9,0.0,0.0,0.0,0.0,12.6,owen-odom-1,4.0,3.0,Guard,4.3,1.0,VIRGINIA,0.5,2.0,0.0,0.0,8.0,2.0,0.5,20.0,1.0,2.0,1.0,2.0,18.0,,0.0,0.058,Owen Odom
2025-26,0.0,0.0,0.0,0.0,-9.4,acc,0.0,23.7,4.0,0.0,0.0,2.0,0.0,0.0,0.0,0.0,,0.0,13.0,0.0,,18.0,-9.4,6.5,1.0,0.0,2.0,-3.8,desmond-roberts-1,0.0,1.0,Guard,0.0,0.0,VIRGINIA,0.5,1.0,0.0,0.0,15.5,5.0,0.0,33.3,1.0,1.0,0.0,0.0,8.4,,0.0,-0.039,Desmond Roberts
2025-26,23.7,140.0,1.0,10.0,12.0,big-ten,3.2,9.2,92.0,1.4,0.543,383.0,0.446,171.0,0.509,195.0,0.805,157.0,32.0,32.0,,1079.0,8.8,6.8,62.0,4.8,61.0,24.0,keaton-wagler-1,573.0,597.0,Guard,1.7,30.0,ILLINOIS,0.48,184.0,0.402,74.0,8.1,154.0,0.602,10.7,57.0,199.0,0.487,97.0,24.9,,6.2,0.231,Keaton Wagler
2025-26,16.4,84.0,1.1,9.0,9.4,big-ten,3.0,19.8,172.0,1.5,0.566,310.0,0.487,151.0,0.319,99.0,0.778,77.0,32.0,31.0,,938.0,6.4,9.7,76.0,3.0,65.0,21.1,david-mirkovic-1,428.0,440.0,Forward,0.9,14.0,ILLINOIS,0.426,132.0,0.371,49.0,15.0,248.0,0.599,14.2,59.0,178.0,0.573,102.0,22.4,,4.5,0.19,David Mirkovic
2025-26,7.3,29.0,2.0,14.0,5.8,big-ten,2.0,13.3,94.0,1.0,0.522,289.0,0.491,142.0,0.367,106.0,0.83,88.0,29.0,21.0,,766.0,3.8,6.2,40.0,2.1,37.0,19.8,andrej-stojakovic-2,390.0,354.0,Guard,0.9,11.0,ILLINOIS,0.26,75.0,0.24,18.0,9.9,134.0,0.575,10.1,38.0,214.0,0.579,124.0,24.8,,3.1,0.164,Andrej Stojakovic
2025-26,19.3,82.0,0.0,0.0,7.7,big-ten,2.9,9.0,63.0,0.9,0.531,241.0,0.465,112.0,0.378,91.0,0.802,73.0,25.0,25.0,,760.0,4.8,6.0,38.0,2.6,55.0,19.1,kylan-boswell-1,329.0,341.0,Guard,1.5,19.0,ILLINOIS,0.427,103.0,0.311,32.0,7.5,101.0,0.579,9.5,30.0,138.0,0.58,80.0,20.8,,3.5,0.185,Kylan Boswell
2025-26,11.3,46.0,2.4,16.0,7.3,big-ten,2.9,16.7,113.0,1.1,0.57,227.0,0.476,108.0,0.189,43.0,0.721,31.0,29.0,28.0,,730.0,4.5,7.7,47.0,1.7,53.0,17.4,tomislav-ivisic-1,290.0,283.0,Center,0.7,9.0,ILLINOIS,0.604,137.0,0.314,43.0,12.4,160.0,0.586,13.6,39.0,90.0,0.722,65.0,19.8,,2.8,0.153,Tomislav Ivisic
2025-26,2.8,9.0,13.1,67.0,10.9,big-ten,5.9,22.2,117.0,1.3,0.61,159.0,0.522,83.0,0.277,44.0,0.682,30.0,32.0,4.0,,568.0,4.9,7.8,37.0,1.5,45.0,22.9,zvonimir-ivisic-1,224.0,199.0,Forward,0.9,8.0,ILLINOIS,0.585,93.0,0.301,28.0,15.4,154.0,0.623,9.1,18.0,66.0,0.833,55.0,17.6,,2.8,0.195,Zvonimir Ivisic
2025-26,5.8,26.0,3.4,22.0,8.0,big-ten,3.7,13.7,92.0,1.1,0.533,165.0,0.382,63.0,0.145,24.0,0.792,19.0,32.0,2.0,,726.0,4.3,6.2,38.0,1.6,40.0,14.1,ben-humrichous-1,195.0,192.0,Forward,1.1,13.0,ILLINOIS,0.861,142.0,0.352,50.0,10.1,130.0,0.553,3.3,6.0,23.0,0.565,13.0,12.7,,2.7,0.148,Ben Humrichous
2025-26,6.3,25.0,1.0,6.0,7.2,big-ten,2.7,6.6,40.0,0.7,0.619,139.0,0.432,60.0,0.144,20.0,0.75,15.0,32.0,17.0,,650.0,4.4,5.3,29.0,1.7,43.0,13.1,jake-davis-2,187.0,175.0,Forward,0.8,9.0,ILLINOIS,0.906,126.0,0.413,52.0,6.0,69.0,0.63,3.9,6.0,13.0,0.615,8.0,12.0,,2.4,0.147,Jake Davis
2025-26,32.9,20.0,0.0,0.0,-3.1,big-ten,-0.4,7.3,7.0,0.1,0.361,36.0,0.333,12.0,0.167,6.0,0.833,5.0,17.0,0.0,,103.0,-2.7,5.8,5.0,-0.1,6.0,8.1,mihailo-petrovic-1,31.0,42.0,Guard,1.8,3.0,ILLINOIS,0.278,10.0,0.2,2.0,6.6,12.0,0.399,25.1,13.0,26.0,0.385,10.0,25.4,,0.1,0.024,Mihailo Petrovic
2025-26,7.1,3.0,0.0,0.0,-3.3,big-ten,2.4,6.2,4.0,0.1,0.412,17.0,0.412,7.0,0.765,13.0,0.923,12.0,16.0,0.0,,70.0,-5.7,3.4,2.0,0.1,13.0,10.1,brandon-lee-2,26.0,25.0,Guard,1.7,2.0,ILLINOIS,0.059,1.0,0.0,0.0,4.9,6.0,0.561,17.7,5.0,16.0,0.438,7.0,20.3,,0.2,0.104,Brandon Lee
2025-26,0.0,0.0,0.0,0.0,-3.8,big-ten,-0.5,13.0,3.0,0.0,0.45,10.0,0.4,4.0,0.6,6.0,0.667,4.0,9.0,0.0,,25.0,-3.3,4.8,1.0,0.0,2.0,13.7,aj-redd-1,13.0,11.0,Guard,0.0,0.0,ILLINOIS,0.3,3.0,0.333,1.0,9.1,4.0,0.506,7.2,1.0,7.0,0.429,3.0,27.9,,0.1,0.11,AJ Redd
2025-26,6.7,2.0,9.3,4.0,9.7,big-ten,5.5,22.5,10.0,0.1,0.8,5.0,0.8,4.0,1.2,6.0,0.667,4.0,9.0,0.0,,48.0,4.2,17.4,7.0,0.2,7.0,24.5,jason-jakstys-1,12.0,15.0,Forward,1.3,1.0,ILLINOIS,0.0,0.0,,0.0,20.1,17.0,0.764,0.0,0.0,5.0,0.8,4.0,8.2,,0.3,0.254,Jason Jakstys
2025-26,16.4,4.0,0.0,0.0,2.4,big-ten,5.5,30.0,10.0,0.1,0.333,3.0,0.333,1.0,0.0,0.0,,0.0,9.0,0.0,,36.0,-3.2,3.3,1.0,0.0,1.0,8.3,blake-fagbemi-1,2.0,5.0,Guard,1.7,1.0,ILLINOIS,0.0,0.0,,0.0,17.3,11.0,0.333,40.0,2.0,3.0,0.333,1.0,7.0,,0.1,0.072,Blake Fagbemi
2025-26,10.6,58.0,1.4,13.0,7.9,big-12,2.9,14.8,157.0,1.8,0.547,311.0,0.457,142.0,0.434,135.0,0.867,117.0,33.0,33.0,,1037.0,5.0,7.2,64.0,2.4,65.0,18.4,tre-white-1,457.0,443.0,Guard,1.1,20.0,KANSAS,0.428,133.0,0.421,56.0,11.4,221.0,0.609,13.8,60.0,178.0,0.483,86.0,21.5,,4.2,0.164,Tre White
2025-26,10.1,51.0,9.2,87.0,11.0,big-12,5.6,18.8,200.0,2.4,0.645,293.0,0.645,189.0,0.352,103.0,0.66,68.0,33.0,32.0,,1043.0,5.5,11.5,102.0,2.9,75.0,25.0,flory-bidunga-1,446.0,437.0,Forward,1.3,24.0,KANSAS,0.007,2.0,0.0,0.0,15.5,302.0,0.652,13.0,51.0,291.0,0.649,189.0,19.3,,5.4,0.205,Flory Bidunga
2025-26,13.5,37.0,1.9,11.0,14.1,big-12,4.8,12.6,80.0,1.3,0.53,317.0,0.442,140.0,0.379,120.0,0.825,99.0,22.0,21.0,,624.0,9.3,3.0,16.0,1.9,34.0,25.9,darryn-peterson-1,435.0,377.0,Guard,3.0,32.0,KANSAS,0.461,146.0,0.384,56.0,8.2,96.0,0.582,8.3,34.0,171.0,0.491,84.0,33.4,,3.2,0.203,Darryn Peterson
2025-26,28.3,169.0,0.9,9.0,5.3,big-12,3.3,11.6,136.0,1.9,0.439,417.0,0.396,165.0,0.187,78.0,0.769,60.0,33.0,33.0,,1148.0,2.0,2.5,24.0,1.1,49.0,14.6,melvin-council-jr-1,426.0,471.0,Guard,1.8,35.0,KANSAS,0.276,115.0,0.313,36.0,7.4,160.0,0.469,11.7,60.0,302.0,0.427,129.0,22.9,,3.1,0.107,Melvin Council Jr.
2025-26,7.3,34.0,5.7,44.0,3.7,big-12,3.9,17.0,148.0,1.7,0.491,218.0,0.459,100.0,0.381,83.0,0.687,57.0,33.0,29.0,,855.0,-0.2,7.0,51.0,0.3,65.0,13.0,bryson-tiller-1,271.0,272.0,Forward,0.8,11.0,KANSAS,0.234,51.0,0.275,14.0,12.4,199.0,0.526,18.9,60.0,167.0,0.515,86.0,19.0,,1.9,0.091,Bryson Tiller
2025-26,14.2,48.0,1.3,7.0,3.5,big-12,4.9,9.4,55.0,1.0,0.437,119.0,0.37,44.0,0.529,63.0,0.825,52.0,32.0,1.0,,576.0,-1.3,0.4,2.0,0.4,57.0,10.3,elmarko-jackson-2,156.0,160.0,Guard,2.4,24.0,KANSAS,0.361,43.0,0.372,16.0,5.3,57.0,0.524,16.8,30.0,76.0,0.368,28.0,15.9,,1.4,0.095,Elmarko Jackson
2025-26,10.8,38.0,0.9,5.0,3.9,big-12,4.2,7.9,47.0,0.8,0.515,99.0,0.364,36.0,0.242,24.0,0.625,15.0,33.0,7.0,,586.0,-0.3,1.4,7.0,0.4,50.0,7.8,jamari-mcdowell-1,117.0,119.0,Guard,1.4,14.0,KANSAS,0.859,85.0,0.353,30.0,4.9,54.0,0.53,13.3,17.0,14.0,0.429,6.0,11.1,,1.3,0.086,Jamari McDowell
2025-26,7.1,13.0,1.7,5.0,2.7,big-12,2.9,5.1,17.0,0.4,0.512,85.0,0.412,35.0,0.094,8.0,0.75,6.0,28.0,6.0,,327.0,-0.2,6.8,19.0,0.3,40.0,10.0,kohl-rosario-1,93.0,93.0,Guard,1.4,8.0,KANSAS,0.729,62.0,0.274,17.0,5.9,36.0,0.524,11.0,11.0,23.0,0.783,18.0,15.6,,0.8,0.094,Kohl Rosario
2025-26,10.3,14.0,0.5,1.0,2.2,big-12,4.0,6.0,14.0,0.3,0.426,54.0,0.315,17.0,0.093,5.0,1.0,5.0,24.0,1.0,,230.0,-1.8,0.5,1.0,0.1,17.0,8.2,jayden-dawson-1,51.0,50.0,Guard,2.3,9.0,KANSAS,0.796,43.0,0.279,12.0,3.5,15.0,0.452,3.4,2.0,11.0,0.455,5.0,13.0,,0.5,0.086,Jayden Dawson
2025-26,13.3,3.0,0.0,0.0,2.8,big-12,3.0,17.2,7.0,0.1,0.5,12.0,0.333,4.0,0.333,4.0,1.0,4.0,12.0,0.0,,40.0,-0.2,0.0,0.0,0.1,3.0,14.3,nginyu-ngala-1,16.0,15.0,Guard,1.5,1.0,KANSAS,0.667,8.0,0.5,4.0,9.3,7.0,0.576,12.6,2.0,4.0,0.0,0.0,20.3,,0.1,0.143,Nginyu Ngala
2025-26,2.2,1.0,4.3,3.0,-0.7,big-12,2.2,17.8,14.0,0.1,0.6,10.0,0.6,6.0,0.6,6.0,0.333,2.0,19.0,0.0,,77.0,-2.9,10.7,7.0,0.1,12.0,10.1,paul-mbiya-1,14.0,16.0,Center,0.0,0.0,KANSAS,0.0,0.0,,0.0,14.6,21.0,0.545,13.5,2.0,10.0,0.6,6.0,9.9,,0.2,0.111,Paul Mbiya
2025-26,0.0,0.0,0.0,0.0,-3.0,big-12,-0.6,10.3,2.0,0.0,0.8,5.0,0.6,3.0,0.0,0.0,,0.0,7.0,1.0,,19.0,-2.4,0.0,0.0,0.0,1.0,7.5,wilder-evers-1,8.0,5.0,Guard,0.0,0.0,KANSAS,0.8,4.0,0.5,2.0,5.6,2.0,0.8,37.5,3.0,1.0,1.0,1.0,21.5,,0.0,0.003,Wilder Evers
2025-26,9.6,4.0,6.7,4.0,1.9,big-12,5.5,14.9,10.0,0.1,0.333,6.0,0.333,2.0,1.0,6.0,0.333,2.0,16.0,0.0,,66.0,-3.6,3.6,2.0,-0.1,4.0,6.3,samis-calderon-1,6.0,9.0,Forward,1.8,2.0,KANSAS,0.5,3.0,0.0,0.0,9.7,12.0,0.339,31.1,4.0,3.0,0.667,2.0,10.0,,0.1,0.034,Samis Calderon
2025-26,11.6,1.0,0.0,0.0,-8.1,big-12,2.0,7.5,1.0,0.0,0.0,1.0,0.0,0.0,0.0,0.0,,0.0,6.0,1.0,,13.0,-10.2,9.0,1.0,-0.1,1.0,-6.2,justin-cross-1,0.0,1.0,Guard,4.5,1.0,KANSAS,0.0,0.0,,0.0,8.2,2.0,0.0,75.0,3.0,1.0,0.0,0.0,15.7,,-0.1,-0.156,Justin Cross
2025-26,0.0,0.0,0.0,0.0,-9.7,big-12,0.7,10.9,1.0,0.0,0.0,1.0,0.0,0.0,0.0,0.0,,0.0,6.0,0.0,,9.0,-10.4,0.0,0.0,0.0,1.0,-4.6,will-thengvall-1,0.0,0.0,Guard,0.0,0.0,KANSAS,0.0,0.0,,0.0,5.9,1.0,0.0,0.0,0.0,1.0,0.0,0.0,5.7,,0.0,-0.027,Will Thengvall
2025-26,32.2,205.0,1.0,11.0,10.4,sec,1.0,8.6,86.0,0.7,0.565,515.0,0.487,251.0,0.351,181.0,0.801,145.0,32.0,32.0,,1121.0,9.4,1.6,15.0,4.8,51.0,25.0,darius-acuff-jr-1,727.0,732.0,Guard,1.3,27.0,ARKANSAS,0.355,183.0,0.437,80.0,5.2,101.0,0.605,10.0,67.0,332.0,0.515,171.0,28.6,,5.5,0.197,Darius Acuff Jr.
2025-26,13.5,82.0,0.6,6.0,7.3,sec,2.4,11.0,98.0,1.0,0.522,416.0,0.43,179.0,0.231,96.0,0.844,81.0,33.0,17.0,,995.0,4.9,3.4,29.0,2.7,70.0,19.3,meleek-thomas-1,515.0,483.0,Guard,2.7,49.0,ARKANSAS,0.43,179.0,0.425,76.0,7.3,127.0,0.558,6.7,33.0,237.0,0.435,103.0,23.9,,3.7,0.148,Meleek Thomas
2025-26,7.7,50.0,5.2,51.0,9.7,sec,4.1,20.5,184.0,1.6,0.596,281.0,0.53,149.0,0.413,116.0,0.724,84.0,32.0,31.0,,1004.0,5.6,6.0,51.0,2.6,62.0,21.5,trevon-brazile-1,419.0,397.0,Forward,2.7,49.0,ARKANSAS,0.388,109.0,0.339,37.0,13.4,235.0,0.623,9.2,34.0,172.0,0.651,112.0,17.7,,4.2,0.167,Trevon Brazile
2025-26,11.7,65.0,3.3,28.0,6.9,sec,3.1,11.0,87.0,0.9,0.574,262.0,0.553,145.0,0.267,70.0,0.8,56.0,33.0,15.0,,884.0,3.9,6.0,45.0,2.1,77.0,18.3,billy-richmond-iii-1,357.0,353.0,Forward,2.2,36.0,ARKANSAS,0.187,49.0,0.224,11.0,8.6,132.0,0.605,11.4,38.0,213.0,0.629,134.0,18.1,,3.0,0.136,Billy Richmond III
2025-26,6.4,26.0,5.1,33.0,6.5,sec,1.9,15.0,89.0,0.8,0.597,195.0,0.59,115.0,0.636,124.0,0.718,89.0,33.0,1.0,,662.0,4.6,16.1,90.0,2.3,80.0,23.5,malique-ewin-1,322.0,336.0,Forward,1.8,21.0,ARKANSAS,0.021,4.0,0.75,3.0,15.5,179.0,0.634,12.7,37.0,191.0,0.586,112.0,21.1,,3.1,0.185,Malique Ewin
2025-26,14.4,72.0,1.4,10.0,3.6,sec,2.4,6.7,44.0,0.6,0.51,191.0,0.424,81.0,0.267,51.0,0.725,37.0,31.0,19.0,,734.0,1.2,0.0,0.0,1.1,54.0,12.3,dj-wagner-1,232.0,230.0,Guard,2.1,28.0,ARKANSAS,0.508,97.0,0.34,33.0,3.4,44.0,0.539,8.9,21.0,94.0,0.511,48.0,15.5,,1.7,0.092,D.J. Wagner
2025-26,8.1,26.0,2.5,12.0,4.5,sec,2.0,16.5,72.0,0.5,0.554,139.0,0.46,64.0,0.237,33.0,0.727,24.0,22.0,18.0,,488.0,2.5,6.8,28.0,0.9,45.0,15.3,karter-knox-1,178.0,176.0,Forward,1.7,15.0,ARKANSAS,0.496,69.0,0.377,26.0,11.8,100.0,0.575,12.5,22.0,70.0,0.543,38.0,17.4,,1.4,0.114,Karter Knox
2025-26,4.4,19.0,2.1,13.0,1.8,sec,1.8,13.5,75.0,0.5,0.72,82.0,0.72,59.0,0.805,66.0,0.576,38.0,33.0,32.0,,623.0,0.0,10.0,53.0,1.1,91.0,12.2,nick-pringle-1,156.0,170.0,Forward,1.0,11.0,ARKANSAS,0.0,0.0,,0.0,11.8,128.0,0.688,19.8,28.0,82.0,0.72,59.0,10.9,,1.6,0.103,Nick Pringle
2025-26,13.3,11.0,3.3,4.0,3.4,sec,3.8,17.0,19.0,0.2,0.5,32.0,0.5,16.0,0.875,28.0,0.75,21.0,16.0,0.0,,125.0,-0.4,3.8,4.0,0.3,23.0,18.0,isaiah-sealy-1,53.0,54.0,Forward,2.2,5.0,ARKANSAS,0.219,7.0,0.0,0.0,10.6,23.0,0.585,9.9,5.0,25.0,0.64,16.0,19.3,,0.5,0.157,Isaiah Sealy
2025-26,5.3,1.0,0.0,0.0,-7.6,sec,0.4,13.4,3.0,0.0,0.3,5.0,0.2,1.0,0.4,2.0,1.0,2.0,9.0,0.0,,25.0,-8.0,0.0,0.0,0.0,4.0,3.8,jaden-karuletwa-1,5.0,5.0,Guard,2.2,1.0,ARKANSAS,1.0,5.0,0.2,1.0,6.9,3.0,0.42,14.4,1.0,0.0,,0.0,13.4,,0.0,0.029,Jaden Karuletwa
2025-26,0.0,0.0,0.0,0.0,0.1,sec,-1.9,0.0,0.0,0.0,0.75,2.0,0.5,1.0,1.0,2.0,0.5,1.0,7.0,0.0,,11.0,2.0,0.0,0.0,0.0,0.0,11.4,ayden-kelley-1,4.0,3.0,Guard,0.0,0.0,ARKANSAS,0.5,1.0,1.0,1.0,0.0,0.0,0.678,0.0,0.0,1.0,0.0,0.0,12.9,,0.0,0.094,Ayden Kelley
2025-26,0.0,0.0,6.4,1.0,-14.9,sec,0.6,0.0,0.0,0.0,,0.0,,0.0,,6.0,0.5,3.0,7.0,0.0,,16.0,-15.5,7.4,1.0,-0.1,4.0,-4.3,elmir-dzafic-1,3.0,3.0,Center,3.5,1.0,ARKANSAS,,0.0,,0.0,3.6,1.0,0.526,58.4,4.0,0.0,,0.0,20.6,,-0.1,-0.135,Elmir Dzafic
2025-26,0.0,0.0,0.0,0.0,-26.7,sec,-9.2,0.0,0.0,0.0,0.0,4.0,0.0,0.0,1.0,4.0,0.25,1.0,7.0,0.0,,13.0,-17.5,0.0,0.0,-0.1,0.0,-13.4,amere-brown-1,1.0,1.0,Guard,0.0,0.0,ARKANSAS,0.25,1.0,0.0,0.0,0.0,0.0,0.085,0.0,0.0,3.0,0.0,0.0,21.8,,-0.1,-0.238,Amere Brown
2025-26,30.9,142.0,0.6,6.0,10.8,sec,1.8,8.5,81.0,0.6,0.59,434.0,0.509,221.0,0.41,178.0,0.787,140.0,30.0,29.0,,909.0,9.0,1.7,15.0,3.8,48.0,25.9,labaron-philon-1,652.0,626.0,Guard,2.0,34.0,ALABAMA,0.401,174.0,0.402,70.0,5.3,96.0,0.629,12.5,74.0,260.0,0.581,151.0,30.1,,4.4,0.194,Labaron Philon
2025-26,23.9,106.0,0.0,0.0,8.8,sec,1.2,8.3,69.0,0.4,0.599,314.0,0.481,151.0,0.35,110.0,0.864,95.0,28.0,27.0,,795.0,7.6,1.1,8.0,3.1,50.0,21.5,aden-holloway-2,471.0,447.0,Guard,1.1,17.0,ALABAMA,0.538,169.0,0.438,74.0,4.8,77.0,0.643,10.1,41.0,145.0,0.531,77.0,23.7,,3.5,0.175,Aden Holloway
2025-26,7.9,34.0,8.8,72.0,9.2,sec,3.7,15.5,119.0,0.9,0.603,214.0,0.551,118.0,0.57,122.0,0.705,86.0,31.0,31.0,,734.0,5.4,10.0,70.0,2.3,64.0,23.5,aiden-sherrell-1,344.0,340.0,Forward,1.1,15.0,ALABAMA,0.318,68.0,0.324,22.0,12.9,189.0,0.632,9.9,30.0,146.0,0.658,96.0,19.0,,3.2,0.176,Aiden Sherrell
2025-26,17.6,89.0,2.2,20.0,8.1,sec,3.6,18.5,160.0,1.0,0.549,244.0,0.455,111.0,0.389,95.0,0.737,70.0,29.0,21.0,,823.0,4.5,6.0,47.0,2.1,86.0,18.9,amari-allen-1,338.0,361.0,Forward,2.1,32.0,ALABAMA,0.516,126.0,0.365,46.0,12.6,207.0,0.585,12.4,41.0,118.0,0.551,65.0,18.5,,3.1,0.152,Amari Allen
2025-26,12.6,48.0,0.1,1.0,6.3,sec,2.2,9.5,64.0,0.5,0.526,254.0,0.398,101.0,0.189,48.0,0.813,39.0,24.0,16.0,,645.0,4.1,1.6,10.0,1.4,48.0,15.8,latrell-wrightselljr-1,306.0,279.0,Guard,2.1,25.0,ALABAMA,0.717,182.0,0.357,65.0,5.7,74.0,0.553,6.1,18.0,72.0,0.5,36.0,21.1,,1.9,0.118,Latrell Wrightsell Jr.
2025-26,7.1,35.0,0.0,0.0,5.1,sec,1.8,11.8,92.0,0.5,0.526,172.0,0.372,64.0,0.203,35.0,0.886,31.0,32.0,12.0,,747.0,3.3,7.3,52.0,1.5,60.0,12.5,houston-mallette-1,212.0,226.0,Guard,1.6,22.0,ALABAMA,0.884,152.0,0.349,53.0,9.6,144.0,0.562,6.9,14.0,20.0,0.55,11.0,12.5,,2.0,0.109,Houston Mallette
2025-26,4.0,11.0,1.8,9.0,4.1,sec,2.3,14.8,70.0,0.5,0.542,142.0,0.444,63.0,0.359,51.0,0.608,31.0,30.0,10.0,,452.0,1.9,7.2,31.0,0.8,56.0,15.4,london-jemison-1,185.0,173.0,Forward,2.3,19.0,ALABAMA,0.563,80.0,0.35,28.0,11.2,101.0,0.556,9.3,17.0,62.0,0.565,35.0,18.7,,1.3,0.113,London Jemison
2025-26,3.7,12.0,4.4,25.0,3.7,sec,2.4,16.2,86.0,0.5,0.489,131.0,0.397,52.0,0.366,48.0,0.813,39.0,27.0,11.0,,507.0,1.3,6.2,30.0,0.7,54.0,13.5,taylor-bol-bowen-1,167.0,163.0,Forward,1.2,11.0,ALABAMA,0.641,84.0,0.286,24.0,11.4,116.0,0.543,10.5,18.0,47.0,0.596,28.0,15.6,,1.2,0.098,Taylor Bol Bowen
2025-26,1.6,1.0,5.8,7.0,10.2,sec,4.2,12.4,14.0,0.1,0.773,22.0,0.773,17.0,1.045,23.0,0.696,16.0,5.0,2.0,,108.0,6.0,8.8,9.0,0.4,12.0,23.4,charles-bediako-1,50.0,44.0,Center,2.0,4.0,ALABAMA,0.045,1.0,0.0,0.0,10.6,23.0,0.759,10.8,4.0,21.0,0.81,17.0,15.8,,0.5,0.186,Charles Bediako
2025-26,6.1,5.0,4.3,6.0,0.4,sec,3.2,18.9,25.0,0.2,0.379,33.0,0.364,12.0,0.455,15.0,0.733,11.0,10.0,1.0,,126.0,-2.8,12.5,15.0,0.1,28.0,12.1,keitenn-bristow-1,36.0,44.0,Forward,2.6,6.0,ALABAMA,0.273,9.0,0.111,1.0,15.9,40.0,0.449,16.6,8.0,24.0,0.458,11.0,17.6,,0.3,0.082,Keitenn Bristow
2025-26,9.6,8.0,1.4,2.0,1.0,sec,3.2,11.2,15.0,0.1,0.538,26.0,0.462,12.0,0.308,8.0,0.625,5.0,10.0,0.0,,128.0,-2.2,3.3,4.0,0.0,9.0,10.0,davion-hannah-1,33.0,34.0,Guard,2.9,7.0,ALABAMA,0.423,11.0,0.364,4.0,7.4,19.0,0.554,25.1,10.0,15.0,0.533,8.0,14.4,,0.2,0.047,Davion Hannah
2025-26,5.1,9.0,3.2,9.0,-3.0,sec,2.4,9.1,24.0,0.2,0.279,43.0,0.256,11.0,0.326,14.0,0.643,9.0,30.0,0.0,,251.0,-5.4,9.2,22.0,-0.2,53.0,3.7,noah-williamson-1,33.0,49.0,Center,2.1,10.0,ALABAMA,0.605,26.0,0.077,2.0,9.2,46.0,0.332,23.2,15.0,17.0,0.529,9.0,11.9,,0.0,0.007,Noah Williamson
2025-26,15.4,1.0,27.0,3.0,15.6,sec,11.1,0.0,0.0,0.0,1.0,1.0,1.0,1.0,2.0,2.0,0.5,1.0,8.0,0.0,,10.0,4.6,10.5,1.0,0.0,1.0,28.3,jacob-martin-1,3.0,4.0,Center,0.0,0.0,ALABAMA,0.0,0.0,,0.0,5.0,1.0,0.769,0.0,0.0,1.0,1.0,1.0,9.0,,0.1,0.214,Jacob Martin
2025-26,24.3,2.0,0.0,0.0,-0.5,sec,3.4,17.3,2.0,0.0,0.0,1.0,0.0,0.0,2.0,2.0,1.0,2.0,6.0,0.0,,11.0,-4.0,0.0,0.0,0.0,2.0,11.0,preston-murphy-jr-1,2.0,3.0,Guard,0.0,0.0,ALABAMA,1.0,1.0,0.0,0.0,9.1,2.0,0.513,0.0,0.0,0.0,,0.0,8.2,,0.0,0.137,Preston Murphy Jr.
2025-26,0.0,0.0,0.0,0.0,-18.3,sec,-1.5,53.0,5.0,0.0,0.5,2.0,0.5,1.0,1.0,2.0,0.0,0.0,2.0,0.0,,9.0,-16.8,11.7,1.0,-0.1,4.0,-5.0,collins-onyejiaka-1,2.0,2.0,Center,0.0,0.0,ALABAMA,0.0,0.0,,0.0,33.3,6.0,0.339,40.4,2.0,2.0,0.5,1.0,25.4,,0.0,-0.135,Collins Onyejiaka
2025-26,0.0,0.0,0.0,0.0,-3.5,sec,0.3,0.0,0.0,0.0,,0.0,,0.0,,0.0,,0.0,1.0,0.0,,1.0,-3.8,0.0,0.0,0.0,0.0,0.0,jack-fagan-1,0.0,0.0,Guard,0.0,0.0,ALABAMA,,0.0,,0.0,0.0,0.0,,,0.0,0.0,,0.0,0.0,,0.0,-0.006,Jack Fagan
2025-26,0.0,0.0,0.0,0.0,-3.5,sec,0.3,0.0,0.0,0.0,,0.0,,0.0,,0.0,,0.0,1.0,0.0,,1.0,-3.8,0.0,0.0,0.0,0.0,0.0,klark-james-1,0.0,0.0,Guard,0.0,0.0,ALABAMA,,0.0,,0.0,0.0,0.0,,,0.0,0.0,,0.0,0.0,,0.0,-0.006,Klark James
2025-26,12.1,64.0,1.2,9.0,11.0,big-ten,3.5,14.0,134.0,2.2,0.606,418.0,0.471,197.0,0.179,75.0,0.853,64.0,32.0,32.0,,1066.0,7.5,2.4,21.0,3.3,54.0,21.6,pryce-sandfort-1,571.0,480.0,Forward,1.8,32.0,NEBRASKA,0.675,282.0,0.401,113.0,8.4,155.0,0.629,4.6,22.0,136.0,0.618,84.0,23.6,,5.5,0.206,Pryce Sandfort
2025-26,19.8,90.0,1.2,8.0,6.1,big-ten,2.2,13.7,110.0,1.7,0.517,345.0,0.449,155.0,0.223,77.0,0.818,63.0,31.0,31.0,,896.0,3.9,9.3,69.0,1.9,54.0,18.2,rienk-mast-1,420.0,436.0,Forward,0.9,13.0,NEBRASKA,0.42,145.0,0.324,47.0,11.6,179.0,0.55,12.4,54.0,200.0,0.54,108.0,25.7,,3.6,0.159,Rienk Mast
2025-26,7.8,28.0,0.4,2.0,7.3,big-ten,2.9,13.5,85.0,1.4,0.591,241.0,0.49,118.0,0.315,76.0,0.816,62.0,30.0,2.0,,701.0,4.5,5.2,30.0,1.7,37.0,19.2,braden-frager-1,347.0,299.0,Forward,1.8,21.0,NEBRASKA,0.585,141.0,0.348,49.0,9.5,115.0,0.626,10.1,31.0,100.0,0.69,69.0,23.2,,3.1,0.175,Braden Frager
2025-26,24.9,127.0,0.2,1.0,3.0,big-ten,3.0,8.5,69.0,1.7,0.512,252.0,0.413,104.0,0.286,72.0,0.736,53.0,32.0,32.0,,904.0,-0.1,1.5,11.0,0.9,76.0,12.0,jamarques-lawrence-1,311.0,337.0,Guard,1.9,29.0,NEBRASKA,0.567,143.0,0.35,50.0,5.1,80.0,0.543,19.0,67.0,109.0,0.495,54.0,20.7,,2.5,0.112,Jamarques Lawrence
2025-26,23.9,139.0,0.4,3.0,10.2,big-ten,7.3,15.0,138.0,2.6,0.623,212.0,0.547,116.0,0.274,58.0,0.741,43.0,32.0,32.0,,1026.0,2.9,3.5,30.0,2.7,82.0,18.9,sam-hoiberg-1,307.0,345.0,Guard,3.9,67.0,NEBRASKA,0.377,80.0,0.4,32.0,9.5,168.0,0.641,12.4,34.0,132.0,0.636,84.0,14.1,,5.3,0.206,Sam Hoiberg
2025-26,13.9,58.0,5.9,31.0,6.3,big-ten,5.5,17.0,110.0,1.8,0.497,153.0,0.464,71.0,0.431,66.0,0.621,41.0,30.0,30.0,,720.0,0.8,8.9,53.0,0.9,54.0,15.3,berke-buyuktuncel-1,193.0,228.0,Forward,2.1,26.0,NEBRASKA,0.301,46.0,0.217,10.0,13.1,163.0,0.523,16.3,36.0,107.0,0.57,61.0,16.2,,2.6,0.146,Berke Buyuktuncel
2025-26,11.8,45.0,2.1,10.0,6.6,big-ten,6.1,12.9,75.0,1.5,0.6,110.0,0.536,59.0,0.364,40.0,0.575,23.0,32.0,1.0,,649.0,0.4,3.2,17.0,0.9,56.0,13.5,cale-jacobsen-1,155.0,158.0,Guard,3.1,34.0,NEBRASKA,0.336,37.0,0.378,14.0,8.2,92.0,0.601,12.8,19.0,73.0,0.616,45.0,12.1,,2.4,0.148,Cale Jacobsen
2025-26,6.9,9.0,8.3,14.0,-0.7,big-ten,3.4,24.4,50.0,0.6,0.397,78.0,0.333,26.0,0.346,27.0,0.778,21.0,27.0,0.0,,229.0,-4.1,5.3,10.0,-0.2,20.0,11.4,jared-garcia-1,83.0,81.0,Forward,1.3,5.0,NEBRASKA,0.526,41.0,0.244,10.0,15.2,60.0,0.457,17.3,19.0,37.0,0.432,16.0,25.4,,0.4,0.071,Jared Garcia
2025-26,11.4,6.0,0.0,0.0,-5.7,big-ten,-0.5,8.0,7.0,0.2,0.409,44.0,0.318,14.0,0.091,4.0,0.5,2.0,7.0,0.0,,98.0,-5.1,2.5,2.0,-0.1,6.0,6.3,connor-essegian-1,38.0,35.0,Guard,1.2,2.0,NEBRASKA,0.705,31.0,0.258,8.0,5.3,9.0,0.414,9.8,5.0,13.0,0.462,6.0,27.5,,0.0,0.018,Connor Essegian
2025-26,11.8,4.0,2.2,1.0,3.7,big-ten,2.8,3.5,2.0,0.1,0.6,15.0,0.6,9.0,0.533,8.0,0.875,7.0,15.0,0.0,,63.0,0.9,13.4,7.0,0.2,7.0,17.5,leo-curtis-1,25.0,27.0,Forward,1.9,2.0,NEBRASKA,0.133,2.0,0.0,0.0,8.3,9.0,0.665,21.0,5.0,13.0,0.692,9.0,20.0,,0.3,0.17,Leo Curtis
2025-26,10.1,4.0,0.0,0.0,-6.3,big-ten,0.5,8.7,5.0,0.1,0.5,11.0,0.364,4.0,0.182,2.0,1.0,2.0,18.0,0.0,,64.0,-6.8,0.0,0.0,-0.1,6.0,0.6,kendall-blue-1,13.0,13.0,Guard,0.0,0.0,NEBRASKA,0.636,7.0,0.429,3.0,4.5,5.0,0.544,36.9,7.0,4.0,0.25,1.0,15.7,,0.0,0.0,Kendall Blue
2025-26,0.0,0.0,24.8,2.0,12.3,big-ten,9.2,20.3,2.0,0.0,1.167,3.0,1.0,3.0,0.333,1.0,0.0,0.0,1.0,0.0,,11.0,3.2,0.0,0.0,0.0,1.0,26.0,ugnius-jarusevicius-1,7.0,3.0,Forward,0.0,0.0,NEBRASKA,0.333,1.0,1.0,1.0,10.5,2.0,1.007,36.5,2.0,2.0,1.0,2.0,26.3,,0.0,0.046,Ugnius Jarusevicius
2025-26,6.1,1.0,5.7,1.0,0.8,big-ten,6.0,23.2,5.0,0.1,0.0,2.0,0.0,0.0,3.0,6.0,0.5,3.0,16.0,0.0,,24.0,-5.2,0.0,0.0,0.0,3.0,7.2,justin-bolis-1,3.0,3.0,Forward,2.5,1.0,NEBRASKA,0.0,0.0,,0.0,12.1,5.0,0.309,0.0,0.0,2.0,0.0,0.0,10.7,,0.1,0.093,Justin Bolis
2025-26,23.0,119.0,7.4,73.0,14.4,big-east,6.0,14.4,132.0,2.4,0.577,332.0,0.554,184.0,0.726,241.0,0.714,172.0,34.0,34.0,,1008.0,8.4,12.1,111.0,3.7,83.0,27.9,zuby-ejiofor-1,555.0,576.0,Forward,2.2,40.0,ST-JOHNS-NY,0.142,47.0,0.319,15.0,13.3,243.0,0.622,14.2,74.0,285.0,0.593,169.0,24.6,,6.1,0.241,Zuby Ejiofor
2025-26,13.1,68.0,1.1,10.0,7.9,big-east,3.3,16.1,142.0,2.0,0.493,338.0,0.459,155.0,0.512,173.0,0.723,125.0,34.0,34.0,,968.0,4.5,7.7,68.0,2.3,56.0,19.6,bryce-hopkins-1,458.0,446.0,Forward,2.2,37.0,ST-JOHNS-NY,0.228,77.0,0.299,23.0,11.9,210.0,0.545,9.1,42.0,261.0,0.506,132.0,22.7,,4.3,0.179,Bryce Hopkins
2025-26,10.6,59.0,0.9,9.0,4.4,big-east,2.6,8.9,80.0,1.6,0.52,296.0,0.439,130.0,0.216,64.0,0.859,55.0,34.0,33.0,,984.0,1.7,1.9,17.0,1.8,68.0,13.0,oziyah-sellers-1,363.0,325.0,Guard,1.1,20.0,ST-JOHNS-NY,0.463,137.0,0.35,48.0,5.4,97.0,0.556,6.6,23.0,159.0,0.516,82.0,16.9,,3.4,0.138,Oziyah Sellers
2025-26,12.7,41.0,1.2,7.0,4.3,big-east,2.8,12.0,67.0,1.2,0.502,254.0,0.413,105.0,0.268,68.0,0.897,61.0,33.0,19.0,,613.0,1.6,1.6,9.0,0.7,50.0,15.2,ian-jackson-1,316.0,276.0,Guard,2.5,27.0,ST-JOHNS-NY,0.5,127.0,0.354,45.0,6.8,76.0,0.552,14.9,50.0,127.0,0.472,60.0,26.1,,2.0,0.128,Ian Jackson
2025-26,5.3,22.0,0.8,6.0,0.5,big-east,1.7,10.7,71.0,1.3,0.438,250.0,0.348,87.0,0.328,82.0,0.768,63.0,34.0,14.0,,725.0,-1.3,2.6,17.0,0.4,75.0,9.1,joson-sanon-1,282.0,249.0,Guard,1.5,19.0,ST-JOHNS-NY,0.524,131.0,0.344,45.0,6.7,88.0,0.488,11.4,37.0,119.0,0.353,42.0,21.4,,1.6,0.09,Joson Sanon
2025-26,20.0,107.0,2.6,24.0,9.2,big-east,5.2,17.8,153.0,2.2,0.548,217.0,0.548,119.0,0.382,83.0,0.506,42.0,34.0,22.0,,941.0,4.0,9.8,84.0,2.0,60.0,19.0,dillon-mitchell-1,280.0,328.0,Forward,2.6,43.0,ST-JOHNS-NY,0.055,12.0,0.0,0.0,13.8,237.0,0.546,11.1,32.0,205.0,0.58,119.0,14.6,,4.1,0.176,Dillon Mitchell
2025-26,19.8,79.0,0.5,3.0,5.8,big-east,5.8,11.4,70.0,1.5,0.485,169.0,0.408,69.0,0.491,83.0,0.735,61.0,32.0,12.0,,671.0,0.0,1.6,10.0,0.9,74.0,14.4,dylan-darling-1,225.0,232.0,Guard,3.9,46.0,ST-JOHNS-NY,0.509,86.0,0.302,26.0,6.6,80.0,0.54,14.7,36.0,83.0,0.518,43.0,17.4,,2.4,0.146,Dylan Darling
2025-26,14.0,29.0,7.1,25.0,7.5,big-east,5.6,10.1,33.0,0.8,0.522,92.0,0.467,43.0,0.576,53.0,0.698,37.0,34.0,1.0,,359.0,1.9,10.1,33.0,0.7,62.0,17.8,ruben-prey-1,133.0,142.0,Forward,2.4,15.0,ST-JOHNS-NY,0.207,19.0,0.526,10.0,10.1,66.0,0.568,14.6,20.0,73.0,0.452,33.0,18.2,,1.5,0.171,RubÃ©n Prey
2025-26,7.8,10.0,0.5,1.0,0.8,big-east,2.1,11.0,22.0,0.4,0.478,67.0,0.358,24.0,0.373,25.0,0.76,19.0,27.0,0.0,,219.0,-1.3,2.0,4.0,0.2,24.0,9.9,lefteris-liotopoulos-1,83.0,74.0,Guard,1.5,6.0,ST-JOHNS-NY,0.716,48.0,0.333,16.0,6.5,26.0,0.526,13.2,12.0,19.0,0.421,8.0,19.8,,0.6,0.106,Lefteris Liotopoulos
2025-26,9.5,13.0,1.3,3.0,3.7,big-east,5.0,13.4,28.0,0.5,0.491,53.0,0.434,23.0,0.019,1.0,1.0,1.0,28.0,1.0,,229.0,-1.3,1.4,3.0,0.1,18.0,10.1,sadiku-ibine-ayo-1,53.0,50.0,Forward,3.2,13.0,ST-JOHNS-NY,0.358,19.0,0.316,6.0,7.4,31.0,0.496,13.0,8.0,34.0,0.5,17.0,12.8,,0.6,0.103,Sadiku Ibine Ayo
2025-26,6.3,2.0,3.6,2.0,-0.6,big-east,2.7,13.7,7.0,0.1,0.467,15.0,0.467,7.0,0.133,2.0,0.5,1.0,10.0,0.0,,56.0,-3.3,23.6,12.0,0.0,11.0,13.9,kelvin-odih-1,15.0,20.0,Guard,3.0,3.0,ST-JOHNS-NY,0.067,1.0,0.0,0.0,18.7,19.0,0.47,23.9,5.0,14.0,0.5,7.0,17.8,,0.2,0.109,Kelvin Odih
2025-26,20.3,2.0,17.9,3.0,5.9,big-east,7.0,6.4,1.0,0.0,0.5,4.0,0.5,2.0,0.5,2.0,0.5,1.0,7.0,0.0,,17.0,-1.1,6.5,1.0,0.0,3.0,15.6,handje-tamba-1,5.0,6.0,Forward,0.0,0.0,ST-JOHNS-NY,0.0,0.0,,0.0,6.5,2.0,0.505,16.8,1.0,4.0,0.5,2.0,16.7,,0.1,0.123,Handje Tamba
2025-26,21.9,1.0,0.0,0.0,7.5,big-east,5.6,13.7,1.0,0.0,1.5,1.0,1.0,1.0,0.0,0.0,,0.0,7.0,0.0,,8.0,1.9,0.0,0.0,0.0,2.0,20.0,fotis-konstantinidis-1,3.0,2.0,Guard,0.0,0.0,ST-JOHNS-NY,1.0,1.0,1.0,1.0,6.9,1.0,1.5,0.0,0.0,0.0,,0.0,6.0,,0.1,0.252,Fotis Konstantinidis
2025-26,5.6,1.0,0.0,0.0,-8.8,big-east,-1.3,4.1,1.0,0.0,0.2,5.0,0.2,1.0,0.0,0.0,,0.0,6.0,0.0,,27.0,-7.4,12.3,3.0,-0.1,2.0,-1.7,casper-pohto-1,2.0,4.0,Guard,0.0,0.0,ST-JOHNS-NY,0.4,2.0,0.0,0.0,8.1,4.0,0.2,28.6,2.0,3.0,0.333,1.0,12.3,,0.0,-0.034,Casper Pohto
2025-26,28.6,143.0,0.1,1.0,9.5,big-ten,1.9,10.8,101.0,1.0,0.539,505.0,0.479,242.0,0.372,188.0,0.824,155.0,34.0,34.0,,1082.0,7.6,2.9,27.0,4.2,67.0,24.6,nicholas-boyd-1,699.0,679.0,Guard,1.9,36.0,WISCONSIN,0.327,165.0,0.364,60.0,6.8,128.0,0.588,8.9,58.0,340.0,0.535,182.0,30.5,,5.3,0.194,Nick Boyd
2025-26,13.5,77.0,0.3,3.0,8.0,big-ten,1.7,12.6,121.0,1.1,0.531,445.0,0.427,190.0,0.404,180.0,0.861,155.0,33.0,33.0,,1111.0,6.2,4.2,41.0,3.5,83.0,20.8,john-blackwell-3,628.0,582.0,Guard,2.0,38.0,WISCONSIN,0.544,242.0,0.384,93.0,8.4,162.0,0.592,8.9,52.0,203.0,0.478,97.0,26.5,,4.6,0.167,John Blackwell
2025-26,9.4,46.0,4.3,36.0,9.0,big-ten,2.6,23.5,189.0,1.3,0.628,262.0,0.569,149.0,0.355,93.0,0.742,69.0,30.0,30.0,,932.0,6.4,8.5,69.0,3.0,59.0,22.5,nolan-winter-2,398.0,381.0,Forward,0.9,15.0,WISCONSIN,0.355,93.0,0.333,31.0,16.0,258.0,0.65,7.5,25.0,169.0,0.698,118.0,18.0,,4.3,0.186,Nolan Winter
2025-26,13.0,47.0,2.5,15.0,6.6,big-ten,1.9,14.7,84.0,0.7,0.545,220.0,0.418,92.0,0.209,46.0,0.848,39.0,29.0,11.0,,662.0,4.7,5.4,31.0,1.5,56.0,17.0,austin-rapp-1,279.0,269.0,Forward,1.2,14.0,WISCONSIN,0.7,154.0,0.364,56.0,10.0,115.0,0.577,9.4,25.0,66.0,0.545,36.0,20.4,,2.2,0.134,Austin Rapp
2025-26,10.6,35.0,2.0,11.0,7.9,big-ten,1.5,12.2,63.0,0.6,0.574,202.0,0.406,82.0,0.282,57.0,0.772,44.0,33.0,0.0,,599.0,6.4,3.6,19.0,1.6,45.0,17.6,braeden-carrington-1,276.0,249.0,Guard,1.2,12.0,WISCONSIN,0.837,169.0,0.402,68.0,7.9,82.0,0.602,6.9,17.0,33.0,0.424,14.0,20.8,,2.2,0.145,Braeden Carrington
2025-26,17.5,93.0,0.8,6.0,3.4,big-ten,3.5,6.6,49.0,0.9,0.472,178.0,0.36,64.0,0.152,27.0,0.778,21.0,33.0,33.0,,866.0,-0.1,2.5,19.0,0.8,74.0,9.9,andrew-rohde-1,189.0,224.0,Guard,2.8,42.0,WISCONSIN,0.725,129.0,0.31,40.0,4.5,68.0,0.495,15.5,35.0,49.0,0.49,24.0,13.2,,1.6,0.076,Andrew Rohde
2025-26,7.2,29.0,3.3,20.0,2.2,big-ten,1.6,16.4,96.0,0.7,0.54,139.0,0.439,61.0,0.216,30.0,0.633,19.0,34.0,27.0,,678.0,0.6,8.5,50.0,0.8,74.0,11.1,aleksas-bieliauskas-1,169.0,184.0,Forward,0.4,5.0,WISCONSIN,0.568,79.0,0.354,28.0,12.4,146.0,0.551,15.4,28.0,60.0,0.55,33.0,13.5,,1.5,0.087,Aleksas Bieliauskas
2025-26,10.6,29.0,1.3,5.0,1.5,big-ten,3.3,9.5,35.0,0.5,0.423,65.0,0.323,21.0,0.077,5.0,0.6,3.0,26.0,1.0,,429.0,-1.8,4.3,16.0,0.1,44.0,6.5,jack-janicki-1,58.0,76.0,Guard,2.3,17.0,WISCONSIN,0.723,47.0,0.277,13.0,6.9,51.0,0.43,18.2,15.0,18.0,0.444,8.0,9.7,,0.5,0.049,Jack Janicki
2025-26,9.3,11.0,1.1,2.0,-0.5,big-ten,2.0,10.7,18.0,0.2,0.635,26.0,0.615,16.0,0.846,22.0,0.545,12.0,27.0,1.0,,195.0,-2.5,5.9,10.0,0.1,25.0,8.9,hayden-jones-1,45.0,49.0,Guard,1.5,5.0,WISCONSIN,0.077,2.0,0.5,1.0,8.3,28.0,0.617,27.8,14.0,24.0,0.625,15.0,13.1,,0.3,0.061,Hayden Jones
2025-26,15.9,20.0,2.8,5.0,0.0,big-ten,3.2,12.1,21.0,0.2,0.722,18.0,0.722,13.0,0.833,15.0,0.4,6.0,30.0,0.0,,202.0,-3.2,6.3,11.0,0.2,42.0,8.0,will-garlock-1,32.0,45.0,Forward,0.6,2.0,WISCONSIN,0.0,0.0,,0.0,9.2,32.0,0.637,30.4,11.0,18.0,0.722,13.0,9.0,,0.4,0.079,Will Garlock
2025-26,19.5,9.0,0.0,0.0,0.5,big-ten,4.3,5.9,4.0,0.1,0.4,25.0,0.32,8.0,0.08,2.0,0.5,1.0,16.0,0.0,,79.0,-3.8,0.0,0.0,0.0,12.0,8.7,zach-kinziger-1,21.0,23.0,Guard,3.7,5.0,WISCONSIN,0.64,16.0,0.25,4.0,2.9,4.0,0.405,3.7,1.0,9.0,0.444,4.0,17.2,,0.1,0.067,Zach Kinziger
2025-26,6.5,1.0,3.6,1.0,12.0,big-ten,5.6,26.2,7.0,0.1,0.938,8.0,0.75,6.0,0.375,3.0,0.667,2.0,17.0,0.0,,31.0,6.5,3.7,1.0,0.1,2.0,25.3,jack-robison-1,17.0,12.0,Forward,3.7,2.0,WISCONSIN,0.5,4.0,0.75,3.0,14.9,8.0,0.902,29.8,4.0,4.0,0.75,3.0,21.9,,0.1,0.147,Jack Robison
2025-26,12.5,1.0,0.0,0.0,4.5,big-ten,-0.4,21.8,3.0,0.0,0.643,7.0,0.429,3.0,0.286,2.0,1.0,2.0,14.0,0.0,,16.0,4.9,0.0,0.0,0.0,1.0,19.9,isaac-gard-1,11.0,9.0,Guard,0.0,0.0,WISCONSIN,0.857,6.0,0.5,3.0,10.8,3.0,0.692,20.1,2.0,1.0,0.0,0.0,31.4,,0.1,0.126,Isaac Gard
2025-26,16.2,2.0,0.0,0.0,-18.2,big-ten,-7.7,6.4,1.0,0.0,0.0,6.0,0.0,0.0,0.333,2.0,0.0,0.0,14.0,0.0,,18.0,-10.6,25.6,4.0,-0.1,0.0,-8.6,riccardo-greppi-1,0.0,4.0,Forward,0.0,0.0,WISCONSIN,0.333,2.0,0.0,0.0,16.0,5.0,0.0,22.3,2.0,4.0,0.0,0.0,25.1,,-0.1,-0.236,Riccardo Greppi
2025-26,36.3,236.0,0.7,8.0,9.8,big-12,2.2,8.6,93.0,1.4,0.608,409.0,0.479,196.0,0.274,112.0,0.795,89.0,31.0,31.0,,1190.0,7.6,1.9,20.0,4.1,63.0,21.2,christian-anderson-2,586.0,639.0,Guard,2.0,40.0,TEXAS-TECH,0.604,247.0,0.425,105.0,5.4,113.0,0.634,18.5,105.0,162.0,0.562,91.0,24.0,,5.5,0.184,Christian Anderson
2025-26,13.8,53.0,5.1,43.0,9.9,big-12,3.4,21.1,166.0,1.7,0.567,427.0,0.548,234.0,0.251,107.0,0.579,62.0,25.0,25.0,,870.0,6.4,14.0,105.0,2.5,71.0,28.2,jt-toppin-1,546.0,518.0,Forward,2.3,34.0,TEXAS-TECH,0.133,57.0,0.281,16.0,17.6,271.0,0.571,11.5,62.0,370.0,0.589,218.0,31.3,,4.2,0.193,JT Toppin
2025-26,3.7,24.0,0.4,4.0,9.2,big-12,3.2,8.2,82.0,1.2,0.664,301.0,0.458,138.0,0.126,38.0,0.842,32.0,32.0,32.0,,1111.0,6.0,2.4,23.0,3.1,74.0,15.9,donovan-atwell-1,432.0,348.0,Forward,2.0,37.0,TEXAS-TECH,0.907,273.0,0.454,124.0,5.3,105.0,0.677,3.9,13.0,28.0,0.5,14.0,15.1,,4.3,0.155,Donovan Atwell
2025-26,15.8,77.0,0.8,7.0,4.0,big-12,2.2,16.2,125.0,1.2,0.471,278.0,0.428,119.0,0.442,123.0,0.78,96.0,31.0,26.0,,852.0,1.8,8.3,61.0,1.2,72.0,15.6,lejuan-watts-1,358.0,383.0,Forward,1.5,21.0,TEXAS-TECH,0.263,73.0,0.329,24.0,12.3,186.0,0.532,17.8,73.0,205.0,0.463,95.0,24.2,,2.4,0.113,LeJuan Watts
2025-26,11.9,67.0,0.1,1.0,4.5,big-12,2.4,12.1,102.0,1.0,0.531,245.0,0.4,98.0,0.171,42.0,0.786,33.0,31.0,20.0,,931.0,2.0,2.4,19.0,1.6,78.0,11.7,jaylen-petty-1,293.0,285.0,Guard,1.1,18.0,TEXAS-TECH,0.702,172.0,0.372,64.0,7.4,121.0,0.553,9.6,28.0,73.0,0.466,34.0,15.9,,2.6,0.112,Jaylen Petty
2025-26,5.2,18.0,1.3,7.0,3.2,big-12,2.4,10.3,50.0,0.6,0.45,111.0,0.351,39.0,0.189,21.0,0.667,14.0,31.0,13.0,,538.0,0.8,6.7,31.0,0.5,35.0,9.2,tyeree-bryan-1,114.0,122.0,Guard,1.3,12.0,TEXAS-TECH,0.694,77.0,0.286,22.0,8.5,81.0,0.471,7.6,10.0,34.0,0.5,17.0,12.3,,1.1,0.083,Tyeree Bryan
2025-26,5.1,10.0,10.3,32.0,4.9,big-12,6.0,14.9,43.0,0.6,0.518,56.0,0.518,29.0,0.804,45.0,0.711,32.0,19.0,10.0,,318.0,-1.0,6.9,19.0,0.5,47.0,15.5,luke-bamgboye-1,90.0,92.0,Forward,1.1,6.0,TEXAS-TECH,0.018,1.0,0.0,0.0,11.0,62.0,0.582,14.4,13.0,55.0,0.527,29.0,14.3,,1.0,0.132,Luke Bamgboye
2025-26,7.2,6.0,6.8,10.0,10.5,big-12,4.5,22.5,31.0,0.3,0.697,38.0,0.658,25.0,0.184,7.0,0.286,2.0,12.0,0.0,,152.0,6.0,9.9,13.0,0.4,13.0,21.7,josiah-moseley-1,55.0,51.0,Forward,1.2,3.0,TEXAS-TECH,0.132,5.0,0.6,3.0,16.4,44.0,0.665,10.8,5.0,33.0,0.667,22.0,15.4,,0.7,0.172,Josiah Moseley
2025-26,3.6,4.0,2.2,4.0,3.6,big-12,3.9,16.7,28.0,0.3,0.511,45.0,0.467,21.0,0.178,8.0,0.875,7.0,22.0,0.0,,185.0,-0.2,8.1,13.0,0.2,27.0,12.2,leon-horner-1,53.0,52.0,Forward,1.6,5.0,TEXAS-TECH,0.222,10.0,0.4,4.0,12.5,41.0,0.543,12.5,7.0,35.0,0.486,17.0,15.2,,0.5,0.108,Leon Horner
2025-26,5.8,5.0,0.0,0.0,2.7,big-12,4.0,13.7,16.0,0.2,0.333,21.0,0.238,5.0,0.476,10.0,0.6,6.0,21.0,2.0,,129.0,-1.3,8.1,9.0,0.1,16.0,8.4,nolan-groves-1,20.0,26.0,Guard,2.7,6.0,TEXAS-TECH,0.81,17.0,0.235,4.0,11.0,25.0,0.388,3.7,1.0,4.0,0.25,1.0,10.4,,0.3,0.092,Nolan Groves
2025-26,5.2,3.0,3.5,3.0,-3.2,big-12,2.3,21.1,17.0,0.1,0.542,12.0,0.5,6.0,1.0,12.0,0.333,4.0,13.0,1.0,,89.0,-5.6,9.1,7.0,0.0,20.0,6.5,marial-akuentok-1,17.0,20.0,Forward,0.7,1.0,TEXAS-TECH,0.083,1.0,1.0,1.0,15.3,24.0,0.48,25.3,6.0,11.0,0.455,5.0,13.4,,0.1,0.053,Marial Akuentok
2025-26,14.2,4.0,0.0,0.0,0.7,big-12,3.4,7.5,3.0,0.1,0.5,8.0,0.375,3.0,0.25,2.0,0.5,1.0,11.0,0.0,,44.0,-2.7,5.3,2.0,0.0,5.0,6.5,jazz-henderson-2,9.0,11.0,Guard,2.7,2.0,TEXAS-TECH,0.375,3.0,0.667,2.0,6.4,5.0,0.503,30.9,4.0,5.0,0.2,1.0,14.8,,0.0,0.04,Jazz Henderson
2025-26,0.0,0.0,0.0,0.0,-8.9,big-12,-0.9,14.7,2.0,0.0,0.0,2.0,0.0,0.0,1.0,2.0,0.0,0.0,13.0,0.0,,15.0,-8.0,15.4,2.0,0.0,2.0,-2.8,jack-francis-1,0.0,1.0,Guard,0.0,0.0,TEXAS-TECH,1.0,2.0,0.0,0.0,15.1,4.0,0.0,0.0,0.0,0.0,,0.0,9.9,,0.0,-0.051,Jack Francis
2025-26,29.8,174.0,1.2,12.0,12.6,sec,4.7,10.6,104.0,1.8,0.563,418.0,0.5,209.0,0.457,191.0,0.853,163.0,33.0,33.0,,1093.0,7.9,1.4,13.0,4.4,68.0,26.1,tyler-tanner-1,634.0,637.0,Guard,4.1,79.0,VANDERBILT,0.34,142.0,0.373,53.0,6.1,117.0,0.623,11.2,64.0,276.0,0.565,156.0,25.8,,6.2,0.226,Tyler Tanner
2025-26,6.7,39.0,2.1,19.0,7.2,sec,1.5,9.0,81.0,1.1,0.592,332.0,0.446,148.0,0.16,53.0,0.868,46.0,33.0,33.0,,1002.0,5.7,2.2,19.0,2.4,46.0,16.3,tyler-nickel-1,439.0,372.0,Forward,1.5,26.0,VANDERBILT,0.747,248.0,0.391,97.0,5.7,100.0,0.615,6.3,24.0,84.0,0.607,51.0,18.7,,3.4,0.137,Tyler Nickel
2025-26,26.3,108.0,0.9,6.0,11.7,sec,5.6,11.4,75.0,1.4,0.518,275.0,0.44,121.0,0.513,141.0,0.894,126.0,25.0,23.0,,731.0,6.1,0.8,5.0,2.6,67.0,24.7,duke-miles-1,411.0,409.0,Guard,5.1,66.0,VANDERBILT,0.433,119.0,0.361,43.0,6.3,80.0,0.601,11.4,44.0,156.0,0.5,78.0,26.0,,3.9,0.215,Duke Miles
2025-26,12.7,65.0,2.6,20.0,5.4,sec,2.3,10.2,78.0,1.0,0.577,215.0,0.498,107.0,0.456,98.0,0.776,76.0,33.0,32.0,,853.0,3.1,5.0,36.0,2.0,106.0,15.4,ak-okereke-1,324.0,323.0,Forward,1.3,19.0,VANDERBILT,0.405,87.0,0.391,34.0,7.7,114.0,0.619,12.4,37.0,128.0,0.57,73.0,17.2,,3.0,0.141,AK Okereke
2025-26,9.3,44.0,2.8,21.0,5.5,sec,1.6,18.5,137.0,1.1,0.606,232.0,0.547,127.0,0.22,51.0,0.784,40.0,33.0,33.0,,824.0,4.0,12.2,85.0,2.4,106.0,18.7,devin-mcglockton-1,321.0,333.0,Forward,0.9,13.0,VANDERBILT,0.384,89.0,0.303,27.0,15.4,222.0,0.626,10.8,31.0,143.0,0.699,100.0,17.1,,3.5,0.17,Devin McGlockton
2025-26,7.8,31.0,7.2,45.0,7.5,sec,3.4,19.6,122.0,1.2,0.592,184.0,0.565,104.0,0.62,114.0,0.737,84.0,33.0,9.0,,692.0,4.1,11.3,66.0,2.1,90.0,22.4,jalen-washington-1,302.0,305.0,Forward,1.7,21.0,VANDERBILT,0.179,33.0,0.303,10.0,15.6,188.0,0.634,11.2,30.0,151.0,0.623,94.0,19.0,,3.4,0.195,Jalen Washington
2025-26,4.2,9.0,5.8,20.0,0.3,sec,0.1,14.5,50.0,0.5,0.478,156.0,0.404,63.0,0.192,30.0,0.533,16.0,30.0,2.0,,383.0,0.2,5.9,19.0,0.3,25.0,14.0,tyler-harris-5,165.0,148.0,Guard,0.7,5.0,VANDERBILT,0.513,80.0,0.288,23.0,10.3,69.0,0.485,6.6,12.0,76.0,0.526,40.0,23.4,,0.8,0.084,Tyler Harris
2025-26,3.6,11.0,1.4,6.0,2.4,sec,1.6,6.2,26.0,0.4,0.53,84.0,0.464,39.0,0.619,52.0,0.635,33.0,33.0,0.0,,469.0,0.9,6.5,26.0,0.5,46.0,9.2,chandler-bing-1,122.0,123.0,Guard,1.2,10.0,VANDERBILT,0.452,38.0,0.289,11.0,6.4,52.0,0.561,14.2,18.0,46.0,0.609,28.0,13.3,,0.9,0.079,Chandler Bing
2025-26,36.3,42.0,0.6,1.0,6.1,sec,6.5,19.6,33.0,0.5,0.418,55.0,0.382,21.0,0.655,36.0,0.667,24.0,9.0,0.0,,188.0,-0.4,3.1,5.0,0.2,24.0,19.0,frankie-collins-1,70.0,89.0,Guard,6.6,22.0,VANDERBILT,0.291,16.0,0.25,4.0,11.6,38.0,0.485,21.7,20.0,39.0,0.436,17.0,24.1,,0.6,0.138,Frankie Collins
2025-26,10.0,16.0,0.5,1.0,-0.9,sec,2.4,20.0,42.0,0.3,0.412,34.0,0.294,10.0,0.206,7.0,0.571,4.0,22.0,0.0,,234.0,-3.3,0.5,1.0,0.0,35.0,4.1,mike-james-4,32.0,37.0,Guard,0.2,1.0,VANDERBILT,0.706,24.0,0.333,8.0,10.5,43.0,0.429,13.8,6.0,10.0,0.2,2.0,9.1,,0.3,0.054,Michael James
2025-26,1.5,1.0,3.2,3.0,2.7,sec,1.0,13.9,13.0,0.1,0.618,17.0,0.588,10.0,0.412,7.0,0.571,4.0,25.0,0.0,,104.0,1.7,20.4,18.0,0.3,22.0,15.9,jayden-leverett-1,25.0,33.0,Center,1.6,3.0,VANDERBILT,0.118,2.0,0.5,1.0,17.1,31.0,0.615,4.7,1.0,15.0,0.6,9.0,10.1,,0.5,0.175,Jayden Leverett
2025-26,14.1,2.0,0.0,0.0,7.1,sec,4.3,8.9,2.0,0.0,0.9,5.0,0.8,4.0,0.2,1.0,0.0,0.0,10.0,0.0,,25.0,2.8,9.4,2.0,0.1,2.0,19.9,jaylon-dean-vines-1,9.0,9.0,Guard,4.5,2.0,VANDERBILT,0.4,2.0,0.5,1.0,9.2,4.0,0.822,26.8,2.0,3.0,1.0,3.0,14.7,,0.1,0.149,Jaylon Dean-Vines
2025-26,8.0,1.0,0.0,0.0,-8.6,sec,1.4,11.1,2.0,0.0,0.313,8.0,0.25,2.0,0.0,0.0,,0.0,12.0,0.0,,20.0,-10.0,5.9,1.0,-0.1,2.0,3.1,miles-keeffe-1,5.0,5.0,Guard,5.6,2.0,VANDERBILT,0.375,3.0,0.333,1.0,8.6,3.0,0.313,20.0,2.0,5.0,0.2,1.0,24.6,,0.0,-0.048,Miles Keeffe
2025-26,0.0,0.0,5.0,1.0,-2.1,sec,3.2,25.3,5.0,0.0,0.5,2.0,0.5,1.0,0.0,0.0,,0.0,5.0,0.0,,22.0,-5.3,0.0,0.0,0.0,4.0,4.9,mason-nicholson-1,2.0,2.0,Center,2.6,1.0,VANDERBILT,0.0,0.0,,0.0,13.0,5.0,0.5,33.3,1.0,2.0,0.5,1.0,6.7,,0.0,0.047,Mason Nicholson
2025-26,0.0,0.0,0.0,0.0,-22.4,sec,-5.8,0.0,0.0,0.0,0.0,2.0,0.0,0.0,0.0,0.0,,0.0,7.0,0.0,,10.0,-16.6,0.0,0.0,-0.1,1.0,-15.4,coleson-messer-1,0.0,0.0,Guard,0.0,0.0,VANDERBILT,1.0,2.0,0.0,0.0,0.0,0.0,0.0,33.3,1.0,0.0,,0.0,14.7,,-0.1,-0.217,Coleson Messer
2025-26,15.8,81.0,0.7,6.0,7.6,acc,2.4,14.7,133.0,1.7,0.52,464.0,0.407,189.0,0.293,136.0,0.853,116.0,32.0,32.0,,979.0,5.2,2.5,21.0,2.5,91.0,19.4,ryan-conwell-1,599.0,542.0,Guard,2.1,37.0,LOUISVILLE,0.662,307.0,0.342,105.0,8.8,154.0,0.567,11.0,65.0,157.0,0.535,84.0,29.4,,4.2,0.171,Ryan Conwell
2025-26,30.2,99.0,0.5,3.0,6.7,acc,1.8,12.1,69.0,1.1,0.511,273.0,0.41,112.0,0.447,122.0,0.844,103.0,21.0,19.0,,613.0,4.9,0.2,1.0,1.6,33.0,20.6,mikel-brown-jr-1,382.0,377.0,Guard,2.4,26.0,LOUISVILLE,0.586,160.0,0.344,55.0,6.4,70.0,0.577,16.4,65.0,113.0,0.504,57.0,31.3,,2.6,0.173,Mikel Brown Jr.
2025-26,10.9,54.0,1.2,10.0,9.6,acc,3.9,15.0,124.0,1.6,0.645,248.0,0.573,142.0,0.339,84.0,0.702,59.0,32.0,31.0,,889.0,5.7,5.3,41.0,2.7,67.0,19.9,jvonne-hadley-1,379.0,347.0,Guard,2.1,33.0,LOUISVILLE,0.319,79.0,0.456,36.0,10.4,165.0,0.658,7.4,23.0,169.0,0.627,106.0,17.0,,4.3,0.195,J'Vonne Hadley
2025-26,8.1,46.0,0.2,2.0,5.6,acc,1.8,9.1,80.0,1.2,0.564,273.0,0.407,111.0,0.183,50.0,0.86,43.0,33.0,33.0,,949.0,3.8,2.2,18.0,1.8,44.0,12.6,isaac-mckneely-1,351.0,310.0,Guard,1.0,17.0,LOUISVILLE,0.828,226.0,0.381,86.0,5.8,98.0,0.591,8.3,27.0,47.0,0.532,25.0,16.6,,3.0,0.129,Isaac McKneely
2025-26,10.5,42.0,7.1,47.0,9.3,acc,4.0,15.7,106.0,1.4,0.772,162.0,0.759,123.0,0.519,84.0,0.631,53.0,33.0,29.0,,727.0,5.3,14.7,92.0,2.3,75.0,23.5,sananda-fru-1,303.0,305.0,Forward,1.2,16.0,LOUISVILLE,0.049,8.0,0.5,4.0,15.2,198.0,0.75,18.9,47.0,154.0,0.773,119.0,16.6,,3.8,0.207,Sananda Fru
2025-26,13.5,58.0,0.3,2.0,6.1,acc,2.8,12.6,85.0,1.2,0.53,214.0,0.444,95.0,0.318,68.0,0.809,55.0,33.0,14.0,,729.0,3.4,7.3,46.0,1.6,72.0,15.5,adrian-wooley-1,282.0,291.0,Guard,1.9,24.0,LOUISVILLE,0.505,108.0,0.343,37.0,10.0,131.0,0.572,12.4,35.0,106.0,0.547,58.0,18.7,,2.8,0.154,Adrian Wooley
2025-26,10.1,29.0,3.0,13.0,5.3,acc,3.8,22.8,101.0,1.0,0.504,121.0,0.455,55.0,0.471,57.0,0.649,37.0,29.0,2.0,,478.0,1.5,6.8,28.0,0.7,43.0,15.7,khani-rooths-1,159.0,164.0,Forward,2.0,17.0,LOUISVILLE,0.446,54.0,0.222,12.0,15.1,129.0,0.537,12.4,21.0,67.0,0.642,43.0,17.2,,1.7,0.145,Khani Rooths
2025-26,15.6,44.0,1.3,5.0,6.5,acc,5.5,11.2,46.0,0.9,0.57,71.0,0.493,35.0,0.408,29.0,0.862,25.0,32.0,1.0,,441.0,1.0,7.9,30.0,0.9,62.0,14.3,kobe-rodgers-1,106.0,132.0,Guard,3.5,27.0,LOUISVILLE,0.423,30.0,0.367,11.0,9.6,76.0,0.625,20.6,22.0,41.0,0.585,24.0,11.7,,1.7,0.158,Kobe Rodgers
2025-26,34.5,85.0,3.6,13.0,7.8,acc,4.8,14.2,52.0,0.7,0.568,88.0,0.432,38.0,0.091,8.0,0.625,5.0,33.0,0.0,,396.0,3.0,3.5,12.0,0.7,59.0,13.9,aly-khalifa-1,105.0,145.0,Forward,1.7,12.0,LOUISVILLE,0.67,59.0,0.407,24.0,9.0,64.0,0.572,25.8,32.0,29.0,0.483,14.0,15.2,,1.4,0.144,Aly Khalifa
2025-26,12.3,17.0,2.0,4.0,2.0,acc,3.2,13.6,28.0,0.4,0.538,39.0,0.538,21.0,0.59,23.0,0.652,15.0,25.0,4.0,,222.0,-1.2,15.7,30.0,0.2,36.0,12.5,vangelis-zougris-1,57.0,76.0,Forward,2.0,8.0,LOUISVILLE,0.0,0.0,,0.0,14.6,58.0,0.571,29.6,21.0,39.0,0.538,21.0,15.5,,0.6,0.114,Vangelis Zougris
2025-26,7.0,6.0,3.0,4.0,1.5,acc,4.2,24.2,33.0,0.4,0.479,47.0,0.426,20.0,0.255,12.0,0.5,6.0,22.0,0.0,,147.0,-2.8,6.3,8.0,0.0,24.0,12.3,kasean-pryor-1,51.0,49.0,Guard,3.5,9.0,LOUISVILLE,0.468,22.0,0.227,5.0,15.6,41.0,0.484,17.3,11.0,25.0,0.6,15.0,21.0,,0.3,0.094,Kasean Pryor
2025-26,21.7,1.0,0.0,0.0,7.4,acc,0.2,0.0,0.0,0.0,0.667,9.0,0.444,4.0,0.0,0.0,,0.0,10.0,0.0,,12.0,7.2,0.0,0.0,0.0,1.0,26.5,cole-sherman-1,12.0,8.0,Guard,4.7,1.0,LOUISVILLE,1.0,9.0,0.444,4.0,0.0,0.0,0.667,18.2,2.0,0.0,,0.0,44.5,,0.0,0.119,Cole Sherman
2025-26,44.8,2.0,0.0,0.0,6.9,acc,0.3,24.0,2.0,0.0,0.625,4.0,0.5,2.0,0.5,2.0,1.0,2.0,9.0,0.0,,9.0,6.6,25.8,2.0,0.0,0.0,28.2,spencer-legg-1,7.0,8.0,Forward,0.0,0.0,LOUISVILLE,0.75,3.0,0.333,1.0,24.8,4.0,0.707,37.7,3.0,1.0,1.0,1.0,42.9,,0.0,0.175,Spencer Legg
2025-26,0.0,0.0,11.0,1.0,2.8,acc,2.2,21.6,2.0,0.0,0.333,3.0,0.333,1.0,0.0,0.0,,0.0,10.0,0.0,,10.0,0.6,23.2,2.0,0.0,1.0,14.4,will-hanke-1,2.0,3.0,Guard,0.0,0.0,LOUISVILLE,0.0,0.0,,0.0,22.4,4.0,0.333,0.0,0.0,3.0,0.333,1.0,14.6,,0.0,0.122,Will Hanke
2025-26,22.5,129.0,1.1,12.0,11.8,big-12,2.3,16.7,179.0,1.6,0.554,579.0,0.513,297.0,0.491,284.0,0.764,217.0,34.0,34.0,,1177.0,9.6,4.8,50.0,4.7,42.0,28.1,aj-dybantsa-1,859.0,823.0,Forward,1.8,37.0,BRIGHAM-YOUNG,0.244,141.0,0.34,48.0,10.8,229.0,0.602,12.6,103.0,438.0,0.568,249.0,33.5,,6.2,0.212,AJ Dybantsa
2025-26,24.3,159.0,0.1,1.0,7.2,big-12,1.5,8.2,88.0,1.2,0.53,471.0,0.469,221.0,0.306,144.0,0.826,119.0,34.0,34.0,,1182.0,5.7,2.9,31.0,3.5,55.0,20.2,robert-wright-3,618.0,630.0,Guard,2.0,41.0,BRIGHAM-YOUNG,0.287,135.0,0.422,57.0,5.6,119.0,0.573,12.3,76.0,336.0,0.488,164.0,25.1,,4.7,0.159,Robert Wright III
2025-26,12.1,52.0,1.0,7.0,10.7,big-12,2.9,13.6,97.0,1.2,0.593,305.0,0.489,149.0,0.357,109.0,0.817,89.0,25.0,25.0,,784.0,7.8,6.7,47.0,3.0,54.0,24.9,richie-saunders-1,451.0,421.0,Guard,3.1,43.0,BRIGHAM-YOUNG,0.557,170.0,0.376,64.0,10.2,144.0,0.632,10.3,41.0,135.0,0.63,85.0,24.5,,4.1,0.211,Richie Saunders
2025-26,6.7,39.0,0.7,6.0,4.0,big-12,2.7,7.0,58.0,1.0,0.502,233.0,0.391,91.0,0.159,37.0,0.757,28.0,31.0,31.0,,907.0,1.3,3.2,26.0,1.1,65.0,10.8,kennard-davis-1,262.0,251.0,Guard,2.2,35.0,BRIGHAM-YOUNG,0.695,162.0,0.321,52.0,5.1,84.0,0.523,8.4,23.0,71.0,0.549,39.0,14.6,,2.1,0.093,Kennard Davis
2025-26,2.2,10.0,8.2,55.0,8.5,big-12,4.7,21.7,143.0,1.5,0.677,127.0,0.677,86.0,0.433,55.0,0.527,29.0,32.0,32.0,,723.0,3.8,14.0,90.0,1.6,67.0,20.9,keba-keita-1,201.0,218.0,Center,2.6,33.0,BRIGHAM-YOUNG,0.0,0.0,,0.0,17.9,233.0,0.656,14.0,25.0,127.0,0.677,86.0,11.9,,3.1,0.17,Keba Keita
2025-26,5.9,11.0,0.0,0.0,-0.9,big-12,0.2,6.9,19.0,0.3,0.53,99.0,0.374,37.0,0.051,5.0,1.0,5.0,26.0,4.0,,303.0,-1.1,1.5,4.0,0.2,43.0,7.6,aleksej-kostic-1,110.0,96.0,Guard,1.1,6.0,BRIGHAM-YOUNG,0.838,83.0,0.373,31.0,4.2,23.0,0.543,14.4,17.0,16.0,0.375,6.0,18.8,,0.5,0.064,Aleksej KostiÄ
2025-26,8.0,21.0,3.7,14.0,1.3,big-12,2.0,11.6,43.0,0.4,0.5,89.0,0.416,37.0,0.169,15.0,0.8,12.0,33.0,5.0,,406.0,-0.7,5.2,19.0,0.3,52.0,9.0,mihailo-boskovic-1,101.0,106.0,Forward,0.7,5.0,BRIGHAM-YOUNG,0.596,53.0,0.283,15.0,8.5,62.0,0.525,17.9,21.0,36.0,0.611,22.0,13.9,,0.7,0.072,Mihailo Boskovic
2025-26,3.5,12.0,3.8,18.0,1.5,big-12,2.9,24.7,116.0,0.9,0.507,69.0,0.493,34.0,0.348,24.0,0.25,6.0,33.0,2.0,,514.0,-1.4,11.1,51.0,0.1,69.0,10.2,khadim-mboup-1,76.0,100.0,Forward,1.9,17.0,BRIGHAM-YOUNG,0.174,12.0,0.167,2.0,18.0,167.0,0.473,24.4,26.0,57.0,0.561,32.0,10.0,,1.0,0.078,Khadim Mboup
2025-26,4.5,8.0,1.2,3.0,0.7,big-12,1.2,7.6,18.0,0.2,0.458,48.0,0.313,15.0,0.229,11.0,0.909,10.0,27.0,0.0,,260.0,-0.6,2.6,6.0,0.2,19.0,7.3,tyler-mrus-1,54.0,53.0,Forward,1.3,6.0,BRIGHAM-YOUNG,0.979,47.0,0.298,14.0,5.1,24.0,0.507,10.1,6.0,1.0,1.0,1.0,11.0,,0.5,0.071,Tyler Mrus
2025-26,2.9,3.0,2.0,3.0,6.2,big-12,6.3,14.8,22.0,0.3,0.5,36.0,0.472,17.0,0.444,16.0,0.625,10.0,23.0,0.0,,163.0,-0.1,5.5,8.0,0.2,19.0,15.7,dominique-diomande-1,46.0,44.0,Forward,5.6,16.0,BRIGHAM-YOUNG,0.417,15.0,0.133,2.0,10.2,30.0,0.528,8.4,4.0,21.0,0.714,15.0,14.1,,0.5,0.133,Dominique Diomande
2025-26,4.1,3.0,0.0,0.0,2.9,big-12,2.0,7.4,8.0,0.1,0.597,31.0,0.452,14.0,0.29,9.0,0.889,8.0,6.0,2.0,,119.0,0.9,1.9,2.0,0.2,10.0,12.5,dawson-baker-1,45.0,39.0,Guard,1.4,3.0,BRIGHAM-YOUNG,0.613,19.0,0.474,9.0,4.7,10.0,0.638,12.4,5.0,12.0,0.417,5.0,16.3,,0.3,0.114,Dawson Baker
2025-26,4.3,7.0,12.4,27.0,3.9,big-12,5.1,15.4,33.0,0.4,0.5,20.0,0.5,10.0,0.6,12.0,0.417,5.0,19.0,1.0,,235.0,-1.2,9.5,20.0,0.1,33.0,10.0,abdullah-ahmed-1,25.0,37.0,Center,0.5,2.0,BRIGHAM-YOUNG,0.0,0.0,,0.0,12.5,53.0,0.486,28.0,10.0,20.0,0.5,10.0,7.3,,0.4,0.076,Abdullah Ahmed
2025-26,9.8,3.0,12.2,5.0,2.1,big-12,5.5,7.5,3.0,0.1,0.5,4.0,0.5,2.0,0.5,2.0,0.5,1.0,9.0,0.0,,44.0,-3.3,2.5,1.0,0.0,8.0,7.9,xavion-staton-1,5.0,7.0,Center,0.0,0.0,BRIGHAM-YOUNG,0.0,0.0,,0.0,5.0,4.0,0.505,16.8,1.0,4.0,0.5,2.0,6.5,,0.1,0.075,Xavion Staton
2025-26,30.0,2.0,0.0,0.0,-16.9,big-12,-4.8,0.0,0.0,0.0,0.0,6.0,0.0,0.0,0.0,0.0,,0.0,7.0,0.0,,9.0,-12.1,24.9,2.0,-0.1,0.0,-3.9,jared-mcgregor-1,0.0,2.0,Guard,6.3,1.0,BRIGHAM-YOUNG,0.833,5.0,0.0,0.0,12.3,2.0,0.0,0.0,0.0,1.0,0.0,0.0,32.2,,0.0,-0.196,Jared McGregor
2025-26,30.2,180.0,0.8,7.0,10.4,sec,4.3,7.2,75.0,1.9,0.496,492.0,0.407,200.0,0.268,132.0,0.803,106.0,33.0,33.0,,1138.0,6.1,1.8,18.0,3.5,75.0,20.1,jakobi-gillespie-1,594.0,586.0,Guard,3.6,68.0,TENNESSEE,0.539,265.0,0.332,88.0,4.6,93.0,0.535,11.8,74.0,227.0,0.493,112.0,26.6,,5.4,0.189,Ja'Kobi Gillespie
2025-26,15.4,76.0,2.3,17.0,8.9,sec,3.2,17.4,148.0,1.7,0.458,393.0,0.405,159.0,0.59,232.0,0.789,183.0,31.0,31.0,,935.0,5.7,6.9,57.0,2.7,58.0,21.6,nate-ament-1,543.0,513.0,Forward,2.0,32.0,TENNESSEE,0.323,127.0,0.331,42.0,12.3,205.0,0.54,12.4,71.0,266.0,0.44,117.0,29.6,,4.5,0.19,Nate Ament
2025-26,9.8,23.0,2.7,11.0,8.6,sec,1.8,15.7,73.0,0.8,0.624,202.0,0.614,124.0,0.297,60.0,0.667,40.0,29.0,9.0,,512.0,6.8,17.6,79.0,2.0,63.0,26.5,jp-estrella-2,292.0,260.0,Forward,0.7,6.0,TENNESSEE,0.05,10.0,0.4,4.0,16.6,152.0,0.633,9.8,25.0,192.0,0.625,120.0,24.0,,2.8,0.216,J.P. Estrella
2025-26,12.7,43.0,0.4,2.0,3.8,sec,1.0,19.2,109.0,1.0,0.473,207.0,0.473,98.0,0.488,101.0,0.485,49.0,33.0,8.0,,625.0,2.7,17.5,96.0,1.1,49.0,17.8,jaylen-carey-1,245.0,263.0,Forward,1.0,10.0,TENNESSEE,0.024,5.0,0.0,0.0,18.3,205.0,0.48,11.2,32.0,202.0,0.485,98.0,22.1,,2.1,0.135,Jaylen Carey
2025-26,2.9,14.0,6.8,44.0,4.9,sec,3.5,15.4,116.0,1.5,0.6,165.0,0.588,97.0,0.376,62.0,0.645,40.0,31.0,30.0,,825.0,1.5,10.5,76.0,1.4,74.0,15.8,felix-okpara-1,238.0,222.0,Center,1.0,14.0,TENNESSEE,0.067,11.0,0.364,4.0,13.0,192.0,0.612,14.1,32.0,154.0,0.604,93.0,13.2,,2.8,0.137,Felix Okpara
2025-26,17.5,86.0,0.6,4.0,6.1,sec,5.5,13.7,98.0,1.4,0.526,136.0,0.441,60.0,0.478,65.0,0.677,44.0,30.0,29.0,,788.0,0.6,5.5,38.0,1.0,85.0,12.7,bishop-boswell-1,187.0,213.0,Guard,2.9,39.0,TENNESSEE,0.434,59.0,0.39,23.0,9.6,136.0,0.56,22.0,47.0,77.0,0.481,37.0,13.1,,2.4,0.123,Bishop Boswell
2025-26,10.6,29.0,3.4,13.0,5.3,sec,3.6,15.6,68.0,0.8,0.581,105.0,0.581,61.0,0.429,45.0,0.667,30.0,31.0,10.0,,478.0,1.8,11.9,50.0,0.9,55.0,16.5,dewayne-brown-ii-1,152.0,156.0,Forward,1.0,8.0,TENNESSEE,0.0,0.0,,0.0,13.8,118.0,0.601,16.5,25.0,105.0,0.581,61.0,15.2,,1.7,0.144,DeWayne Brown II
2025-26,8.6,22.0,2.3,8.0,7.8,sec,6.2,17.3,69.0,1.0,0.482,112.0,0.438,49.0,0.357,40.0,0.575,23.0,31.0,2.0,,438.0,1.5,7.3,28.0,0.6,32.0,16.2,amari-evans-1,131.0,128.0,Guard,4.3,32.0,TENNESSEE,0.366,41.0,0.244,10.0,12.4,97.0,0.5,10.9,16.0,71.0,0.549,39.0,16.2,,1.6,0.144,Amari Evans
2025-26,11.6,18.0,0.5,1.0,6.3,sec,6.0,11.0,26.0,0.5,0.5,66.0,0.394,26.0,0.273,18.0,0.778,14.0,23.0,3.0,,259.0,0.3,3.5,8.0,0.5,26.0,14.2,amaree-abram-1,80.0,77.0,Guard,3.9,17.0,TENNESSEE,0.576,38.0,0.368,14.0,7.3,34.0,0.537,9.7,8.0,28.0,0.429,12.0,15.3,,1.0,0.152,Amaree Abram
2025-26,18.4,31.0,0.5,1.0,2.4,sec,3.4,7.2,18.0,0.4,0.598,51.0,0.471,24.0,0.176,9.0,0.889,8.0,27.0,1.0,,275.0,-0.9,2.1,5.0,0.3,29.0,9.5,ethan-burg-1,69.0,72.0,Guard,1.7,8.0,TENNESSEE,0.588,30.0,0.433,13.0,4.7,23.0,0.624,27.5,21.0,21.0,0.524,11.0,13.4,,0.6,0.092,Ethan Burg
2025-26,25.0,29.0,0.0,0.0,4.1,sec,4.4,5.2,9.0,0.3,0.48,51.0,0.333,17.0,0.02,1.0,0.0,0.0,25.0,0.0,,190.0,-0.3,1.8,3.0,0.3,21.0,11.4,troy-henderson-2,49.0,56.0,Guard,3.4,11.0,TENNESSEE,0.863,44.0,0.341,15.0,3.5,12.0,0.476,12.0,7.0,7.0,0.286,2.0,14.8,,0.6,0.129,Troy Henderson
2025-26,4.0,4.0,8.3,11.0,3.4,sec,3.7,14.3,22.0,0.3,0.654,26.0,0.654,17.0,0.5,13.0,0.308,4.0,10.0,9.0,,169.0,-0.3,12.1,18.0,0.2,17.0,14.0,cade-phillips-1,38.0,38.0,Forward,0.7,2.0,TENNESSEE,0.0,0.0,,0.0,13.2,40.0,0.591,17.9,7.0,26.0,0.654,17.0,11.2,,0.5,0.109,Cade Phillips
2025-26,11.4,3.0,0.0,0.0,-8.0,sec,2.1,5.6,2.0,0.0,0.214,7.0,0.143,1.0,0.286,2.0,0.5,1.0,10.0,0.0,,39.0,-10.0,0.0,0.0,0.0,6.0,-0.9,clarence-massamba-1,4.0,5.0,Guard,1.5,1.0,TENNESSEE,1.0,7.0,0.143,1.0,2.9,2.0,0.252,11.2,1.0,0.0,,0.0,11.0,,0.0,0.018,Clarence Massamba
2025-26,0.0,0.0,0.0,0.0,-1.6,sec,8.2,54.9,1.0,0.0,,0.0,,0.0,,0.0,,0.0,1.0,0.0,,2.0,-9.7,0.0,0.0,0.0,0.0,8.6,campbell-duncan-1,0.0,0.0,Guard,0.0,0.0,TENNESSEE,,0.0,,0.0,28.0,1.0,,,0.0,0.0,,0.0,0.0,,0.0,0.112,Campbell Duncan
2025-26,0.0,0.0,0.0,0.0,-87.3,sec,-29.4,0.0,0.0,0.0,0.0,2.0,0.0,0.0,0.5,1.0,0.0,0.0,1.0,0.0,,2.0,-57.9,0.0,0.0,0.0,0.0,-53.9,grant-hurst-1,0.0,0.0,Guard,0.0,0.0,TENNESSEE,1.0,2.0,0.0,0.0,0.0,0.0,0.0,0.0,0.0,0.0,,0.0,59.6,,0.0,-0.726,Grant Hurst
2025-26,0.0,0.0,0.0,0.0,-72.1,sec,-23.7,0.0,0.0,0.0,0.0,2.0,0.0,0.0,0.0,0.0,,0.0,1.0,0.0,,2.0,-48.3,0.0,0.0,0.0,0.0,-42.8,gavin-paull-1,0.0,0.0,Guard,0.0,0.0,TENNESSEE,0.5,1.0,0.0,0.0,0.0,0.0,0.0,0.0,0.0,1.0,0.0,0.0,48.1,,0.0,-0.517,Gavin Paull
2025-26,13.2,60.0,4.0,37.0,10.8,acc,3.8,22.0,194.0,1.8,0.671,324.0,0.614,199.0,0.333,108.0,0.62,67.0,30.0,30.0,,932.0,6.9,8.2,66.0,3.1,77.0,25.5,henri-veesaar-1,502.0,454.0,Forward,1.1,17.0,NORTH-CAROLINA,0.272,88.0,0.42,37.0,15.4,260.0,0.669,11.5,49.0,236.0,0.686,162.0,22.9,,4.9,0.212,Henri Veesaar
2025-26,18.0,64.0,4.4,33.0,14.1,acc,5.3,22.2,158.0,1.7,0.59,294.0,0.578,170.0,0.616,181.0,0.713,129.0,24.0,24.0,,751.0,8.8,10.5,68.0,3.1,46.0,31.4,caleb-wilson-1,476.0,459.0,Forward,2.8,36.0,NORTH-CAROLINA,0.092,27.0,0.259,7.0,16.7,226.0,0.626,11.0,47.0,267.0,0.61,163.0,28.6,,4.8,0.255,Caleb Wilson
2025-26,16.0,65.0,0.7,5.0,5.3,acc,2.9,8.6,60.0,1.0,0.509,233.0,0.472,110.0,0.536,125.0,0.672,84.0,23.0,23.0,,736.0,2.4,3.6,23.0,1.5,44.0,16.9,seth-trimble-1,321.0,314.0,Guard,2.1,26.0,NORTH-CAROLINA,0.253,59.0,0.288,17.0,6.2,83.0,0.549,9.9,32.0,174.0,0.534,93.0,22.2,,2.6,0.139,Seth Trimble
2025-26,16.3,71.0,0.0,0.0,3.3,acc,1.2,8.5,62.0,0.9,0.504,260.0,0.404,105.0,0.277,72.0,0.736,53.0,32.0,20.0,,772.0,2.1,2.6,17.0,1.2,40.0,13.2,luka-bogavac-1,315.0,305.0,Guard,0.8,11.0,NORTH-CAROLINA,0.558,145.0,0.359,52.0,5.7,79.0,0.535,11.2,37.0,115.0,0.461,53.0,21.6,,2.1,0.107,Luka Bogavac
2025-26,5.9,29.0,2.6,21.0,5.6,acc,3.4,12.3,95.0,1.2,0.543,176.0,0.472,83.0,0.489,86.0,0.744,64.0,32.0,24.0,,818.0,2.2,6.5,46.0,1.5,60.0,14.3,jarin-stevenson-1,255.0,251.0,Forward,1.4,19.0,NORTH-CAROLINA,0.483,85.0,0.294,25.0,9.5,141.0,0.588,11.1,27.0,91.0,0.637,58.0,15.0,,2.7,0.132,Jarin Stevenson
2025-26,19.9,84.0,0.0,0.0,3.9,acc,2.1,9.7,64.0,0.8,0.5,177.0,0.367,65.0,0.186,33.0,0.818,27.0,32.0,15.0,,696.0,1.8,1.3,8.0,0.8,28.0,10.9,derek-dixon-1,204.0,218.0,Guard,1.1,13.0,NORTH-CAROLINA,0.672,119.0,0.395,47.0,5.7,72.0,0.529,15.7,36.0,58.0,0.31,18.0,16.6,,1.6,0.093,Derek Dixon
2025-26,7.8,24.0,0.4,2.0,4.5,acc,3.0,11.5,56.0,0.8,0.534,133.0,0.391,52.0,0.211,28.0,0.464,13.0,32.0,0.0,,516.0,1.4,4.3,19.0,0.7,40.0,11.7,jonathan-powell-1,155.0,147.0,Forward,1.8,16.0,NORTH-CAROLINA,0.744,99.0,0.384,38.0,8.0,75.0,0.53,7.0,11.0,34.0,0.412,14.0,15.4,,1.4,0.11,Jonathan Powell
2025-26,22.7,82.0,0.0,0.0,-0.5,acc,2.0,7.1,39.0,0.7,0.445,137.0,0.328,45.0,0.095,13.0,0.692,9.0,32.0,17.0,,581.0,-2.5,0.0,0.0,0.0,54.0,6.6,kyan-evans-1,131.0,155.0,Guard,1.6,16.0,NORTH-CAROLINA,0.766,105.0,0.305,32.0,3.7,39.0,0.457,20.5,37.0,32.0,0.406,13.0,15.6,,0.7,0.051,Kyan Evans
2025-26,9.6,14.0,2.7,7.0,3.8,acc,3.7,22.1,54.0,0.5,0.493,74.0,0.473,35.0,0.459,34.0,0.676,23.0,28.0,2.0,,258.0,0.1,10.8,24.0,0.3,31.0,16.8,zayden-high-2,96.0,101.0,Forward,2.3,10.0,NORTH-CAROLINA,0.216,16.0,0.188,3.0,16.7,78.0,0.532,16.6,18.0,58.0,0.552,32.0,21.1,,0.8,0.131,Zayden High
2025-26,8.0,11.0,1.4,3.0,0.0,acc,2.2,10.9,23.0,0.3,0.408,60.0,0.3,18.0,0.133,8.0,0.75,6.0,30.0,4.0,,222.0,-2.3,2.6,5.0,0.0,22.0,6.4,jaydon-young-1,55.0,54.0,Guard,1.3,5.0,NORTH-CAROLINA,0.767,46.0,0.283,13.0,7.0,28.0,0.431,11.1,8.0,14.0,0.357,5.0,16.3,,0.3,0.053,Jaydon Young
2025-26,6.2,1.0,0.0,0.0,4.4,acc,3.4,16.0,5.0,0.1,0.643,14.0,0.5,7.0,0.143,2.0,0.5,1.0,10.0,0.0,,33.0,1.0,3.5,1.0,0.1,6.0,19.7,isaiah-denis-1,19.0,15.0,Guard,1.8,1.0,NORTH-CAROLINA,0.571,8.0,0.5,4.0,10.1,6.0,0.635,6.3,1.0,6.0,0.5,3.0,24.3,,0.1,0.172,Isaiah Denis
2025-26,9.4,3.0,4.0,2.0,-1.6,acc,4.2,16.9,8.0,0.1,0.75,4.0,0.75,3.0,3.25,13.0,0.385,5.0,9.0,0.0,,50.0,-5.9,11.6,5.0,0.1,15.0,10.8,james-brown-12,11.0,14.0,Forward,1.2,1.0,NORTH-CAROLINA,0.0,0.0,,0.0,14.4,13.0,0.541,16.4,2.0,4.0,0.75,3.0,12.3,,0.2,0.126,James Brown
2025-26,69.8,3.0,0.0,0.0,22.2,acc,8.4,35.2,3.0,0.0,0.667,3.0,0.667,2.0,1.333,4.0,0.75,3.0,5.0,0.0,,9.0,13.7,25.9,2.0,0.1,2.0,52.8,evan-smith-3,7.0,9.0,Guard,0.0,0.0,NORTH-CAROLINA,0.0,0.0,,0.0,30.8,5.0,0.714,0.0,0.0,3.0,0.667,2.0,27.4,,0.1,0.588,Evan Smith
2025-26,0.0,0.0,0.0,0.0,-12.8,acc,-1.5,9.6,1.0,0.0,0.375,4.0,0.25,1.0,0.0,0.0,,0.0,6.0,1.0,,11.0,-11.3,0.0,0.0,0.0,2.0,0.4,elijah-davis-4,3.0,2.0,Guard,0.0,0.0,NORTH-CAROLINA,1.0,4.0,0.25,1.0,5.0,1.0,0.375,0.0,0.0,0.0,,0.0,18.3,,0.0,0.014,Elijah Davis
2025-26,0.0,0.0,0.0,0.0,2.8,acc,1.5,0.0,0.0,0.0,1.0,1.0,1.0,1.0,0.0,0.0,,0.0,4.0,0.0,,7.0,1.3,0.0,0.0,0.0,0.0,12.9,ivan-matlekovic-1,2.0,1.0,Forward,0.0,0.0,NORTH-CAROLINA,0.0,0.0,,0.0,0.0,0.0,1.0,0.0,0.0,1.0,1.0,1.0,7.2,,0.0,0.116,Ivan Matlekovic
2025-26,0.0,0.0,0.0,0.0,-5.5,acc,-3.2,11.7,1.0,0.0,0.0,1.0,0.0,0.0,2.0,2.0,0.5,1.0,5.0,0.0,,9.0,-2.4,25.9,2.0,0.0,1.0,7.8,john-holbrook-1,1.0,2.0,Forward,0.0,0.0,NORTH-CAROLINA,0.0,0.0,,0.0,18.5,3.0,0.256,0.0,0.0,1.0,0.0,0.0,10.9,,0.0,0.082,John Holbrook
2025-26,7.3,33.0,1.5,11.0,9.0,big-ten,1.4,18.2,139.0,1.1,0.609,353.0,0.518,183.0,0.38,134.0,0.873,117.0,31.0,30.0,,935.0,7.5,4.7,35.0,3.4,79.0,23.3,tyler-bilodeau-1,547.0,460.0,Forward,1.0,15.0,UCLA,0.391,138.0,0.464,64.0,11.6,174.0,0.656,8.8,40.0,215.0,0.553,119.0,25.9,,4.5,0.193,Tyler Bilodeau
2025-26,41.8,250.0,1.3,11.0,5.8,big-ten,2.2,8.7,80.0,1.3,0.441,400.0,0.42,168.0,0.358,143.0,0.636,91.0,33.0,32.0,,1128.0,3.6,1.7,15.0,2.2,58.0,18.2,donovan-dent-1,444.0,539.0,Guard,2.8,52.0,UCLA,0.163,65.0,0.262,17.0,5.2,95.0,0.474,11.7,62.0,335.0,0.451,151.0,24.9,,3.6,0.127,Donovan Dent
2025-26,17.8,96.0,0.5,4.0,7.3,big-ten,2.4,8.9,71.0,1.0,0.531,278.0,0.446,124.0,0.514,143.0,0.874,125.0,33.0,22.0,,978.0,4.9,3.4,26.0,2.8,56.0,18.4,trent-perry-2,420.0,415.0,Guard,1.9,31.0,UCLA,0.41,114.0,0.412,47.0,6.2,97.0,0.607,11.3,44.0,164.0,0.47,77.0,21.1,,3.8,0.156,Trent Perry
2025-26,9.3,44.0,1.0,7.0,4.6,big-ten,1.9,19.3,143.0,1.3,0.538,290.0,0.49,142.0,0.303,88.0,0.705,62.0,33.0,33.0,,909.0,2.8,6.8,49.0,1.5,69.0,17.1,eric-dailey-jr-2,374.0,351.0,Forward,1.9,29.0,UCLA,0.31,90.0,0.311,28.0,13.1,192.0,0.564,11.9,45.0,200.0,0.57,114.0,21.9,,2.8,0.124,Eric Dailey Jr.
2025-26,13.5,50.0,0.4,2.0,5.8,big-ten,2.5,8.4,47.0,0.8,0.579,215.0,0.46,99.0,0.167,36.0,0.861,31.0,24.0,21.0,,689.0,3.3,1.5,8.0,1.6,63.0,16.3,skyy-clark-1,280.0,248.0,Guard,2.5,28.0,UCLA,0.549,118.0,0.432,51.0,5.0,55.0,0.603,7.6,19.0,97.0,0.495,48.0,19.3,,2.4,0.137,Skyy Clark
2025-26,7.3,26.0,7.5,38.0,6.2,big-ten,3.0,13.6,74.0,0.8,0.623,171.0,0.55,94.0,0.193,33.0,0.697,23.0,34.0,25.0,,666.0,3.3,7.4,39.0,1.4,64.0,17.1,xavier-booker-2,236.0,216.0,Forward,0.6,7.0,UCLA,0.351,60.0,0.417,25.0,10.5,113.0,0.632,11.0,23.0,111.0,0.622,69.0,16.7,,2.2,0.133,Xavier Booker
2025-26,5.5,18.0,0.5,2.0,3.9,big-ten,2.3,14.1,63.0,0.7,0.536,110.0,0.427,47.0,0.145,16.0,1.0,16.0,34.0,2.0,,547.0,1.6,7.4,32.0,0.9,51.0,12.3,jamar-brown-2,134.0,136.0,Guard,2.2,20.0,UCLA,0.664,73.0,0.329,24.0,10.8,95.0,0.57,9.3,12.0,37.0,0.622,23.0,12.5,,1.6,0.113,Jamar Brown
2025-26,4.6,11.0,2.3,7.0,2.6,big-ten,2.4,9.3,30.0,0.5,0.467,75.0,0.427,32.0,0.36,27.0,0.63,17.0,32.0,4.0,,396.0,0.1,8.9,28.0,0.5,41.0,10.9,brandon-williams-10,87.0,95.0,Guard,2.2,14.0,UCLA,0.333,25.0,0.24,6.0,9.1,58.0,0.495,7.4,7.0,50.0,0.52,26.0,12.7,,0.9,0.093,Brandon Williams
2025-26,8.2,16.0,5.3,13.0,3.5,big-ten,5.5,11.4,30.0,0.6,0.733,30.0,0.733,22.0,0.9,27.0,0.63,17.0,33.0,1.0,,321.0,-2.0,13.8,35.0,0.5,75.0,13.5,steven-jamerson-ii-1,61.0,80.0,Center,3.8,20.0,UCLA,0.0,0.0,,0.0,12.6,65.0,0.712,31.8,20.0,30.0,0.733,22.0,10.4,,1.0,0.128,Steven Jamerson II
2025-26,5.9,10.0,1.9,4.0,2.8,big-ten,2.4,11.7,27.0,0.3,0.491,53.0,0.396,21.0,0.151,8.0,0.5,4.0,26.0,0.0,,282.0,0.4,6.7,15.0,0.2,24.0,8.6,eric-freeny-1,56.0,60.0,Guard,1.5,7.0,UCLA,0.509,27.0,0.37,10.0,9.3,42.0,0.493,13.7,9.0,26.0,0.423,11.0,12.4,,0.5,0.065,Eric Freeny
2025-26,0.0,0.0,0.0,0.0,1.5,big-ten,-3.1,24.5,2.0,0.0,0.5,2.0,0.5,1.0,0.0,0.0,,0.0,6.0,0.0,,10.0,4.6,37.8,3.0,0.0,1.0,20.0,anthony-peoples-1,2.0,4.0,Forward,0.0,0.0,UCLA,0.0,0.0,,0.0,31.1,5.0,0.5,0.0,0.0,2.0,0.5,1.0,10.6,,0.0,0.195,Anthony Peoples Jr.
2025-26,0.0,0.0,0.0,0.0,-31.7,big-ten,-8.4,45.9,3.0,0.0,0.2,5.0,0.2,1.0,0.2,1.0,0.0,0.0,6.0,0.0,,8.0,-23.3,15.8,1.0,-0.1,1.0,-10.7,jack-seidler-1,2.0,2.0,Guard,0.0,0.0,UCLA,0.2,1.0,0.0,0.0,31.1,4.0,0.183,15.4,1.0,4.0,0.25,1.0,42.8,,-0.1,-0.285,Jack Seidler
2025-26,21.0,1.0,0.0,0.0,-13.6,big-ten,-4.1,0.0,0.0,0.0,0.0,2.0,0.0,0.0,0.0,0.0,,0.0,4.0,0.0,,7.0,-9.6,0.0,0.0,0.0,0.0,-7.1,christian-horry-1,0.0,1.0,Guard,0.0,0.0,UCLA,0.5,1.0,0.0,0.0,0.0,0.0,0.0,0.0,0.0,1.0,0.0,0.0,15.1,,0.0,-0.144,Christian Horry
2025-26,13.7,66.0,3.1,25.0,8.5,acc,2.4,17.4,139.0,1.7,0.579,406.0,0.549,223.0,0.475,193.0,0.788,152.0,33.0,33.0,,942.0,6.1,10.0,78.0,3.2,82.0,26.3,malik-reneau-1,622.0,580.0,Forward,2.0,32.0,MIAMI-FL,0.167,68.0,0.353,24.0,13.7,217.0,0.625,15.5,91.0,338.0,0.589,199.0,30.6,,4.8,0.206,Malik Reneau
2025-26,29.9,192.0,0.7,7.0,7.1,acc,2.0,9.9,94.0,1.7,0.52,432.0,0.458,198.0,0.285,123.0,0.772,95.0,33.0,31.0,,1120.0,5.1,2.3,21.0,3.2,53.0,20.0,tre-donaldson-1,544.0,574.0,Guard,2.3,44.0,MIAMI-FL,0.356,154.0,0.344,53.0,6.1,115.0,0.555,12.6,71.0,278.0,0.522,145.0,24.5,,4.8,0.172,Tre Donaldson
2025-26,11.2,66.0,1.4,12.0,5.2,acc,2.1,11.5,99.0,1.6,0.584,309.0,0.563,174.0,0.495,153.0,0.588,90.0,33.0,33.0,,1016.0,3.1,7.1,60.0,2.2,70.0,18.3,shelton-henderson-1,451.0,431.0,Forward,2.1,37.0,MIAMI-FL,0.155,48.0,0.271,13.0,9.3,159.0,0.591,13.4,59.0,261.0,0.617,161.0,21.2,,3.8,0.148,Shelton Henderson
2025-26,10.2,48.0,0.0,0.0,5.6,acc,3.4,11.2,76.0,1.5,0.514,281.0,0.452,127.0,0.292,82.0,0.744,61.0,29.0,19.0,,800.0,2.2,5.6,37.0,1.4,49.0,17.5,tru-washington-1,350.0,329.0,Guard,4.0,55.0,MIAMI-FL,0.342,96.0,0.365,35.0,8.4,113.0,0.547,11.8,43.0,185.0,0.497,92.0,22.2,,2.9,0.145,Tru Washington
2025-26,3.0,17.0,6.1,45.0,7.6,acc,3.8,26.5,194.0,2.0,0.735,117.0,0.735,86.0,0.701,82.0,0.512,42.0,31.0,31.0,,862.0,3.8,13.2,94.0,2.0,71.0,19.7,ernest-udeh-jr-1,214.0,228.0,Center,2.1,32.0,MIAMI-FL,0.0,0.0,,0.0,19.9,288.0,0.686,10.3,18.0,117.0,0.735,86.0,9.9,,3.9,0.183,Ernest Udeh Jr.
2025-26,14.3,62.0,0.5,3.0,4.1,acc,3.1,11.3,64.0,1.0,0.5,153.0,0.431,66.0,0.301,46.0,0.587,27.0,28.0,16.0,,665.0,1.0,2.7,15.0,0.7,36.0,11.9,dante-allen-1,180.0,190.0,Guard,2.4,28.0,MIAMI-FL,0.458,70.0,0.3,21.0,7.1,79.0,0.515,13.8,28.0,83.0,0.542,45.0,14.9,,1.7,0.105,Dante Allen
2025-26,9.0,29.0,1.7,7.0,-0.1,acc,1.3,9.4,39.0,0.6,0.5,123.0,0.35,43.0,0.171,21.0,0.714,15.0,31.0,2.0,,489.0,-1.3,1.0,4.0,0.4,56.0,7.9,timotej-malovec-1,138.0,129.0,Forward,1.2,10.0,MIAMI-FL,0.902,111.0,0.333,37.0,5.2,43.0,0.519,13.1,20.0,12.0,0.5,6.0,15.3,,1.1,0.086,Timotej Malovec
2025-26,17.9,28.0,0.0,0.0,6.5,acc,2.1,6.1,13.0,0.3,0.643,70.0,0.457,32.0,0.129,9.0,1.0,9.0,26.0,0.0,,251.0,4.4,0.5,1.0,0.7,16.0,16.7,noam-dovrat-1,99.0,93.0,Guard,2.3,10.0,MIAMI-FL,0.786,55.0,0.473,26.0,3.3,14.0,0.666,11.9,10.0,15.0,0.4,6.0,16.4,,1.1,0.171,Noam Dovrat
2025-26,2.4,4.0,6.1,13.0,-1.0,acc,3.2,19.6,42.0,0.5,0.657,35.0,0.657,23.0,0.457,16.0,0.375,6.0,32.0,0.0,,252.0,-4.2,9.6,20.0,0.2,54.0,10.9,salih-altuntas-1,52.0,54.0,Center,1.6,7.0,MIAMI-FL,0.0,0.0,,0.0,14.7,62.0,0.61,22.0,12.0,35.0,0.657,23.0,10.6,,0.7,0.109,Salih Altuntas
2025-26,13.1,13.0,0.0,0.0,1.5,acc,1.2,14.0,18.0,0.2,0.5,33.0,0.424,14.0,0.394,13.0,0.692,9.0,8.0,0.0,,151.0,0.2,5.6,7.0,0.3,14.0,12.9,marcus-allen-3,42.0,46.0,Guard,0.8,2.0,MIAMI-FL,0.394,13.0,0.385,5.0,9.9,25.0,0.536,4.9,2.0,20.0,0.45,9.0,13.4,,0.5,0.141,Marcus Allen
2025-26,15.8,3.0,0.0,0.0,-9.0,acc,0.2,4.2,1.0,0.0,0.375,8.0,0.25,2.0,0.25,2.0,0.5,1.0,6.0,0.0,,28.0,-9.2,0.0,0.0,0.0,3.0,3.1,john-laboy-ii-1,7.0,8.0,Guard,4.1,2.0,MIAMI-FL,0.75,6.0,0.333,2.0,2.1,1.0,0.391,25.1,3.0,2.0,0.0,0.0,20.9,,0.0,-0.001,John Laboy II
2025-26,16.9,3.0,0.0,0.0,-12.9,acc,-0.2,9.4,2.0,0.0,0.214,7.0,0.143,1.0,0.0,0.0,,0.0,8.0,0.0,,25.0,-12.7,4.8,1.0,-0.1,6.0,-3.0,jordyn-kee-1,3.0,5.0,Guard,2.3,1.0,MIAMI-FL,0.571,4.0,0.25,1.0,7.2,3.0,0.214,22.2,2.0,3.0,0.0,0.0,17.6,,0.0,-0.037,Jordyn Kee
2025-26,16.0,89.0,0.8,8.0,7.3,sec,3.5,12.4,125.0,1.6,0.508,464.0,0.463,215.0,0.435,202.0,0.728,147.0,34.0,34.0,,1100.0,3.9,3.3,32.0,2.4,90.0,20.1,otega-oweh-1,618.0,570.0,Guard,3.2,61.0,KENTUCKY,0.263,122.0,0.336,41.0,7.9,157.0,0.552,10.8,68.0,342.0,0.509,174.0,27.9,,4.1,0.147,Otega Oweh
2025-26,21.2,121.0,0.3,3.0,5.8,sec,1.6,6.8,64.0,0.9,0.507,349.0,0.43,150.0,0.341,119.0,0.798,95.0,34.0,33.0,,1026.0,4.2,2.5,23.0,2.5,63.0,16.1,denzel-aberdeen-1,449.0,448.0,Guard,1.3,24.0,KENTUCKY,0.441,154.0,0.351,54.0,4.7,87.0,0.554,9.4,42.0,195.0,0.492,96.0,21.3,,3.4,0.133,Denzel Aberdeen
2025-26,14.5,76.0,1.0,8.0,7.3,sec,3.7,10.0,83.0,1.2,0.588,245.0,0.445,109.0,0.245,60.0,0.833,50.0,34.0,29.0,,904.0,3.6,1.6,13.0,1.9,74.0,15.6,collin-chandler-1,338.0,313.0,Guard,2.6,41.0,KENTUCKY,0.669,164.0,0.427,70.0,5.9,96.0,0.618,11.9,37.0,81.0,0.481,39.0,16.8,,3.1,0.136,Collin Chandler
2025-26,13.3,60.0,7.6,53.0,8.1,sec,4.4,18.7,133.0,1.3,0.583,163.0,0.583,95.0,0.724,118.0,0.703,83.0,34.0,28.0,,776.0,3.7,12.1,83.0,2.0,72.0,21.2,malachi-moreno-1,273.0,304.0,Center,1.4,19.0,KENTUCKY,0.018,3.0,0.0,0.0,15.5,216.0,0.623,16.1,42.0,160.0,0.594,95.0,16.5,,3.3,0.17,Malachi Moreno
2025-26,8.1,28.0,4.9,27.0,7.4,sec,3.7,16.4,93.0,1.1,0.545,168.0,0.53,89.0,0.643,108.0,0.639,69.0,29.0,10.0,,619.0,3.7,12.2,67.0,1.6,77.0,20.9,mouhamed-dioubate-1,252.0,258.0,Forward,2.6,28.0,KENTUCKY,0.155,26.0,0.192,5.0,14.4,160.0,0.575,9.5,23.0,142.0,0.592,84.0,19.1,,2.7,0.172,Mouhamed Dioubate
2025-26,7.3,19.0,2.4,10.0,4.5,sec,2.0,17.3,75.0,0.7,0.55,150.0,0.48,72.0,0.1,15.0,0.533,8.0,30.0,18.0,,473.0,2.5,9.8,41.0,0.6,42.0,15.4,andrija-jelavic-1,173.0,167.0,Forward,1.7,14.0,KENTUCKY,0.5,75.0,0.28,21.0,13.6,116.0,0.551,13.7,25.0,75.0,0.68,51.0,18.8,,1.3,0.108,Andrija Jelavic
2025-26,24.0,55.0,0.5,2.0,1.0,sec,0.0,8.0,30.0,0.3,0.503,147.0,0.401,59.0,0.17,25.0,0.88,22.0,33.0,0.0,,411.0,1.0,1.9,7.0,0.5,40.0,11.7,jasper-johnson-2,170.0,172.0,Guard,0.7,5.0,KENTUCKY,0.599,88.0,0.341,30.0,5.0,37.0,0.535,17.2,33.0,59.0,0.492,29.0,22.8,,0.8,0.078,Jasper Johnson
2025-26,11.8,37.0,5.0,24.0,4.7,sec,4.2,16.8,83.0,0.9,0.564,117.0,0.547,64.0,0.333,39.0,0.641,25.0,34.0,5.0,,539.0,0.5,10.5,50.0,0.8,84.0,15.5,brandon-garrison-2,157.0,175.0,Center,1.9,18.0,KENTUCKY,0.145,17.0,0.235,4.0,13.7,133.0,0.579,18.1,30.0,100.0,0.6,60.0,15.0,,1.7,0.125,Brandon Garrison
2025-26,8.6,21.0,1.9,7.0,4.4,sec,2.4,9.0,34.0,0.5,0.567,104.0,0.442,46.0,0.192,20.0,0.95,19.0,22.0,7.0,,415.0,2.0,4.4,16.0,0.8,41.0,13.5,kam-williams-2,137.0,128.0,Guard,1.8,13.0,KENTUCKY,0.721,75.0,0.347,26.0,6.7,50.0,0.604,10.3,13.0,29.0,0.69,20.0,14.9,,1.3,0.122,Kam Williams
2025-26,7.2,13.0,1.2,3.0,4.8,sec,3.5,19.4,51.0,0.5,0.492,62.0,0.355,22.0,0.371,23.0,0.826,19.0,27.0,3.0,,287.0,1.2,4.3,11.0,0.4,26.0,13.1,trent-noah-1,80.0,79.0,Forward,2.4,12.0,KENTUCKY,0.823,51.0,0.333,17.0,12.0,62.0,0.549,9.9,8.0,11.0,0.455,5.0,13.8,,0.9,0.124,Trent Noah
2025-26,23.8,22.0,1.3,2.0,4.4,sec,2.6,10.5,16.0,0.2,0.396,67.0,0.358,24.0,0.403,27.0,0.704,19.0,9.0,2.0,,166.0,1.8,2.0,3.0,0.2,12.0,14.1,jaland-lowe-2,72.0,75.0,Guard,2.1,6.0,KENTUCKY,0.358,24.0,0.208,5.0,6.4,19.0,0.451,9.1,8.0,43.0,0.442,19.0,25.9,,0.4,0.09,Jaland Lowe
2025-26,5.1,2.0,5.0,3.0,1.8,sec,1.8,19.6,12.0,0.1,0.571,14.0,0.571,8.0,0.929,13.0,0.308,4.0,4.0,1.0,,67.0,0.0,13.5,8.0,0.0,5.0,13.1,jayden-quaintance-1,20.0,22.0,Forward,1.7,2.0,KENTUCKY,0.0,0.0,,0.0,16.6,20.0,0.496,22.9,6.0,14.0,0.571,8.0,19.1,,0.1,0.053,Jayden Quaintance
2025-26,0.0,0.0,0.0,0.0,4.7,sec,1.1,0.0,0.0,0.0,1.5,1.0,1.0,1.0,2.0,2.0,0.5,1.0,7.0,0.0,,8.0,3.6,0.0,0.0,0.0,1.0,19.3,zach-tow-1,4.0,2.0,Forward,0.0,0.0,KENTUCKY,1.0,1.0,1.0,1.0,0.0,0.0,1.026,0.0,0.0,0.0,,0.0,11.9,,0.0,0.156,Zach Tow
2025-26,21.7,1.0,0.0,0.0,-31.3,sec,-11.5,13.7,1.0,0.0,0.25,6.0,0.167,1.0,0.0,0.0,,0.0,7.0,0.0,,8.0,-19.8,0.0,0.0,-0.1,0.0,-15.9,walker-horn-1,3.0,3.0,Guard,0.0,0.0,KENTUCKY,1.0,6.0,0.167,1.0,7.0,1.0,0.25,25.0,2.0,0.0,,0.0,48.9,,-0.1,-0.35,Walker Horn
2025-26,14.0,69.0,1.8,17.0,8.2,wcc,2.7,19.4,184.0,2.3,0.53,411.0,0.487,200.0,0.482,198.0,0.838,166.0,32.0,32.0,,1039.0,5.6,7.4,63.0,3.8,77.0,24.0,paulius-murauskas-1,602.0,560.0,Forward,1.2,20.0,SAINT-MARYS-CA,0.26,107.0,0.336,36.0,13.7,247.0,0.596,10.3,58.0,304.0,0.539,164.0,27.6,,6.1,0.235,Paulius Murauskas
2025-26,16.7,70.0,1.0,8.0,5.4,wcc,1.9,9.7,76.0,1.7,0.49,381.0,0.402,153.0,0.244,93.0,0.882,82.0,32.0,32.0,,860.0,3.5,1.7,12.0,2.0,46.0,17.2,mikey-lewis-1,455.0,410.0,Guard,1.6,23.0,SAINT-MARYS-CA,0.472,180.0,0.372,67.0,5.9,88.0,0.535,9.4,44.0,201.0,0.428,86.0,27.8,,3.7,0.171,Mikey Lewis
2025-26,28.4,181.0,0.5,5.0,6.7,wcc,3.4,6.5,69.0,2.3,0.564,290.0,0.466,135.0,0.334,97.0,0.918,89.0,32.0,32.0,,1159.0,3.2,0.9,9.0,3.0,59.0,17.1,joshua-dent-1,416.0,446.0,Guard,2.6,51.0,SAINT-MARYS-CA,0.49,142.0,0.401,57.0,3.9,78.0,0.619,17.4,71.0,148.0,0.527,78.0,17.9,,5.3,0.184,Joshua Dent
2025-26,14.3,55.0,4.0,27.0,5.8,wcc,2.8,25.4,171.0,1.9,0.507,207.0,0.507,105.0,0.435,90.0,0.656,59.0,32.0,10.0,,737.0,3.0,20.3,123.0,1.5,67.0,21.4,andrew-mckeever-1,269.0,319.0,Center,1.4,17.0,SAINT-MARYS-CA,0.0,0.0,,0.0,23.0,294.0,0.539,18.0,55.0,207.0,0.507,105.0,21.1,,3.5,0.188,Andrew McKeever
2025-26,10.3,51.0,2.5,20.0,6.3,wcc,4.2,16.0,128.0,2.0,0.556,196.0,0.429,84.0,0.163,32.0,0.719,23.0,32.0,21.0,,873.0,2.2,6.0,43.0,1.4,75.0,14.0,dillan-shaw-1,241.0,239.0,Guard,1.9,28.0,SAINT-MARYS-CA,0.612,120.0,0.417,50.0,11.3,171.0,0.571,12.8,31.0,76.0,0.447,34.0,14.1,,3.4,0.158,Dillan Shaw
2025-26,6.2,18.0,6.6,32.0,4.0,wcc,3.4,18.4,88.0,1.3,0.519,108.0,0.519,56.0,0.565,61.0,0.672,41.0,31.0,22.0,,522.0,0.6,17.0,73.0,1.1,70.0,18.5,harry-wessels-1,153.0,175.0,Center,1.4,12.0,SAINT-MARYS-CA,0.0,0.0,,0.0,17.8,161.0,0.558,13.3,21.0,108.0,0.519,56.0,15.4,,2.5,0.189,Harry Wessels
2025-26,5.8,15.0,0.0,0.0,5.2,wcc,2.9,11.5,48.0,0.9,0.616,95.0,0.495,47.0,0.379,36.0,0.833,30.0,32.0,0.0,,457.0,2.2,1.9,7.0,1.0,26.0,13.4,liam-campbell-1,147.0,125.0,Guard,1.4,11.0,SAINT-MARYS-CA,0.495,47.0,0.489,23.0,6.9,55.0,0.656,10.4,13.0,48.0,0.5,24.0,14.0,,1.8,0.16,Liam Campbell
2025-26,5.6,11.0,0.3,1.0,0.0,wcc,2.7,9.4,29.0,0.6,0.547,53.0,0.509,27.0,0.434,23.0,0.783,18.0,31.0,4.0,,336.0,-2.8,2.5,7.0,0.2,33.0,7.7,rory-hawke-1,76.0,70.0,Guard,1.3,7.0,SAINT-MARYS-CA,0.34,18.0,0.222,4.0,6.2,36.0,0.594,20.0,16.0,35.0,0.657,23.0,12.1,,0.9,0.101,Rory Hawke
2025-26,12.1,9.0,4.5,6.0,3.2,wcc,4.7,6.1,8.0,0.3,0.46,50.0,0.42,21.0,0.5,25.0,0.92,23.0,21.0,0.0,,143.0,-1.5,1.7,2.0,0.3,21.0,16.8,tony-duckett-2,69.0,63.0,Guard,2.5,6.0,SAINT-MARYS-CA,0.26,13.0,0.308,4.0,4.0,10.0,0.558,11.4,8.0,37.0,0.459,17.0,24.9,,0.6,0.18,Tony Duckett
2025-26,8.9,7.0,0.0,0.0,7.5,wcc,3.1,22.0,29.0,0.3,0.662,37.0,0.459,17.0,0.243,9.0,0.556,5.0,25.0,0.0,,144.0,4.5,6.8,8.0,0.3,11.0,16.8,mantas-juzenas-1,54.0,48.0,Guard,1.3,3.0,SAINT-MARYS-CA,0.838,31.0,0.484,15.0,14.8,37.0,0.654,14.5,7.0,6.0,0.333,2.0,17.1,,0.6,0.18,Mantas Juzenas
2025-26,11.6,5.0,0.0,0.0,3.7,wcc,2.6,7.7,5.0,0.1,0.455,11.0,0.364,4.0,0.0,0.0,,0.0,7.0,7.0,,71.0,1.2,6.9,4.0,0.1,6.0,7.5,kevin-gad-1,10.0,13.0,Forward,0.8,1.0,SAINT-MARYS-CA,0.545,6.0,0.333,2.0,7.3,9.0,0.455,8.3,1.0,5.0,0.4,2.0,8.6,,0.2,0.113,Kevin Gad
2025-26,17.7,4.0,0.0,0.0,5.8,wcc,4.3,23.7,8.0,0.1,0.6,5.0,0.4,2.0,0.8,4.0,0.5,2.0,8.0,0.0,,37.0,1.6,0.0,0.0,0.1,4.0,10.5,cade-bennett-1,8.0,9.0,Guard,0.0,0.0,SAINT-MARYS-CA,1.0,5.0,0.4,2.0,12.5,8.0,0.58,12.7,1.0,0.0,,0.0,10.9,,0.1,0.149,Cade Bennett
2025-26,0.0,0.0,0.0,0.0,-9.6,wcc,1.5,0.0,0.0,0.0,0.333,3.0,0.333,1.0,0.0,0.0,,0.0,10.0,0.0,,21.0,-11.1,0.0,0.0,0.0,5.0,-3.6,oliver-faubert-1,2.0,2.0,Forward,2.9,1.0,SAINT-MARYS-CA,0.0,0.0,,0.0,0.0,0.0,0.333,25.0,1.0,3.0,0.333,1.0,9.7,,0.0,0.009,Oliver Faubert
2025-26,22.0,129.0,0.8,8.0,13.1,big-ten,3.2,13.6,138.0,1.4,0.63,419.0,0.558,234.0,0.401,168.0,0.827,139.0,33.0,33.0,,1201.0,9.8,3.5,31.0,5.6,59.0,26.4,bruce-thornton-1,667.0,641.0,Guard,1.9,38.0,OHIO-STATE,0.358,150.0,0.4,60.0,8.8,169.0,0.669,7.9,43.0,269.0,0.647,174.0,23.9,,7.1,0.235,Bruce Thornton
2025-26,16.4,81.0,0.4,3.0,6.7,big-ten,0.7,7.7,61.0,0.8,0.573,342.0,0.436,149.0,0.266,91.0,0.868,79.0,30.0,30.0,,943.0,6.0,1.6,11.0,2.5,53.0,17.7,john-mobley-jr-1,471.0,435.0,Guard,1.5,23.0,OHIO-STATE,0.658,225.0,0.418,94.0,4.8,72.0,0.611,12.7,56.0,117.0,0.47,55.0,24.7,,3.3,0.14,John Mobley Jr.
2025-26,9.7,52.0,0.6,5.0,4.2,big-ten,1.2,15.0,127.0,1.1,0.526,307.0,0.476,146.0,0.414,127.0,0.795,101.0,31.0,31.0,,1000.0,3.0,6.7,50.0,2.1,84.0,16.3,devin-royal-2,424.0,414.0,Forward,1.2,20.0,OHIO-STATE,0.316,97.0,0.32,31.0,11.1,177.0,0.577,12.8,54.0,210.0,0.548,115.0,22.3,,3.2,0.128,Devin Royal
2025-26,15.6,68.0,2.4,16.0,5.6,big-ten,2.8,15.2,103.0,1.0,0.509,229.0,0.48,110.0,0.655,150.0,0.727,109.0,31.0,31.0,,801.0,2.8,7.0,42.0,1.9,99.0,17.8,christoph-tilly-1,342.0,358.0,Center,1.4,19.0,OHIO-STATE,0.24,55.0,0.236,13.0,11.4,145.0,0.57,13.5,47.0,174.0,0.557,97.0,22.9,,2.9,0.145,Christoph Tilly
2025-26,6.8,35.0,3.3,26.0,4.8,big-ten,2.6,15.5,122.0,1.2,0.559,247.0,0.502,124.0,0.239,59.0,0.729,43.0,33.0,23.0,,934.0,2.3,5.3,37.0,1.5,86.0,14.5,amare-bynum-1,319.0,300.0,Forward,1.3,20.0,OHIO-STATE,0.356,88.0,0.318,28.0,10.7,159.0,0.58,11.9,37.0,159.0,0.604,96.0,17.7,,2.6,0.113,Amare Bynum
2025-26,11.3,23.0,1.0,3.0,4.6,big-ten,2.4,8.6,26.0,0.4,0.612,85.0,0.471,40.0,0.235,20.0,0.85,17.0,27.0,3.0,,357.0,2.3,2.2,6.0,0.6,36.0,12.6,taison-chatman-2,121.0,113.0,Guard,1.7,10.0,OHIO-STATE,0.6,51.0,0.471,24.0,5.6,32.0,0.64,17.5,20.0,34.0,0.471,16.0,17.0,,0.9,0.106,Taison Chatman
2025-26,8.8,14.0,1.2,3.0,4.2,big-ten,1.3,15.8,40.0,0.3,0.651,73.0,0.63,46.0,0.205,15.0,0.733,11.0,15.0,10.0,,299.0,2.9,8.5,19.0,0.6,22.0,16.7,brandon-noel-1,106.0,103.0,Forward,1.0,5.0,OHIO-STATE,0.205,15.0,0.2,3.0,12.4,59.0,0.661,16.6,16.0,58.0,0.741,43.0,17.0,,1.0,0.128,Brandon Noel
2025-26,9.8,20.0,4.2,12.0,4.4,big-ten,3.3,21.2,61.0,0.5,0.588,51.0,0.569,29.0,0.569,29.0,0.655,19.0,29.0,2.0,,341.0,1.0,11.4,29.0,0.6,49.0,13.6,ivan-njegovan-1,79.0,97.0,Center,0.7,4.0,OHIO-STATE,0.059,3.0,0.667,2.0,16.6,90.0,0.61,20.8,17.0,48.0,0.563,27.0,12.7,,1.0,0.123,Ivan Njegovan
2025-26,14.0,36.0,0.3,1.0,0.9,big-ten,3.3,9.1,31.0,0.4,0.442,43.0,0.372,16.0,0.442,19.0,0.737,14.0,32.0,0.0,,401.0,-2.4,2.0,6.0,0.1,49.0,5.3,gabe-cupps-1,52.0,70.0,Guard,1.8,12.0,OHIO-STATE,0.581,25.0,0.24,6.0,5.8,37.0,0.5,28.8,21.0,18.0,0.556,10.0,9.6,,0.5,0.047,Gabe Cupps
2025-26,7.4,12.0,0.9,2.0,1.9,big-ten,3.2,8.9,19.0,0.3,0.429,28.0,0.393,11.0,0.179,5.0,0.2,1.0,29.0,1.0,,252.0,-1.3,5.3,10.0,0.1,27.0,5.6,colin-white-1,25.0,35.0,Forward,1.9,8.0,OHIO-STATE,0.643,18.0,0.111,2.0,7.2,29.0,0.412,14.1,5.0,10.0,0.9,9.0,7.4,,0.3,0.054,Colin White
2025-26,1.5,1.0,0.0,0.0,-3.1,big-ten,0.5,4.6,4.0,0.1,0.417,18.0,0.333,6.0,0.5,9.0,0.667,6.0,9.0,1.0,,104.0,-3.5,7.7,6.0,0.0,18.0,3.3,puff-johnson-1,21.0,23.0,Guard,0.6,1.0,OHIO-STATE,0.389,7.0,0.429,3.0,6.0,10.0,0.471,15.2,4.0,11.0,0.273,3.0,13.4,,0.1,0.035,Puff Johnson
2025-26,9.3,2.0,0.0,0.0,-8.4,big-ten,-0.8,14.3,4.0,0.0,0.188,8.0,0.125,1.0,0.875,7.0,0.429,3.0,6.0,0.0,,33.0,-7.6,4.1,1.0,-0.1,2.0,2.0,mathieu-grujicic-1,6.0,7.0,Guard,1.8,1.0,OHIO-STATE,0.875,7.0,0.143,1.0,9.5,5.0,0.265,8.1,1.0,1.0,0.0,0.0,19.7,,0.0,-0.031,Mathieu Grujicic
2025-26,18.3,1.0,0.0,0.0,3.1,big-ten,1.4,0.0,0.0,0.0,,0.0,,0.0,,0.0,,0.0,6.0,0.0,,8.0,1.7,0.0,0.0,0.0,0.0,4.7,braylen-nash-1,0.0,1.0,Guard,0.0,0.0,OHIO-STATE,,0.0,,0.0,0.0,0.0,,,0.0,0.0,,0.0,0.0,,0.0,0.058,Braylen Nash
2025-26,10.5,51.0,1.1,9.0,7.9,big-east,2.4,15.6,123.0,1.5,0.533,346.0,0.442,153.0,0.266,92.0,0.739,68.0,32.0,32.0,,948.0,5.5,6.1,51.0,2.4,63.0,19.8,tyler-perkins-1,437.0,404.0,Guard,2.4,38.0,VILLANOVA,0.497,172.0,0.366,63.0,10.7,174.0,0.561,6.3,26.0,174.0,0.517,90.0,22.5,,4.0,0.167,Tyler Perkins
2025-26,33.6,168.0,0.3,3.0,5.9,big-east,3.6,10.6,85.0,1.6,0.503,332.0,0.464,154.0,0.31,103.0,0.583,60.0,32.0,32.0,,970.0,2.3,1.5,13.0,1.6,62.0,17.9,acaden-lewis-1,394.0,433.0,Guard,3.8,62.0,VILLANOVA,0.289,96.0,0.271,26.0,5.9,98.0,0.517,15.1,68.0,236.0,0.542,128.0,23.8,,3.2,0.131,Acaden Lewis
2025-26,12.3,62.0,2.0,17.0,7.2,big-east,2.2,24.5,195.0,1.7,0.657,213.0,0.657,140.0,0.775,165.0,0.624,103.0,31.0,31.0,,957.0,4.9,14.9,125.0,2.9,74.0,23.2,duke-brennan-1,383.0,412.0,Forward,1.6,25.0,VILLANOVA,0.0,0.0,,0.0,19.6,320.0,0.657,17.5,62.0,213.0,0.657,140.0,19.0,,4.6,0.191,Duke Brennan
2025-26,13.3,65.0,0.0,0.0,2.7,big-east,0.6,6.4,48.0,0.9,0.486,327.0,0.376,123.0,0.245,80.0,0.788,63.0,32.0,30.0,,907.0,2.0,2.3,18.0,1.4,55.0,13.0,bryce-lindsay-1,381.0,354.0,Guard,1.5,22.0,VILLANOVA,0.636,208.0,0.346,72.0,4.3,66.0,0.522,9.2,37.0,119.0,0.429,51.0,22.8,,2.3,0.102,Bryce Lindsay
2025-26,17.2,67.0,0.6,4.0,6.0,big-east,2.7,9.9,61.0,1.1,0.522,268.0,0.403,108.0,0.175,47.0,0.872,41.0,32.0,2.0,,739.0,3.3,3.2,21.0,1.4,69.0,16.4,devin-askew-1,321.0,305.0,Guard,2.9,35.0,VILLANOVA,0.586,157.0,0.408,64.0,6.5,82.0,0.553,11.3,37.0,111.0,0.396,44.0,22.8,,2.5,0.136,Devin Askew
2025-26,4.5,20.0,2.4,17.0,3.9,big-east,1.5,10.5,70.0,0.9,0.572,208.0,0.452,94.0,0.221,46.0,0.652,30.0,29.0,29.0,,801.0,2.4,4.8,34.0,1.3,63.0,13.0,matthew-hodge-1,268.0,237.0,Forward,0.9,12.0,VILLANOVA,0.654,136.0,0.368,50.0,7.6,104.0,0.583,8.4,21.0,72.0,0.611,44.0,16.1,,2.3,0.113,Matthew Hodge
2025-26,5.5,19.0,0.4,2.0,2.4,big-east,2.5,7.6,37.0,0.7,0.568,110.0,0.455,50.0,0.191,21.0,0.762,16.0,32.0,3.0,,583.0,-0.1,3.3,17.0,0.7,51.0,9.8,malachi-palmer-1,141.0,130.0,Guard,2.0,19.0,VILLANOVA,0.664,73.0,0.342,25.0,5.4,54.0,0.588,11.8,16.0,37.0,0.676,25.0,12.0,,1.4,0.094,Malachi Palmer
2025-26,22.7,22.0,0.0,0.0,8.7,big-east,6.3,12.9,19.0,0.3,0.554,46.0,0.5,23.0,0.435,20.0,0.8,16.0,21.0,0.0,,178.0,2.4,2.6,4.0,0.5,22.0,20.3,christian-jeffrey-1,67.0,70.0,Guard,4.4,13.0,VILLANOVA,0.304,14.0,0.357,5.0,7.6,23.0,0.604,8.3,5.0,32.0,0.563,18.0,17.5,,0.9,0.198,Christian Jeffrey
2025-26,12.6,14.0,6.5,11.0,3.1,big-east,5.2,10.2,16.0,0.3,0.667,24.0,0.667,16.0,0.208,5.0,0.6,3.0,29.0,1.0,,189.0,-2.0,5.4,9.0,0.2,30.0,11.3,braden-pierce-1,35.0,40.0,Center,1.6,5.0,VILLANOVA,0.0,0.0,,0.0,7.7,25.0,0.664,27.5,10.0,24.0,0.667,16.0,9.9,,0.5,0.1,Braden Pierce
2025-26,4.3,4.0,5.3,7.0,-0.4,big-east,3.0,15.6,19.0,0.3,0.315,27.0,0.259,7.0,0.407,11.0,0.818,9.0,9.0,0.0,,147.0,-3.4,5.4,7.0,0.0,17.0,7.6,tafara-gapare-1,26.0,29.0,Forward,2.0,5.0,VILLANOVA,0.519,14.0,0.214,3.0,10.4,26.0,0.403,15.7,6.0,13.0,0.308,4.0,13.4,,0.2,0.057,Tafara Gapare
2025-26,13.6,4.0,0.0,0.0,-3.9,big-east,1.3,4.7,2.0,0.1,0.5,10.0,0.5,5.0,0.4,4.0,0.75,3.0,10.0,0.0,,51.0,-5.2,6.7,3.0,-0.1,7.0,5.4,zion-stanford-1,13.0,15.0,Guard,2.4,2.0,VILLANOVA,0.3,3.0,0.0,0.0,5.7,5.0,0.546,37.0,7.0,7.0,0.714,5.0,19.0,,0.0,0.003,Zion Stanford
2025-26,0.0,0.0,0.0,0.0,3.1,big-east,0.1,0.0,0.0,0.0,,0.0,,0.0,,4.0,0.75,3.0,2.0,0.0,,4.0,3.0,0.0,0.0,0.0,0.0,32.6,wade-chiddick-1,3.0,3.0,Guard,0.0,0.0,VILLANOVA,,0.0,,0.0,0.0,0.0,0.789,0.0,0.0,0.0,,0.0,24.4,,0.0,0.382,Wade Chiddick
2025-26,0.0,0.0,0.0,0.0,-47.9,big-east,-9.4,100.0,1.0,0.0,0.0,1.0,0.0,0.0,0.0,0.0,,0.0,1.0,0.0,,1.0,-38.5,0.0,0.0,0.0,0.0,-26.0,malcolm-flaggs-1,0.0,0.0,Guard,0.0,0.0,VILLANOVA,0.0,0.0,,0.0,58.5,1.0,0.0,0.0,0.0,1.0,0.0,0.0,51.4,,0.0,-0.496,Malcolm Flaggs
2025-26,12.5,53.0,1.2,9.0,6.5,sec,1.8,6.7,49.0,1.0,0.501,389.0,0.409,159.0,0.396,154.0,0.779,120.0,30.0,21.0,,766.0,4.6,1.7,12.0,2.2,49.0,21.6,jeremiah-wilkinson-1,510.0,455.0,Guard,3.5,49.0,GEORGIA,0.53,206.0,0.35,72.0,4.3,61.0,0.552,8.1,41.0,183.0,0.475,87.0,30.4,,3.2,0.165,Jeremiah Wilkinson
2025-26,16.1,85.0,0.7,6.0,8.4,sec,2.5,13.2,112.0,1.2,0.542,322.0,0.472,152.0,0.261,84.0,0.905,76.0,32.0,32.0,,894.0,5.9,6.4,52.0,2.8,50.0,21.3,blue-cain-2,425.0,429.0,Guard,2.7,45.0,GEORGIA,0.453,146.0,0.308,45.0,9.8,164.0,0.587,8.8,35.0,176.0,0.608,107.0,20.6,,4.1,0.182,Blue Cain
2025-26,25.6,129.0,0.0,0.0,5.7,sec,0.9,8.6,68.0,0.8,0.565,279.0,0.459,128.0,0.283,79.0,0.848,67.0,32.0,7.0,,832.0,4.9,2.6,20.0,2.4,56.0,18.1,marcus-millender-1,382.0,401.0,Guard,1.9,29.0,GEORGIA,0.538,150.0,0.393,59.0,5.7,88.0,0.603,15.0,56.0,129.0,0.535,69.0,20.7,,3.2,0.152,Marcus Millender
2025-26,8.8,37.0,1.5,11.0,5.9,sec,0.9,15.5,107.0,1.0,0.552,299.0,0.438,131.0,0.211,63.0,0.651,41.0,31.0,31.0,,728.0,5.0,6.2,41.0,1.6,58.0,18.2,kanon-catchings-1,371.0,340.0,Forward,1.8,24.0,GEORGIA,0.589,176.0,0.386,68.0,10.9,148.0,0.564,9.9,36.0,123.0,0.512,63.0,23.2,,2.6,0.143,Kanon Catchings
2025-26,4.7,19.0,10.8,74.0,8.2,sec,4.1,15.2,99.0,1.1,0.764,157.0,0.764,120.0,0.739,116.0,0.578,67.0,32.0,31.0,,687.0,4.1,12.6,79.0,2.2,96.0,25.0,somto-cyril-1,307.0,294.0,Center,1.6,20.0,GEORGIA,0.0,0.0,,0.0,13.9,178.0,0.724,13.8,34.0,157.0,0.764,120.0,16.6,,3.4,0.197,Somto Cyril
2025-26,17.2,74.0,0.2,1.0,2.3,sec,1.7,10.2,63.0,0.7,0.462,146.0,0.418,61.0,0.61,89.0,0.798,71.0,31.0,25.0,,648.0,0.6,2.5,15.0,1.2,57.0,13.1,jordan-ross-1,206.0,227.0,Guard,1.7,20.0,GEORGIA,0.281,41.0,0.317,13.0,6.5,78.0,0.547,12.5,27.0,105.0,0.457,48.0,15.4,,1.9,0.118,Jordan Ross
2025-26,6.4,12.0,4.1,13.0,5.1,sec,2.2,11.0,33.0,0.5,0.522,113.0,0.469,53.0,0.398,45.0,0.778,35.0,31.0,0.0,,316.0,2.9,7.3,21.0,0.7,24.0,20.0,jake-wilkins-1,153.0,144.0,Forward,2.9,17.0,GEORGIA,0.487,55.0,0.218,12.0,9.2,54.0,0.569,10.0,15.0,58.0,0.707,41.0,21.9,,1.2,0.152,Jake Wilkins
2025-26,7.4,19.0,3.2,13.0,3.5,sec,1.7,14.3,55.0,0.5,0.583,102.0,0.51,52.0,0.422,43.0,0.767,33.0,32.0,8.0,,405.0,1.8,5.4,20.0,0.7,35.0,15.3,kareem-stagg-1,152.0,145.0,Forward,1.6,12.0,GEORGIA,0.471,48.0,0.313,15.0,9.9,75.0,0.621,17.5,26.0,54.0,0.685,37.0,17.0,,1.2,0.119,Kareem Stagg
2025-26,5.5,17.0,4.0,19.0,2.0,sec,2.3,16.2,74.0,0.8,0.456,126.0,0.452,57.0,0.31,39.0,0.769,30.0,32.0,2.0,,480.0,-0.3,11.0,48.0,0.4,49.0,14.3,dylan-james-2,145.0,160.0,Forward,2.6,23.0,GEORGIA,0.135,17.0,0.059,1.0,13.6,122.0,0.502,16.7,29.0,109.0,0.514,56.0,16.7,,1.2,0.099,Dylan James
2025-26,8.1,20.0,0.0,0.0,1.3,sec,1.9,10.0,36.0,0.4,0.505,106.0,0.377,40.0,0.217,23.0,0.783,18.0,30.0,2.0,,378.0,-0.5,2.0,7.0,0.5,48.0,10.5,justin-bailey-2,125.0,117.0,Guard,2.3,16.0,GEORGIA,0.726,77.0,0.351,27.0,6.1,43.0,0.535,10.0,13.0,29.0,0.448,13.0,15.9,,0.9,0.099,Justin Bailey
2025-26,5.7,13.0,14.4,49.0,8.3,sec,5.1,20.9,68.0,0.7,0.627,51.0,0.627,32.0,0.745,38.0,0.632,24.0,30.0,1.0,,342.0,3.2,13.1,41.0,0.7,20.0,21.3,justin-abson-1,88.0,104.0,Forward,1.6,10.0,GEORGIA,0.039,2.0,0.0,0.0,17.1,109.0,0.637,18.8,16.0,49.0,0.653,32.0,11.5,,1.4,0.159,Justin Abson
2025-26,0.0,0.0,0.0,0.0,20.4,sec,10.8,9.6,1.0,0.0,0.8,5.0,0.6,3.0,0.0,0.0,,0.0,7.0,0.0,,11.0,9.6,0.0,0.0,0.1,0.0,37.3,brandon-klatsky-1,8.0,5.0,Guard,9.9,2.0,GEORGIA,0.6,3.0,0.667,2.0,4.9,1.0,0.8,0.0,0.0,2.0,0.5,1.0,21.1,,0.1,0.291,Brandon Klatsky
2025-26,0.0,0.0,0.0,0.0,-7.5,sec,1.9,8.8,1.0,0.0,0.0,2.0,0.0,0.0,1.0,2.0,1.0,2.0,9.0,0.0,,12.0,-9.4,0.0,0.0,0.0,3.0,3.4,jaden-newell-1,2.0,2.0,Forward,4.5,1.0,GEORGIA,0.0,0.0,,0.0,4.5,1.0,0.339,0.0,0.0,2.0,0.0,0.0,11.4,,0.0,0.057,Jaden Newell
2025-26,0.0,0.0,0.0,0.0,-70.7,sec,-24.2,0.0,0.0,0.0,,0.0,,0.0,,0.0,,0.0,1.0,0.0,,1.0,-46.5,0.0,0.0,0.0,0.0,-55.0,markel-jennings-1,0.0,0.0,Guard,0.0,0.0,GEORGIA,,0.0,,0.0,0.0,0.0,,100.0,1.0,0.0,,0.0,46.3,,0.0,-0.95,Markel Jennings
2025-26,14.1,54.0,3.2,21.0,7.8,acc,3.4,17.0,121.0,1.6,0.616,255.0,0.612,156.0,0.545,139.0,0.662,92.0,34.0,31.0,,853.0,4.3,8.4,59.0,2.5,89.0,22.7,rj-godfrey-1,406.0,395.0,Forward,1.6,22.0,CLEMSON,0.035,9.0,0.222,2.0,12.7,180.0,0.632,12.8,47.0,246.0,0.626,154.0,23.1,,4.2,0.195,RJ Godfrey
2025-26,9.5,45.0,1.1,8.0,4.9,acc,3.2,5.6,43.0,1.5,0.476,294.0,0.371,109.0,0.214,63.0,0.762,48.0,34.0,30.0,,920.0,1.7,2.5,19.0,1.0,40.0,13.2,jestin-porter-1,328.0,307.0,Guard,2.8,42.0,CLEMSON,0.616,181.0,0.343,62.0,4.1,62.0,0.506,7.4,26.0,113.0,0.416,47.0,20.3,,2.5,0.109,Jestin Porter
2025-26,11.2,35.0,4.7,24.0,8.0,acc,3.9,22.4,125.0,1.6,0.532,217.0,0.493,107.0,0.631,137.0,0.701,96.0,32.0,24.0,,667.0,4.2,8.9,49.0,1.6,67.0,23.2,carter-welling-1,327.0,322.0,Center,2.5,27.0,CLEMSON,0.267,58.0,0.293,17.0,15.8,174.0,0.58,12.4,40.0,159.0,0.566,90.0,25.8,,3.2,0.192,Carter Welling
2025-26,10.5,37.0,2.3,13.0,5.9,acc,2.5,15.7,97.0,1.3,0.586,216.0,0.519,112.0,0.403,87.0,0.667,58.0,34.0,11.0,,739.0,3.4,6.9,42.0,1.6,68.0,18.3,nick-davidson-2,311.0,297.0,Forward,1.3,16.0,CLEMSON,0.38,82.0,0.354,29.0,11.4,139.0,0.604,12.3,36.0,134.0,0.619,83.0,21.2,,2.9,0.159,Nick Davidson
2025-26,19.3,62.0,0.6,3.0,6.3,acc,3.6,13.5,75.0,1.2,0.5,223.0,0.435,97.0,0.35,78.0,0.821,64.0,34.0,3.0,,663.0,2.7,3.9,21.0,1.3,63.0,17.8,ace-buckner-1,287.0,288.0,Guard,2.7,29.0,CLEMSON,0.404,90.0,0.322,29.0,8.7,96.0,0.552,12.2,36.0,133.0,0.511,68.0,23.9,,2.5,0.152,Ace Buckner
2025-26,19.6,103.0,0.5,4.0,4.3,acc,3.6,13.8,112.0,1.7,0.483,208.0,0.409,85.0,0.337,70.0,0.786,55.0,34.0,34.0,,969.0,0.7,2.0,16.0,1.3,64.0,12.9,dillon-hunter-1,256.0,284.0,Guard,2.0,32.0,CLEMSON,0.442,92.0,0.337,31.0,8.0,128.0,0.531,13.6,38.0,116.0,0.466,54.0,15.4,,3.0,0.122,Dillon Hunter
2025-26,8.7,33.0,1.1,6.0,5.0,acc,2.9,9.8,58.0,1.1,0.503,170.0,0.382,65.0,0.276,47.0,0.83,39.0,34.0,8.0,,706.0,2.0,2.4,14.0,1.0,34.0,12.5,efrem-johnson-1,210.0,200.0,Guard,1.8,21.0,CLEMSON,0.688,117.0,0.35,41.0,6.2,72.0,0.546,7.7,16.0,53.0,0.453,24.0,15.8,,2.1,0.12,Efrem Johnson
2025-26,6.1,23.0,1.7,9.0,2.6,acc,2.3,17.8,104.0,1.2,0.523,155.0,0.413,64.0,0.206,32.0,0.688,22.0,34.0,29.0,,699.0,0.3,4.9,28.0,0.6,62.0,10.8,jake-wahlin-1,184.0,179.0,Forward,1.0,12.0,CLEMSON,0.632,98.0,0.347,34.0,11.4,132.0,0.541,12.8,25.0,57.0,0.526,30.0,14.9,,1.8,0.104,Jake Wahlin
2025-26,26.0,30.0,1.7,3.0,-1.2,acc,1.6,15.5,29.0,0.4,0.387,84.0,0.31,26.0,0.262,22.0,0.818,18.0,12.0,0.0,,224.0,-2.8,2.7,5.0,0.0,32.0,10.8,zac-foster-1,83.0,92.0,Guard,1.4,5.0,CLEMSON,0.56,47.0,0.277,13.0,9.2,34.0,0.439,13.7,15.0,37.0,0.351,13.0,26.1,,0.4,0.076,Zac Foster
2025-26,6.2,10.0,1.7,4.0,4.3,acc,2.8,10.4,26.0,0.5,0.627,51.0,0.529,27.0,0.373,19.0,0.684,13.0,34.0,0.0,,300.0,1.5,4.9,12.0,0.4,18.0,12.3,chase-thompson-2,77.0,74.0,Forward,1.4,7.0,CLEMSON,0.49,25.0,0.4,10.0,7.6,38.0,0.641,15.5,11.0,26.0,0.654,17.0,12.7,,0.9,0.12,Chase Thompson
2025-26,4.5,2.0,1.4,1.0,9.0,acc,2.3,8.8,7.0,0.1,0.707,29.0,0.517,15.0,0.276,8.0,0.625,5.0,21.0,0.0,,95.0,6.7,2.6,2.0,0.3,6.0,18.6,dallas-thomas-1,46.0,36.0,Forward,1.3,2.0,CLEMSON,0.655,19.0,0.579,11.0,5.7,9.0,0.701,10.9,4.0,10.0,0.4,4.0,20.7,,0.4,0.164,Dallas Thomas
2025-26,0.0,0.0,0.0,0.0,-7.3,acc,-3.2,31.9,4.0,0.0,0.25,4.0,0.25,1.0,1.5,6.0,0.667,4.0,6.0,0.0,,15.0,-4.1,24.4,3.0,0.0,2.0,15.8,trent-steinour-1,6.0,7.0,Center,0.0,0.0,CLEMSON,0.0,0.0,,0.0,28.2,7.0,0.438,12.7,1.0,4.0,0.25,1.0,28.0,,0.0,0.123,Trent Steinour
2025-26,14.1,66.0,7.4,63.0,8.9,big-12,5.3,19.0,150.0,2.1,0.532,332.0,0.515,171.0,0.488,162.0,0.648,105.0,32.0,32.0,,951.0,3.7,7.7,65.0,2.0,85.0,22.3,david-punch-1,458.0,438.0,Forward,2.6,43.0,TEXAS-CHRISTIAN,0.13,43.0,0.256,11.0,13.1,215.0,0.56,11.7,54.0,289.0,0.554,160.0,23.8,,4.1,0.171,David Punch
2025-26,10.6,38.0,4.6,31.0,8.0,big-12,3.4,19.5,122.0,1.6,0.613,257.0,0.572,147.0,0.611,157.0,0.65,102.0,33.0,32.0,,754.0,4.6,14.4,97.0,2.1,104.0,24.8,xavier-edmonds-1,417.0,397.0,Forward,2.5,33.0,TEXAS-CHRISTIAN,0.198,51.0,0.412,21.0,16.9,219.0,0.629,16.2,64.0,206.0,0.612,126.0,25.7,,3.6,0.193,Xavier Edmonds
2025-26,16.6,90.0,1.0,9.0,3.5,big-12,2.9,7.5,62.0,1.4,0.519,292.0,0.432,126.0,0.182,53.0,0.83,44.0,33.0,33.0,,996.0,0.6,1.3,12.0,1.4,90.0,12.1,jayden-pierre-1,347.0,330.0,Guard,1.9,33.0,TEXAS-CHRISTIAN,0.483,141.0,0.362,51.0,4.3,74.0,0.547,12.2,44.0,151.0,0.497,75.0,17.7,,2.7,0.109,Jayden Pierre
2025-26,11.9,57.0,1.6,12.0,5.1,big-12,3.2,15.0,108.0,1.5,0.458,264.0,0.386,102.0,0.519,137.0,0.759,104.0,33.0,11.0,,868.0,1.9,6.1,47.0,1.3,76.0,15.4,micah-robinson-3,346.0,342.0,Forward,2.5,38.0,TEXAS-CHRISTIAN,0.455,120.0,0.317,38.0,10.4,155.0,0.526,12.3,46.0,144.0,0.444,64.0,21.1,,2.8,0.131,Micah Robinson
2025-26,5.2,22.0,0.6,4.0,5.8,big-12,2.2,13.3,84.0,1.0,0.6,185.0,0.476,88.0,0.276,51.0,0.902,46.0,32.0,22.0,,761.0,3.6,3.4,23.0,1.7,30.0,14.5,liutauras-lelevicius-1,268.0,229.0,Guard,1.1,14.0,TEXAS-CHRISTIAN,0.627,116.0,0.397,46.0,8.2,107.0,0.64,7.5,17.0,69.0,0.609,42.0,14.5,,2.7,0.142,Liutauras Lelevicius
2025-26,31.1,188.0,0.4,4.0,3.3,big-12,3.4,9.2,80.0,1.7,0.427,261.0,0.372,97.0,0.249,65.0,0.646,42.0,33.0,33.0,,1046.0,0.0,1.4,13.0,0.7,49.0,12.0,brock-harding-1,265.0,332.0,Guard,3.1,56.0,TEXAS-CHRISTIAN,0.41,107.0,0.271,29.0,5.2,93.0,0.454,17.8,63.0,154.0,0.442,68.0,16.6,,2.4,0.09,Brock Harding
2025-26,7.9,31.0,1.6,10.0,4.3,big-12,2.0,10.1,59.0,1.0,0.441,221.0,0.376,83.0,0.425,94.0,0.734,69.0,33.0,1.0,,705.0,2.3,7.1,45.0,1.2,40.0,14.4,tanner-toolson-1,264.0,258.0,Guard,1.8,22.0,TEXAS-CHRISTIAN,0.448,99.0,0.293,29.0,8.6,104.0,0.497,5.7,16.0,122.0,0.443,54.0,19.5,,2.2,0.125,Tanner Toolson
2025-26,3.7,6.0,1.5,4.0,-0.1,big-12,1.4,14.6,37.0,0.5,0.449,98.0,0.439,43.0,0.469,46.0,0.696,32.0,26.0,0.0,,305.0,-1.5,9.5,26.0,0.3,29.0,13.7,jace-posey-1,120.0,115.0,Forward,2.1,11.0,TEXAS-CHRISTIAN,0.133,13.0,0.154,2.0,12.0,63.0,0.501,12.4,17.0,85.0,0.482,41.0,22.0,,0.8,0.099,Jace Posey
2025-26,19.0,8.0,0.0,0.0,1.1,big-12,-0.7,11.0,8.0,0.1,0.579,38.0,0.447,17.0,0.105,4.0,0.25,1.0,13.0,0.0,,88.0,1.8,1.3,1.0,0.1,4.0,15.1,kayden-edwards-1,45.0,38.0,Guard,0.7,1.0,TEXAS-CHRISTIAN,0.605,23.0,0.435,10.0,5.9,9.0,0.564,11.1,5.0,15.0,0.467,7.0,25.0,,0.2,0.109,Kayden Edwards
2025-26,3.1,2.0,9.9,10.0,-1.5,big-12,3.9,11.7,11.0,0.2,0.524,21.0,0.524,11.0,0.143,3.0,0.667,2.0,21.0,0.0,,113.0,-5.4,7.9,8.0,0.0,19.0,8.8,vianney-salatchoum-1,24.0,24.0,Center,1.0,2.0,TEXAS-CHRISTIAN,0.0,0.0,,0.0,9.8,19.0,0.535,26.3,8.0,21.0,0.524,11.0,13.2,,0.2,0.061,Vianney Salatchoum
2025-26,24.8,7.0,0.0,0.0,-1.6,big-12,-0.3,8.9,4.0,0.1,0.55,20.0,0.4,8.0,0.1,2.0,0.5,1.0,8.0,0.0,,54.0,-1.3,0.0,0.0,0.1,7.0,12.1,rj-jones-1,23.0,22.0,Guard,1.1,1.0,TEXAS-CHRISTIAN,0.85,17.0,0.353,6.0,4.3,4.0,0.549,12.5,3.0,3.0,0.667,2.0,21.7,,0.2,0.114,RJ Jones
2025-26,10.6,1.0,0.0,0.0,-15.6,big-12,-2.7,21.3,3.0,0.0,0.357,7.0,0.286,2.0,0.0,0.0,,0.0,4.0,0.0,,17.0,-12.9,0.0,0.0,-0.1,2.0,-5.6,ashton-simmons-1,5.0,5.0,Guard,0.0,0.0,TEXAS-CHRISTIAN,0.571,4.0,0.25,1.0,10.2,3.0,0.357,30.0,3.0,3.0,0.333,1.0,28.8,,-0.1,-0.136,Ashton Simmons
2025-26,0.0,0.0,0.0,0.0,4.0,big-12,-2.8,0.0,0.0,0.0,1.0,1.0,1.0,1.0,0.0,0.0,,0.0,4.0,0.0,,4.0,6.7,28.0,1.0,0.0,0.0,32.6,adam-stewart-1,2.0,2.0,Center,0.0,0.0,TEXAS-CHRISTIAN,0.0,0.0,,0.0,14.5,1.0,1.0,0.0,0.0,1.0,1.0,1.0,12.2,,0.0,0.247,Adam Stewart
2025-26,0.0,0.0,16.1,1.0,-17.1,big-12,3.5,17.2,1.0,0.0,,0.0,,0.0,,0.0,,0.0,1.0,1.0,,7.0,-20.6,0.0,0.0,-0.1,1.0,-10.5,malick-diallo-1,0.0,0.0,Center,0.0,0.0,TEXAS-CHRISTIAN,,0.0,,0.0,8.3,1.0,,100.0,2.0,0.0,,0.0,14.0,,0.0,-0.207,Malick Diallo
2025-26,0.0,0.0,74.9,2.0,24.0,big-12,17.5,0.0,0.0,0.0,0.0,1.0,0.0,0.0,0.0,0.0,,0.0,3.0,0.0,,3.0,6.4,0.0,0.0,0.0,0.0,13.8,drew-mcelroy-1,0.0,0.0,Guard,0.0,0.0,TEXAS-CHRISTIAN,1.0,1.0,0.0,0.0,0.0,0.0,0.0,0.0,0.0,0.0,,0.0,16.3,,0.0,-0.045,Drew McElroy
2025-26,0.0,0.0,0.0,0.0,-33.7,big-12,-7.7,0.0,0.0,0.0,0.0,2.0,0.0,0.0,0.0,0.0,,0.0,5.0,0.0,,4.0,-26.1,28.0,1.0,0.0,2.0,-18.2,trey-stuart-1,0.0,1.0,Guard,0.0,0.0,TEXAS-CHRISTIAN,1.0,2.0,0.0,0.0,14.5,1.0,0.0,0.0,0.0,0.0,,0.0,24.5,,0.0,-0.199,Trey Stuart
2025-26,25.5,134.0,2.2,17.0,9.0,atlantic-10,2.6,14.9,130.0,1.9,0.622,267.0,0.506,135.0,0.442,118.0,0.805,95.0,33.0,33.0,,864.0,6.4,2.9,20.0,3.1,58.0,21.7,robbie-avila-1,427.0,442.0,Center,1.3,21.0,SAINT-LOUIS,0.558,149.0,0.416,62.0,9.6,150.0,0.661,15.0,57.0,118.0,0.619,73.0,21.4,,5.0,0.23,Robbie Avila
2025-26,11.5,51.0,1.5,10.0,3.9,atlantic-10,2.1,17.4,137.0,1.8,0.651,251.0,0.606,152.0,0.207,52.0,0.75,39.0,33.0,33.0,,778.0,1.8,7.2,45.0,1.7,92.0,18.9,dion-brown-3,366.0,337.0,Guard,1.9,27.0,SAINT-LOUIS,0.227,57.0,0.404,23.0,12.9,182.0,0.664,17.6,59.0,194.0,0.665,129.0,20.9,,3.6,0.183,Dion Brown
2025-26,11.5,53.0,0.0,0.0,8.2,atlantic-10,2.1,9.3,71.0,1.5,0.653,248.0,0.472,117.0,0.145,36.0,0.861,31.0,32.0,28.0,,756.0,6.1,3.0,18.0,2.4,41.0,19.0,trey-green-2,355.0,310.0,Guard,2.2,30.0,SAINT-LOUIS,0.794,197.0,0.457,90.0,6.5,89.0,0.67,7.3,21.0,51.0,0.529,27.0,18.4,,3.9,0.206,Trey Green
2025-26,21.4,91.0,3.0,19.0,4.0,atlantic-10,3.3,18.4,134.0,1.9,0.545,246.0,0.508,125.0,0.439,108.0,0.583,63.0,32.0,29.0,,721.0,0.7,5.6,32.0,0.9,75.0,17.7,amari-mccottry-1,331.0,348.0,Guard,2.8,36.0,SAINT-LOUIS,0.252,62.0,0.29,18.0,12.7,166.0,0.557,20.4,76.0,184.0,0.582,107.0,25.2,,2.8,0.154,Amari McCottry
2025-26,20.4,58.0,1.1,5.0,10.5,atlantic-10,4.7,18.8,102.0,1.5,0.655,194.0,0.649,126.0,0.412,80.0,0.65,52.0,31.0,2.0,,538.0,5.9,10.7,46.0,1.9,45.0,28.0,kellen-thames-1,306.0,302.0,Guard,4.3,42.0,SAINT-LOUIS,0.057,11.0,0.182,2.0,15.2,148.0,0.659,15.0,41.0,183.0,0.678,124.0,24.7,,3.5,0.258,Kellen Thames
2025-26,17.2,97.0,3.6,28.0,3.2,atlantic-10,2.7,11.7,103.0,1.9,0.527,226.0,0.456,103.0,0.35,79.0,0.81,64.0,33.0,31.0,,875.0,0.5,3.6,25.0,1.3,88.0,13.8,quentin-jones-3,302.0,326.0,Guard,1.8,29.0,SAINT-LOUIS,0.385,87.0,0.368,32.0,8.1,128.0,0.573,19.3,63.0,139.0,0.511,71.0,18.2,,3.2,0.146,Quentin Jones
2025-26,11.1,52.0,0.2,1.0,5.2,atlantic-10,1.4,10.3,76.0,1.4,0.624,206.0,0.437,90.0,0.238,49.0,0.857,42.0,33.0,2.0,,733.0,3.8,1.7,10.0,2.0,46.0,16.0,ishan-sharma-1,299.0,269.0,Guard,1.6,21.0,SAINT-LOUIS,0.874,180.0,0.428,77.0,6.5,86.0,0.652,7.7,19.0,26.0,0.5,13.0,16.5,,3.4,0.187,Ishan Sharma
2025-26,7.5,26.0,0.2,1.0,2.4,atlantic-10,0.5,9.2,50.0,1.0,0.602,142.0,0.444,63.0,0.415,59.0,0.814,48.0,32.0,2.0,,539.0,1.9,3.7,16.0,1.2,53.0,13.5,brady-dunlap-1,219.0,198.0,Forward,1.0,10.0,SAINT-LOUIS,0.718,102.0,0.441,45.0,6.8,66.0,0.644,12.8,25.0,40.0,0.45,18.0,17.6,,2.2,0.161,Brady Dunlap
2025-26,9.3,31.0,5.5,25.0,3.6,atlantic-10,2.4,14.2,74.0,1.2,0.585,106.0,0.575,61.0,0.604,64.0,0.766,49.0,33.0,4.0,,515.0,1.2,13.4,55.0,1.4,65.0,18.4,paul-otieno-1,173.0,197.0,Forward,1.4,13.0,SAINT-LOUIS,0.028,3.0,0.667,2.0,13.8,129.0,0.634,13.9,22.0,103.0,0.573,59.0,15.0,,2.6,0.204,Paul Otieno
2025-26,5.9,4.0,6.0,6.0,-8.5,atlantic-10,-1.9,19.3,22.0,0.3,0.43,50.0,0.38,19.0,0.22,11.0,0.636,7.0,17.0,0.0,,113.0,-6.7,12.2,11.0,0.0,19.0,14.2,jax-kerr-1,50.0,50.0,Forward,2.0,4.0,SAINT-LOUIS,0.54,27.0,0.185,5.0,16.1,33.0,0.453,11.2,7.0,23.0,0.609,14.0,26.8,,0.3,0.121,Jax Kerr
2025-26,4.8,3.0,2.4,2.0,-7.8,atlantic-10,-0.1,10.4,10.0,0.2,0.423,26.0,0.385,10.0,0.538,14.0,0.714,10.0,17.0,0.0,,95.0,-7.7,9.2,7.0,-0.1,17.0,4.2,cam-hutson-1,32.0,33.0,Guard,0.6,1.0,SAINT-LOUIS,0.538,14.0,0.143,2.0,9.9,17.0,0.49,28.5,13.0,12.0,0.667,8.0,23.4,,0.1,0.026,Cam Hutson
2025-26,17.0,4.0,3.1,1.0,3.3,atlantic-10,3.0,16.5,6.0,0.1,0.455,11.0,0.364,4.0,0.182,2.0,0.5,1.0,13.0,0.0,,36.0,0.4,10.4,3.0,0.1,3.0,16.6,isaac-holmes-1,11.0,14.0,Guard,1.5,1.0,SAINT-LOUIS,0.727,8.0,0.25,2.0,13.8,9.0,0.46,0.0,0.0,3.0,0.667,2.0,16.2,,0.2,0.192,Isaac Holmes
2025-26,4.1,1.0,0.0,0.0,-4.3,atlantic-10,1.6,13.8,5.0,0.1,0.429,7.0,0.429,3.0,0.571,4.0,0.5,2.0,12.0,1.0,,36.0,-5.8,3.5,1.0,0.0,2.0,6.0,jaden-schertz-1,8.0,8.0,Guard,1.5,1.0,SAINT-LOUIS,0.143,1.0,0.0,0.0,9.2,6.0,0.449,18.3,2.0,6.0,0.5,3.0,14.7,,0.1,0.06,Jaden Schertz
2025-26,25.3,149.0,1.0,9.0,10.5,big-ten,2.7,8.6,76.0,1.8,0.581,461.0,0.492,227.0,0.321,148.0,0.845,125.0,33.0,33.0,,1237.0,7.8,0.8,7.0,4.4,70.0,22.8,bennett-stirtz-1,661.0,630.0,Guard,2.4,48.0,IOWA,0.473,218.0,0.376,82.0,4.6,83.0,0.622,10.9,65.0,243.0,0.597,145.0,26.7,,6.2,0.201,Bennett Stirtz
2025-26,10.0,39.0,1.4,8.0,6.1,big-ten,3.1,19.5,107.0,1.4,0.576,218.0,0.537,117.0,0.532,116.0,0.81,94.0,33.0,31.0,,768.0,3.0,8.6,48.0,2.1,93.0,20.6,tavion-banks-1,345.0,332.0,Guard,2.7,33.0,IOWA,0.165,36.0,0.472,17.0,14.0,155.0,0.632,14.7,47.0,182.0,0.549,100.0,23.1,,3.5,0.183,Tavion Banks
2025-26,21.2,77.0,1.5,8.0,7.6,big-ten,3.4,18.4,91.0,1.2,0.577,188.0,0.495,93.0,0.372,70.0,0.729,51.0,33.0,1.0,,692.0,4.2,6.5,33.0,1.8,68.0,19.3,alvaro-folgueiras-1,268.0,284.0,Forward,2.4,26.0,IOWA,0.505,95.0,0.326,31.0,12.4,124.0,0.606,15.3,40.0,93.0,0.667,62.0,20.9,,3.0,0.172,Alvaro Folgueiras
2025-26,7.2,37.0,0.6,4.0,5.3,big-ten,2.0,11.1,72.0,1.2,0.578,199.0,0.437,87.0,0.146,29.0,0.793,23.0,33.0,33.0,,910.0,3.3,4.1,27.0,1.6,63.0,12.2,cooper-koch-1,253.0,236.0,Forward,1.3,19.0,IOWA,0.714,142.0,0.394,56.0,7.5,99.0,0.595,7.0,16.0,57.0,0.544,31.0,13.9,,2.8,0.123,Cooper Koch
2025-26,10.4,33.0,3.9,18.0,7.3,big-ten,3.8,20.4,91.0,1.3,0.64,150.0,0.64,96.0,0.453,68.0,0.603,41.0,33.0,33.0,,625.0,3.5,12.7,58.0,1.8,78.0,22.1,cam-manyawu-1,233.0,239.0,Forward,2.9,29.0,IOWA,0.0,0.0,,0.0,16.5,149.0,0.639,12.1,25.0,150.0,0.64,96.0,18.4,,3.1,0.198,Cam Manyawu
2025-26,15.5,76.0,0.3,2.0,3.2,big-ten,2.8,10.9,66.0,1.2,0.523,150.0,0.473,71.0,0.307,46.0,0.826,38.0,33.0,29.0,,850.0,0.3,2.6,16.0,0.8,54.0,10.5,kael-combs-1,195.0,215.0,Guard,1.9,25.0,IOWA,0.3,45.0,0.333,15.0,6.7,82.0,0.567,20.4,44.0,105.0,0.533,56.0,14.1,,2.0,0.093,Kael Combs
2025-26,7.7,22.0,1.5,6.0,4.2,big-ten,1.2,9.9,37.0,0.7,0.568,125.0,0.48,60.0,0.512,64.0,0.719,46.0,33.0,0.0,,525.0,3.1,7.0,27.0,1.3,43.0,15.4,tate-sage-1,188.0,181.0,Guard,1.2,10.0,IOWA,0.48,60.0,0.367,22.0,8.4,64.0,0.605,9.9,17.0,65.0,0.585,38.0,18.2,,1.9,0.146,Tate Sage
2025-26,11.8,40.0,2.2,10.0,5.8,big-ten,4.6,14.5,64.0,1.2,0.506,154.0,0.455,70.0,0.201,31.0,0.742,23.0,33.0,5.0,,619.0,1.2,6.4,29.0,0.8,70.0,14.7,isaia-howard-1,179.0,187.0,Guard,3.8,37.0,IOWA,0.377,58.0,0.276,16.0,10.4,93.0,0.53,12.5,24.0,96.0,0.563,54.0,17.3,,2.0,0.13,Isaia Howard
2025-26,8.6,10.0,0.0,0.0,-0.6,big-ten,-0.7,9.1,14.0,0.3,0.468,77.0,0.325,25.0,0.143,11.0,1.0,11.0,21.0,0.0,,215.0,0.1,0.0,0.0,0.3,17.0,11.4,brendan-hausen-1,83.0,72.0,Guard,1.2,4.0,IOWA,0.87,67.0,0.328,22.0,4.5,14.0,0.505,2.4,2.0,10.0,0.3,3.0,21.7,,0.6,0.109,Brendan Hausen
2025-26,27.3,19.0,1.0,1.0,-1.7,big-ten,0.5,14.8,14.0,0.2,0.527,37.0,0.486,18.0,0.73,27.0,0.704,19.0,16.0,0.0,,133.0,-2.3,2.1,2.0,0.1,19.0,13.6,trevin-jirak-1,58.0,61.0,Center,0.9,2.0,IOWA,0.459,17.0,0.176,3.0,8.3,16.0,0.582,24.3,16.0,20.0,0.75,15.0,27.5,,0.3,0.098,Trevin Jirak
2025-26,16.3,3.0,0.0,0.0,-0.6,big-ten,0.7,10.5,3.0,0.1,0.533,15.0,0.533,8.0,0.2,3.0,0.333,1.0,11.0,0.0,,40.0,-1.4,13.7,4.0,0.1,7.0,17.6,joey-matteoni-1,17.0,18.0,Forward,3.2,2.0,IOWA,0.0,0.0,,0.0,12.1,7.0,0.518,10.9,2.0,15.0,0.533,8.0,25.6,,0.1,0.133,Joey Matteoni
2025-26,17.9,1.0,0.0,0.0,-9.6,big-ten,-3.4,0.0,0.0,0.0,0.333,3.0,0.333,1.0,0.0,0.0,,0.0,5.0,0.0,,10.0,-6.1,0.0,0.0,0.0,0.0,4.6,jacob-koch-1,2.0,2.0,Guard,0.0,0.0,IOWA,0.333,1.0,0.0,0.0,0.0,0.0,0.333,0.0,0.0,2.0,0.5,1.0,16.6,,0.0,0.016,Jacob Koch
2025-26,36.1,214.0,0.1,1.0,2.0,big-12,-0.5,8.4,76.0,0.7,0.492,368.0,0.465,171.0,0.304,112.0,0.795,89.0,32.0,32.0,,1049.0,2.5,2.2,21.0,1.6,58.0,15.5,themus-fulks-1,451.0,514.0,Guard,1.3,24.0,CENTRAL-FLORIDA,0.133,49.0,0.408,20.0,5.3,97.0,0.535,20.0,105.0,319.0,0.473,151.0,24.2,,2.3,0.089,Themus Fulks
2025-26,15.9,76.0,0.9,7.0,4.2,big-12,1.4,8.6,64.0,0.7,0.493,373.0,0.418,156.0,0.223,83.0,0.771,64.0,30.0,30.0,,868.0,2.8,3.6,28.0,1.4,81.0,15.4,riley-kugel-1,432.0,407.0,Guard,2.0,31.0,CENTRAL-FLORIDA,0.383,143.0,0.392,56.0,6.0,92.0,0.524,11.2,52.0,230.0,0.435,100.0,25.8,,2.1,0.099,Riley Kugel
2025-26,3.9,20.0,2.0,16.0,6.8,big-12,1.9,14.2,110.0,1.0,0.537,315.0,0.451,142.0,0.321,101.0,0.782,79.0,32.0,32.0,,897.0,4.9,5.4,43.0,2.1,48.0,18.2,jordan-burks-1,417.0,366.0,Forward,2.1,34.0,CENTRAL-FLORIDA,0.476,150.0,0.36,54.0,9.7,153.0,0.574,7.2,28.0,165.0,0.533,88.0,21.1,,3.0,0.136,Jordan Burks
2025-26,13.7,67.0,0.7,5.0,6.4,big-12,2.3,19.5,143.0,1.1,0.531,258.0,0.508,131.0,0.407,105.0,0.724,76.0,30.0,29.0,,852.0,4.1,12.8,97.0,2.1,81.0,19.9,jamichael-stillwell-1,350.0,378.0,Forward,2.2,33.0,CENTRAL-FLORIDA,0.147,38.0,0.316,12.0,16.1,240.0,0.568,13.2,47.0,220.0,0.541,119.0,20.1,,3.1,0.147,Jamichael Stillwell
2025-26,20.7,59.0,1.1,5.0,6.0,big-12,2.2,8.8,37.0,0.4,0.538,159.0,0.44,70.0,0.252,40.0,0.7,28.0,31.0,2.0,,488.0,3.8,1.6,7.0,1.0,39.0,15.6,chris-johnson-12,199.0,196.0,Guard,1.9,16.0,CENTRAL-FLORIDA,0.528,84.0,0.369,31.0,5.1,44.0,0.559,10.6,21.0,75.0,0.52,39.0,19.7,,1.4,0.119,Chris Johnson
2025-26,2.8,10.0,6.3,34.0,3.9,big-12,2.8,22.9,118.0,0.8,0.727,110.0,0.727,80.0,0.427,47.0,0.681,32.0,32.0,32.0,,598.0,1.1,11.1,59.0,1.1,79.0,17.3,john-bol-1,192.0,183.0,Forward,0.9,9.0,CENTRAL-FLORIDA,0.009,1.0,0.0,0.0,16.9,177.0,0.725,21.9,37.0,109.0,0.734,80.0,13.7,,1.9,0.125,John Bol
2025-26,7.7,27.0,3.8,19.0,4.6,big-12,3.0,16.4,79.0,0.7,0.512,126.0,0.452,57.0,0.484,61.0,0.705,43.0,32.0,3.0,,559.0,1.5,6.6,33.0,0.9,64.0,14.4,devan-cambridge-1,172.0,174.0,Guard,1.7,17.0,CENTRAL-FLORIDA,0.46,58.0,0.259,15.0,11.4,112.0,0.555,10.4,18.0,68.0,0.618,42.0,14.9,,1.6,0.115,Devan Cambridge
2025-26,3.8,11.0,0.0,0.0,3.8,big-12,0.8,7.2,29.0,0.2,0.588,114.0,0.404,46.0,0.053,6.0,1.0,6.0,30.0,0.0,,465.0,3.0,2.2,9.0,0.8,20.0,10.3,carmelo-pacheco-1,140.0,117.0,Guard,0.7,6.0,CENTRAL-FLORIDA,0.93,106.0,0.396,42.0,4.7,38.0,0.599,4.1,5.0,8.0,0.5,4.0,12.7,,1.0,0.09,Carmelo Pacheco
2025-26,4.2,6.0,2.2,5.0,0.1,big-12,0.6,17.7,38.0,0.2,0.548,73.0,0.548,40.0,0.329,24.0,0.5,12.0,26.0,0.0,,249.0,-0.5,10.4,23.0,0.4,35.0,14.3,jeremy-foumena-1,92.0,88.0,Center,0.7,3.0,CENTRAL-FLORIDA,0.014,1.0,0.0,0.0,14.0,61.0,0.545,10.6,10.0,72.0,0.556,40.0,18.3,,0.6,0.096,Jeremy Foumena
2025-26,6.1,7.0,1.1,2.0,-0.8,big-12,-0.5,10.7,18.0,0.1,0.44,83.0,0.325,27.0,0.217,18.0,0.833,15.0,24.0,0.0,,195.0,-0.3,1.7,3.0,0.2,21.0,10.4,george-beale-1,88.0,77.0,Guard,0.9,3.0,CENTRAL-FLORIDA,0.675,56.0,0.339,19.0,6.1,21.0,0.481,6.2,6.0,27.0,0.296,8.0,24.2,,0.3,0.071,George Beale
2025-26,6.1,5.0,0.9,1.0,-5.1,big-12,-0.4,8.9,10.0,0.1,0.583,24.0,0.542,13.0,0.708,17.0,0.588,10.0,22.0,0.0,,131.0,-4.8,5.1,6.0,-0.1,18.0,5.3,kris-parker-1,38.0,37.0,Guard,0.4,1.0,CENTRAL-FLORIDA,0.292,7.0,0.286,2.0,7.0,16.0,0.592,31.9,15.0,17.0,0.647,11.0,17.4,,0.0,0.002,Kris Parker
2025-26,3.9,2.0,1.4,1.0,3.4,big-12,2.7,20.8,14.0,0.1,0.6,10.0,0.6,6.0,0.8,8.0,0.75,6.0,16.0,0.0,,78.0,0.7,14.4,10.0,0.2,16.0,15.8,elijah-hulsewe-1,18.0,22.0,Center,2.9,4.0,CENTRAL-FLORIDA,0.0,0.0,,0.0,17.5,24.0,0.652,12.7,2.0,10.0,0.6,6.0,9.8,,0.3,0.154,Elijah Hulsewe
2025-26,0.0,0.0,0.0,0.0,-29.1,big-12,-7.6,33.2,2.0,0.0,0.333,3.0,0.333,1.0,0.0,0.0,,0.0,4.0,0.0,,7.0,-21.5,0.0,0.0,-0.1,0.0,-10.6,poohpha-warakulnukroh-1,2.0,2.0,Guard,0.0,0.0,CENTRAL-FLORIDA,0.0,0.0,,0.0,16.3,2.0,0.333,40.0,2.0,3.0,0.333,1.0,34.5,,-0.1,-0.293,Poohpha Warakulnukroh
2025-26,0.0,0.0,0.0,0.0,-4.9,big-12,0.4,16.6,2.0,0.0,0.0,1.0,0.0,0.0,0.0,0.0,,0.0,7.0,0.0,,14.0,-5.2,0.0,0.0,0.0,0.0,-0.6,zachary-johnson-1,0.0,0.0,Guard,0.0,0.0,CENTRAL-FLORIDA,1.0,1.0,0.0,0.0,8.1,2.0,0.0,0.0,0.0,0.0,,0.0,3.5,,0.0,-0.02,Zachary Johnson
2025-26,20.8,114.0,1.6,14.0,7.7,sec,0.9,11.9,111.0,0.8,0.573,363.0,0.551,200.0,0.705,256.0,0.664,170.0,32.0,32.0,,1078.0,6.8,6.5,57.0,3.8,43.0,23.2,mark-mitchell-4,586.0,587.0,Forward,1.1,21.0,MISSOURI,0.124,45.0,0.356,16.0,9.3,168.0,0.605,11.7,64.0,318.0,0.579,184.0,25.4,,4.7,0.173,Mark Mitchell
2025-26,11.7,48.0,1.0,6.0,7.8,sec,2.0,16.0,104.0,0.8,0.586,226.0,0.482,109.0,0.358,81.0,0.802,65.0,25.0,19.0,,748.0,5.8,3.6,22.0,2.2,38.0,19.5,jayden-stone-1,330.0,304.0,Guard,1.8,23.0,MISSOURI,0.544,123.0,0.382,47.0,10.0,126.0,0.624,9.0,26.0,103.0,0.602,62.0,19.4,,3.0,0.162,Jayden Stone
2025-26,24.1,98.0,1.2,7.0,3.2,sec,2.6,9.5,61.0,0.8,0.495,219.0,0.475,104.0,0.393,86.0,0.791,68.0,32.0,13.0,,737.0,0.7,4.4,26.0,1.0,75.0,15.6,to-barrett-1,285.0,312.0,Guard,3.1,39.0,MISSOURI,0.192,42.0,0.214,9.0,7.0,87.0,0.548,20.5,67.0,177.0,0.537,95.0,22.1,,1.8,0.098,T.O. Barrett
2025-26,18.3,93.0,1.4,10.0,2.9,sec,3.1,9.6,72.0,1.0,0.471,223.0,0.404,90.0,0.489,109.0,0.67,73.0,32.0,19.0,,864.0,-0.2,3.7,26.0,1.0,100.0,13.4,anthony-robinson-ii-1,283.0,307.0,Guard,3.5,51.0,MISSOURI,0.453,101.0,0.297,30.0,6.8,98.0,0.515,16.4,54.0,122.0,0.492,60.0,19.0,,2.1,0.095,Anthony Robinson II
2025-26,2.1,8.0,0.7,4.0,4.7,sec,-0.4,13.2,76.0,0.5,0.637,179.0,0.48,86.0,0.33,59.0,0.814,48.0,32.0,11.0,,662.0,5.1,7.8,42.0,2.0,49.0,17.2,jacob-crews-1,276.0,243.0,Guard,0.6,7.0,MISSOURI,0.693,124.0,0.452,56.0,10.6,118.0,0.667,8.0,18.0,55.0,0.545,30.0,17.0,,2.5,0.15,Jacob Crews
2025-26,6.1,20.0,8.8,44.0,1.5,sec,2.8,19.7,104.0,0.8,0.691,139.0,0.691,96.0,0.518,72.0,0.528,38.0,30.0,30.0,,608.0,-1.3,9.9,49.0,0.5,90.0,16.4,shawn-phillips-1,230.0,216.0,Forward,0.8,8.0,MISSOURI,0.0,0.0,,0.0,15.0,153.0,0.664,26.7,63.0,139.0,0.691,96.0,19.4,,1.3,0.088,Shawn Phillips Jr.
2025-26,6.6,20.0,1.3,6.0,7.1,sec,2.5,10.8,51.0,0.5,0.617,150.0,0.493,74.0,0.147,22.0,0.727,16.0,19.0,11.0,,542.0,4.5,4.8,21.0,1.3,48.0,15.9,trent-pierce-2,201.0,178.0,Forward,2.2,20.0,MISSOURI,0.62,93.0,0.398,37.0,7.9,72.0,0.626,8.5,15.0,57.0,0.649,37.0,16.1,,1.8,0.131,Trent Pierce
2025-26,7.1,11.0,0.4,1.0,-3.9,sec,0.3,7.1,18.0,0.3,0.445,118.0,0.407,48.0,0.263,31.0,0.677,21.0,18.0,9.0,,294.0,-4.1,2.1,5.0,0.0,24.0,11.0,sebastian-mack-2,126.0,112.0,Guard,3.2,16.0,MISSOURI,0.28,33.0,0.273,9.0,4.7,23.0,0.475,12.5,19.0,85.0,0.459,39.0,25.7,,0.3,0.041,Sebastian Mack
2025-26,16.2,19.0,1.2,2.0,4.3,sec,1.3,16.5,30.0,0.3,0.553,57.0,0.491,28.0,0.298,17.0,0.647,11.0,12.0,10.0,,210.0,3.0,10.6,18.0,0.5,17.0,19.1,jevon-porter-1,74.0,82.0,Forward,2.5,9.0,MISSOURI,0.491,28.0,0.25,7.0,13.6,48.0,0.569,10.9,8.0,29.0,0.724,21.0,17.4,,0.8,0.152,Jevon Porter
2025-26,7.3,11.0,2.0,4.0,1.6,sec,0.5,13.9,30.0,0.2,0.611,45.0,0.467,21.0,0.156,7.0,0.571,4.0,19.0,2.0,,248.0,1.1,9.0,18.0,0.5,29.0,12.5,luke-northweather-1,59.0,63.0,Center,1.2,5.0,MISSOURI,0.689,31.0,0.419,13.0,11.5,48.0,0.61,11.0,6.0,14.0,0.571,8.0,10.9,,0.7,0.113,Luke Northweather
2025-26,2.0,2.0,4.3,6.0,0.2,sec,1.9,20.5,30.0,0.2,0.464,42.0,0.452,19.0,0.19,8.0,0.5,4.0,21.0,0.0,,169.0,-1.7,6.6,9.0,-0.1,12.0,10.0,trent-burns-1,43.0,41.0,Center,1.7,5.0,MISSOURI,0.31,13.0,0.077,1.0,13.8,39.0,0.469,17.9,10.0,29.0,0.621,18.0,16.5,,0.2,0.04,Trent Burns
2025-26,4.7,5.0,2.1,3.0,-6.5,sec,-0.3,14.0,21.0,0.2,0.375,44.0,0.318,14.0,0.364,16.0,0.5,8.0,15.0,4.0,,173.0,-6.2,4.3,6.0,-0.3,19.0,2.9,annor-boateng-1,41.0,41.0,Guard,1.7,5.0,MISSOURI,0.455,20.0,0.25,5.0,9.3,27.0,0.397,23.7,16.0,24.0,0.375,9.0,19.5,,-0.1,-0.032,Annor Boateng
2025-26,3.9,3.0,4.1,4.0,-5.4,sec,1.7,14.5,15.0,0.1,0.278,18.0,0.278,5.0,0.556,10.0,0.5,5.0,21.0,0.0,,119.0,-7.1,6.2,6.0,-0.2,20.0,1.9,nicholas-randall-1,15.0,18.0,Forward,2.0,4.0,MISSOURI,0.222,4.0,0.0,0.0,10.5,21.0,0.33,28.3,9.0,14.0,0.357,5.0,13.3,,-0.1,-0.023,Nicholas Randall
2025-26,14.4,80.0,0.2,2.0,4.8,wcc,0.9,9.4,77.0,1.2,0.556,396.0,0.49,194.0,0.265,105.0,0.79,83.0,33.0,33.0,,990.0,3.9,2.2,19.0,2.5,69.0,18.5,christian-hammond-1,523.0,470.0,Guard,2.3,40.0,SANTA-CLARA,0.328,130.0,0.4,52.0,5.6,96.0,0.586,11.3,57.0,266.0,0.534,142.0,24.3,,3.7,0.151,Christian Hammond
2025-26,15.0,90.0,1.6,14.0,5.4,wcc,1.4,12.6,107.0,1.5,0.513,393.0,0.448,176.0,0.252,99.0,0.707,70.0,34.0,34.0,,1025.0,4.0,5.9,54.0,2.0,49.0,18.3,elijah-mahi-1,473.0,463.0,Forward,2.7,49.0,SANTA-CLARA,0.387,152.0,0.336,51.0,9.1,161.0,0.537,12.0,60.0,241.0,0.519,125.0,23.4,,3.6,0.14,Elijah Mahi
2025-26,14.1,62.0,4.9,32.0,13.6,wcc,5.0,20.0,127.0,1.8,0.585,271.0,0.517,140.0,0.391,106.0,0.736,78.0,34.0,4.0,,764.0,8.6,13.8,94.0,3.3,105.0,29.6,allen-graves-2,395.0,401.0,Forward,5.0,67.0,SANTA-CLARA,0.328,89.0,0.416,37.0,16.8,221.0,0.615,7.2,25.0,182.0,0.566,103.0,21.7,,5.1,0.267,Allen Graves
2025-26,22.5,90.0,0.0,0.0,2.9,wcc,-0.4,6.3,35.0,0.7,0.517,272.0,0.401,109.0,0.092,25.0,0.72,18.0,34.0,2.0,,670.0,3.2,4.0,24.0,1.2,63.0,13.8,aleksandar-gavalyugov-1,299.0,304.0,Guard,1.5,18.0,SANTA-CLARA,0.647,176.0,0.358,63.0,5.1,59.0,0.527,14.5,48.0,96.0,0.479,46.0,23.7,,1.8,0.109,Aleksandar Gavalyugov
2025-26,5.9,20.0,7.8,39.0,5.5,wcc,3.2,17.5,85.0,1.1,0.689,161.0,0.665,107.0,0.398,64.0,0.656,42.0,33.0,33.0,,586.0,2.3,10.3,54.0,1.8,114.0,22.8,bukky-oboye-1,264.0,238.0,Center,2.2,22.0,SANTA-CLARA,0.199,32.0,0.25,8.0,13.8,139.0,0.69,11.6,25.0,129.0,0.767,99.0,17.7,,2.9,0.2,Bukky Oboye
2025-26,16.4,72.0,0.2,1.0,2.0,wcc,1.7,7.3,42.0,1.0,0.462,224.0,0.393,88.0,0.214,48.0,0.792,38.0,32.0,32.0,,695.0,0.3,2.7,17.0,0.7,43.0,13.0,brenton-knapper-1,245.0,252.0,Guard,3.6,43.0,SANTA-CLARA,0.5,112.0,0.277,31.0,4.9,59.0,0.496,14.2,41.0,112.0,0.509,57.0,19.9,,1.7,0.099,Brenton Knapper
2025-26,7.7,31.0,3.8,20.0,0.0,wcc,1.1,18.7,96.0,1.0,0.506,172.0,0.39,67.0,0.256,44.0,0.886,39.0,34.0,1.0,,619.0,-1.1,5.1,28.0,0.5,80.0,11.7,thierry-darlan-1,213.0,204.0,Guard,1.5,16.0,SANTA-CLARA,0.68,117.0,0.342,40.0,11.6,124.0,0.552,19.6,47.0,55.0,0.491,27.0,18.6,,1.5,0.095,Thierry Darlan
2025-26,15.2,90.0,0.9,7.0,5.5,wcc,2.3,14.9,109.0,1.2,0.656,138.0,0.536,74.0,0.159,22.0,0.636,14.0,31.0,31.0,,880.0,3.2,7.6,60.0,1.9,75.0,14.7,jake-ensminger-1,195.0,236.0,Guard,2.0,30.0,SANTA-CLARA,0.616,85.0,0.388,33.0,11.1,169.0,0.657,16.3,29.0,53.0,0.774,41.0,9.7,,3.2,0.144,Jake Ensminger
2025-26,7.5,18.0,0.6,2.0,1.4,wcc,0.4,8.2,27.0,0.5,0.514,141.0,0.433,61.0,0.163,23.0,0.652,15.0,33.0,0.0,,396.0,1.0,5.4,19.0,0.6,37.0,13.5,kj-cochran-1,160.0,146.0,Guard,2.2,15.0,SANTA-CLARA,0.603,85.0,0.271,23.0,6.7,46.0,0.527,9.0,15.0,56.0,0.679,38.0,20.2,,1.1,0.11,KJ Cochran
2025-26,15.3,17.0,6.5,9.0,3.0,wcc,3.0,11.9,16.0,0.2,0.52,25.0,0.48,12.0,0.64,16.0,0.5,8.0,23.0,0.0,,162.0,0.0,10.4,15.0,0.4,27.0,14.9,francis-chukwudebelu-1,34.0,47.0,Center,1.1,3.0,SANTA-CLARA,0.2,5.0,0.4,2.0,11.1,31.0,0.521,3.0,1.0,20.0,0.5,10.0,9.9,,0.6,0.156,Francis Chukwudebelu
2025-26,0.0,0.0,0.0,0.0,19.2,wcc,-2.2,26.7,2.0,0.0,0.5,12.0,0.333,4.0,0.333,4.0,1.0,4.0,8.0,0.0,,9.0,21.4,0.0,0.0,0.1,1.0,50.6,brendan-yarusso-1,16.0,12.0,Guard,0.0,0.0,SANTA-CLARA,0.917,11.0,0.364,4.0,12.9,2.0,0.576,0.0,0.0,1.0,0.0,0.0,74.0,,0.1,0.423,Brendan Yarusso
2025-26,0.0,0.0,0.0,0.0,,wcc,,100.0,2.0,0.0,,0.0,,0.0,,0.0,,0.0,1.0,0.0,,2.0,,0.0,0.0,0.0,0.0,-12.4,juan-reyna-1,0.0,0.0,Guard,0.0,0.0,SANTA-CLARA,,0.0,,0.0,58.0,2.0,,100.0,1.0,0.0,,0.0,24.0,,0.0,-0.318,Juan Reyna
2025-26,16.7,77.0,3.5,27.0,9.3,sec,3.0,25.2,199.0,1.5,0.52,321.0,0.489,157.0,0.561,180.0,0.75,135.0,32.0,31.0,,857.0,6.2,10.7,85.0,2.9,76.0,25.1,rashaun-agee-1,469.0,479.0,Forward,2.0,31.0,TEXAS-AM,0.246,79.0,0.253,20.0,17.9,284.0,0.577,9.6,43.0,242.0,0.566,137.0,24.7,,4.4,0.207,Rashaun Agee
2025-26,17.4,79.0,2.0,14.0,8.3,sec,3.7,8.8,63.0,1.1,0.592,239.0,0.46,110.0,0.343,82.0,0.793,65.0,30.0,25.0,,780.0,4.7,3.0,22.0,1.8,67.0,18.3,rylan-griffen-1,348.0,330.0,Guard,3.4,48.0,TEXAS-AM,0.632,151.0,0.417,63.0,5.9,85.0,0.626,14.2,46.0,88.0,0.534,47.0,19.6,,2.9,0.149,Rylan Griffen
2025-26,12.7,52.0,0.6,4.0,3.9,sec,1.9,9.1,62.0,0.8,0.526,252.0,0.496,125.0,0.452,114.0,0.711,81.0,32.0,28.0,,738.0,2.0,5.9,40.0,1.6,63.0,17.2,marcus-hill-4,346.0,330.0,Guard,2.4,32.0,TEXAS-AM,0.246,62.0,0.242,15.0,7.5,102.0,0.565,10.5,36.0,190.0,0.579,110.0,21.9,,2.4,0.13,Marcus Hill
2025-26,10.2,45.0,0.6,4.0,5.7,sec,0.7,9.3,64.0,0.6,0.579,240.0,0.408,98.0,0.25,60.0,0.867,52.0,32.0,25.0,,746.0,5.0,1.7,12.0,2.1,37.0,15.9,ruben-dominguez-1,330.0,286.0,Guard,1.0,13.0,TEXAS-AM,0.846,203.0,0.404,82.0,5.5,76.0,0.615,3.9,11.0,37.0,0.432,16.0,17.7,,2.7,0.144,RubÃ©n Dominguez
2025-26,20.4,81.0,0.5,3.0,4.5,sec,1.4,11.1,71.0,0.7,0.555,235.0,0.43,101.0,0.294,69.0,0.754,52.0,31.0,6.0,,690.0,3.1,1.6,10.0,1.2,56.0,14.7,pop-isaacs-1,313.0,299.0,Guard,1.6,20.0,TEXAS-AM,0.634,149.0,0.396,59.0,6.4,81.0,0.584,16.0,51.0,86.0,0.488,42.0,21.8,,1.9,0.109,Pop Isaacs
2025-26,8.3,25.0,2.6,12.0,3.7,sec,2.0,13.5,66.0,0.7,0.58,168.0,0.476,80.0,0.244,41.0,0.78,32.0,32.0,4.0,,529.0,1.7,6.9,34.0,1.1,86.0,15.7,zach-clemence-1,227.0,208.0,Forward,1.7,16.0,TEXAS-AM,0.512,86.0,0.407,35.0,10.2,100.0,0.605,11.8,25.0,82.0,0.549,45.0,18.9,,1.7,0.132,Zach Clemence
2025-26,25.8,99.0,0.2,1.0,2.6,sec,1.0,5.3,30.0,0.5,0.484,158.0,0.399,63.0,0.323,51.0,0.882,45.0,31.0,28.0,,619.0,1.7,4.4,25.0,1.2,54.0,13.2,jacari-lane-1,198.0,237.0,Guard,1.6,18.0,TEXAS-AM,0.551,87.0,0.31,27.0,4.8,55.0,0.543,15.3,33.0,71.0,0.507,36.0,16.4,,1.7,0.112,Jacari Lane
2025-26,8.7,25.0,0.9,4.0,4.5,sec,3.5,13.3,61.0,0.8,0.491,162.0,0.438,71.0,0.247,40.0,0.525,21.0,32.0,1.0,,496.0,1.0,5.7,26.0,0.6,34.0,15.4,aliabdou-dibba-1,180.0,171.0,Guard,4.0,36.0,TEXAS-AM,0.272,44.0,0.386,17.0,9.5,87.0,0.497,6.7,13.0,118.0,0.458,54.0,18.4,,1.4,0.111,Ali Abdou Dibba
2025-26,22.0,56.0,0.5,2.0,0.9,sec,2.5,10.6,41.0,0.6,0.55,100.0,0.5,50.0,0.5,50.0,0.68,34.0,32.0,0.0,,421.0,-1.5,3.1,12.0,0.3,42.0,12.8,josh-holloway-1,144.0,156.0,Guard,3.3,25.0,TEXAS-AM,0.28,28.0,0.357,10.0,6.8,53.0,0.582,26.7,45.0,72.0,0.556,40.0,18.9,,0.8,0.08,Josh Holloway
2025-26,12.0,11.0,10.6,17.0,1.6,sec,2.0,24.5,41.0,0.3,0.547,74.0,0.527,39.0,0.324,24.0,0.583,14.0,28.0,0.0,,181.0,-0.4,11.9,20.0,0.4,31.0,22.2,jamie-vinson-1,95.0,91.0,Forward,0.6,2.0,TEXAS-AM,0.23,17.0,0.176,3.0,18.2,61.0,0.556,11.4,11.0,57.0,0.632,36.0,25.1,,0.7,0.153,Jamie Vinson
2025-26,12.4,9.0,0.9,1.0,-1.0,sec,-0.6,19.7,24.0,0.2,0.492,59.0,0.39,23.0,0.288,17.0,0.882,15.0,7.0,7.0,,132.0,-0.4,8.2,10.0,0.2,14.0,17.1,mackenzie-mgbako-2,73.0,69.0,Forward,1.7,4.0,TEXAS-AM,0.593,35.0,0.343,12.0,13.9,34.0,0.544,15.2,12.0,24.0,0.458,11.0,28.2,,0.4,0.115,Mackenzie Mgbako
2025-26,8.1,14.0,5.5,13.0,2.1,sec,3.2,13.3,33.0,0.4,0.6,35.0,0.6,21.0,0.914,32.0,0.469,15.0,31.0,4.0,,268.0,-1.1,10.5,26.0,0.4,47.0,13.7,federiko-federiko-1,57.0,70.0,Center,2.5,12.0,TEXAS-AM,0.0,0.0,,0.0,11.9,59.0,0.568,12.2,7.0,35.0,0.6,21.0,10.1,,0.9,0.127,Federiko Federiko
2025-26,13.0,3.0,2.9,1.0,-1.7,sec,-0.1,16.7,6.0,0.0,0.714,7.0,0.714,5.0,0.571,4.0,0.0,0.0,15.0,1.0,,39.0,-1.6,11.1,4.0,0.1,6.0,13.1,chris-mcdermott-1,10.0,11.0,Forward,0.0,0.0,TEXAS-AM,0.286,2.0,0.0,0.0,13.9,10.0,0.562,10.1,1.0,5.0,1.0,5.0,12.0,,0.1,0.106,Chris McDermott
2025-26,0.0,0.0,0.0,0.0,-9.2,sec,-4.4,0.0,0.0,0.0,0.3,10.0,0.2,2.0,0.4,4.0,1.0,4.0,9.0,0.0,,22.0,-4.8,9.8,2.0,0.0,2.0,11.1,noah-shelby-1,10.0,10.0,Guard,2.5,1.0,TEXAS-AM,1.0,10.0,0.2,2.0,4.9,2.0,0.42,0.0,0.0,0.0,,0.0,25.5,,0.0,0.09,Noah Shelby
2025-26,17.5,4.0,0.0,0.0,-5.2,sec,0.3,3.3,1.0,0.0,0.3,5.0,0.2,1.0,0.8,4.0,1.0,4.0,8.0,0.0,,33.0,-5.5,0.0,0.0,0.0,4.0,7.7,jeremiah-green-1,7.0,9.0,Guard,3.3,2.0,TEXAS-AM,0.6,3.0,0.333,1.0,1.6,1.0,0.507,22.5,2.0,2.0,0.0,0.0,12.7,,0.1,0.071,Jeremiah Green
2025-26,8.9,39.0,5.5,43.0,8.9,american,3.1,21.9,184.0,2.1,0.575,318.0,0.566,180.0,0.607,193.0,0.72,139.0,32.0,32.0,,862.0,5.8,14.8,127.0,3.3,98.0,29.2,izaiyah-nelson-1,505.0,484.0,Forward,3.2,51.0,SOUTH-FLORIDA,0.142,45.0,0.133,6.0,18.3,311.0,0.616,9.5,43.0,273.0,0.637,174.0,23.7,,5.4,0.252,Izaiyah Nelson
2025-26,13.3,75.0,0.2,2.0,3.5,american,0.7,9.2,91.0,1.4,0.531,409.0,0.403,165.0,0.205,84.0,0.81,68.0,30.0,27.0,,1017.0,2.8,1.8,18.0,2.1,61.0,14.9,wes-enis-1,502.0,440.0,Guard,1.6,29.0,SOUTH-FLORIDA,0.689,282.0,0.369,104.0,5.4,109.0,0.559,9.8,49.0,127.0,0.48,61.0,22.1,,3.5,0.136,Wes Enis
2025-26,13.7,73.0,0.9,8.0,5.5,american,2.2,8.3,78.0,1.6,0.53,396.0,0.396,157.0,0.144,57.0,0.789,45.0,32.0,32.0,,965.0,3.3,4.5,43.0,2.0,83.0,16.4,joseph-pinion-1,465.0,421.0,Guard,3.1,54.0,SOUTH-FLORIDA,0.699,277.0,0.383,106.0,6.4,121.0,0.55,10.4,49.0,119.0,0.429,51.0,22.1,,3.5,0.147,Joseph Pinion
2025-26,10.8,56.0,0.8,6.0,3.7,american,1.5,12.5,106.0,1.3,0.509,222.0,0.459,102.0,0.833,185.0,0.773,143.0,32.0,30.0,,869.0,2.3,7.5,65.0,2.4,64.0,17.8,josh-omojafo-1,369.0,368.0,Guard,1.7,27.0,SOUTH-FLORIDA,0.315,70.0,0.314,22.0,10.0,171.0,0.595,11.2,39.0,152.0,0.526,80.0,18.1,,3.7,0.171,Josh Omojafo
2025-26,30.9,155.0,1.1,9.0,0.9,american,1.8,11.9,100.0,1.4,0.408,299.0,0.381,114.0,0.518,155.0,0.729,113.0,32.0,32.0,,860.0,-1.0,2.9,25.0,1.3,99.0,14.5,cj-brown-2,357.0,402.0,Forward,2.2,34.0,SOUTH-FLORIDA,0.217,65.0,0.246,16.0,7.4,125.0,0.479,14.9,65.0,234.0,0.419,98.0,23.0,,2.7,0.124,CJ Brown
2025-26,4.7,14.0,1.8,8.0,4.7,american,4.0,11.7,55.0,1.0,0.532,108.0,0.417,45.0,0.287,31.0,0.806,25.0,32.0,1.0,,484.0,0.7,7.0,34.0,0.9,56.0,15.0,isaiah-jones-3,140.0,135.0,Guard,4.1,36.0,SOUTH-FLORIDA,0.731,79.0,0.316,25.0,9.3,89.0,0.57,6.8,9.0,29.0,0.69,20.0,12.3,,1.9,0.157,Isaiah Jones
2025-26,4.8,13.0,11.3,47.0,3.3,american,3.7,14.9,66.0,0.9,0.606,90.0,0.589,53.0,0.444,40.0,0.6,24.0,31.0,1.0,,453.0,-0.4,8.2,37.0,0.7,61.0,16.2,daimion-collins-1,133.0,128.0,Forward,1.0,8.0,SOUTH-FLORIDA,0.211,19.0,0.158,3.0,11.5,103.0,0.61,12.8,16.0,71.0,0.704,50.0,12.5,,1.6,0.142,Daimion Collins
2025-26,30.5,52.0,1.5,4.0,0.8,american,1.6,11.1,31.0,0.5,0.448,87.0,0.391,34.0,0.322,28.0,0.679,19.0,26.0,2.0,,286.0,-0.9,4.2,12.0,0.1,21.0,12.8,adriel-nyorha-1,97.0,115.0,Guard,2.9,15.0,SOUTH-FLORIDA,0.356,31.0,0.323,10.0,7.6,43.0,0.484,23.6,31.0,56.0,0.429,24.0,20.7,,0.6,0.087,Adriel Nyorha
2025-26,29.5,39.0,0.0,0.0,0.5,american,3.5,13.6,30.0,0.5,0.508,60.0,0.5,30.0,0.65,39.0,0.692,27.0,24.0,0.0,,227.0,-3.0,2.6,6.0,0.2,33.0,14.7,gavin-hightower-1,88.0,97.0,Guard,3.8,16.0,SOUTH-FLORIDA,0.083,5.0,0.2,1.0,8.0,36.0,0.56,25.6,27.0,55.0,0.527,29.0,21.0,,0.7,0.115,Gavin Hightower
2025-26,13.7,19.0,1.0,2.0,2.3,american,2.3,13.0,29.0,0.4,0.477,64.0,0.391,25.0,0.234,15.0,0.933,14.0,23.0,0.0,,229.0,0.0,7.9,18.0,0.5,21.0,16.5,devin-haid-1,75.0,80.0,Guard,3.6,15.0,SOUTH-FLORIDA,0.547,35.0,0.314,11.0,10.4,47.0,0.527,9.0,7.0,29.0,0.483,14.0,15.4,,0.9,0.162,Devin Haid
2025-26,6.6,6.0,2.9,4.0,2.9,american,2.1,17.4,26.0,0.3,0.527,37.0,0.486,18.0,0.595,22.0,0.727,16.0,21.0,1.0,,153.0,0.8,6.6,10.0,0.3,15.0,16.2,tristan-beckford-1,55.0,52.0,Forward,1.8,5.0,SOUTH-FLORIDA,0.351,13.0,0.231,3.0,11.9,36.0,0.58,9.5,5.0,24.0,0.625,15.0,15.5,,0.6,0.156,Tristan Beckford
2025-26,15.6,8.0,0.0,0.0,4.0,american,1.4,12.4,10.0,0.1,0.528,18.0,0.444,8.0,1.0,18.0,0.667,12.0,11.0,2.0,,83.0,2.7,7.2,6.0,0.2,7.0,16.5,caleb-sanders-1,31.0,33.0,Forward,2.0,3.0,SOUTH-FLORIDA,0.5,9.0,0.333,3.0,9.8,16.0,0.584,13.1,4.0,9.0,0.556,5.0,16.6,,0.3,0.162,Caleb Sanders
2025-26,20.4,5.0,0.0,0.0,-6.2,american,-2.0,2.8,1.0,0.0,0.333,9.0,0.222,2.0,0.444,4.0,0.5,2.0,3.0,0.0,,37.0,-4.2,2.7,1.0,0.0,6.0,3.4,xavier-brown-1,8.0,10.0,Guard,0.0,0.0,SOUTH-FLORIDA,0.667,6.0,0.333,2.0,2.7,2.0,0.367,8.4,1.0,3.0,0.0,0.0,14.5,,0.0,0.052,Xavier Brown
2025-26,0.0,0.0,0.0,0.0,10.6,american,-10.0,0.0,0.0,0.0,,0.0,,0.0,,0.0,,0.0,1.0,0.0,,1.0,20.6,100.0,1.0,0.0,0.0,39.3,onyx-nnani-1,0.0,1.0,Forward,0.0,0.0,SOUTH-FLORIDA,,0.0,,0.0,50.7,1.0,,,0.0,0.0,,0.0,0.0,,0.0,0.347,Onyx Nnani
2025-26,20.5,108.0,1.0,10.0,10.9,sec,3.5,21.5,192.0,1.5,0.592,354.0,0.551,195.0,0.523,185.0,0.816,151.0,32.0,32.0,,1030.0,7.3,6.0,51.0,3.7,72.0,26.1,dailyn-swain-2,570.0,570.0,Forward,3.1,55.0,TEXAS,0.237,84.0,0.345,29.0,14.0,243.0,0.645,16.1,85.0,270.0,0.615,166.0,25.2,,5.2,0.201,Dailyn Swain
2025-26,4.8,20.0,3.8,30.0,4.6,sec,0.6,19.6,140.0,0.9,0.631,255.0,0.631,161.0,0.98,250.0,0.696,174.0,32.0,32.0,,824.0,4.1,11.7,79.0,2.9,109.0,24.8,matas-vokietaitis-1,496.0,466.0,Center,0.4,6.0,TEXAS,0.0,0.0,,0.0,15.8,219.0,0.664,15.8,70.0,255.0,0.631,161.0,26.6,,3.8,0.185,Matas Vokietaitis
2025-26,13.0,60.0,1.5,13.0,5.5,sec,1.3,9.7,74.0,0.8,0.533,336.0,0.47,158.0,0.295,99.0,0.747,74.0,32.0,32.0,,885.0,4.2,4.8,35.0,2.3,58.0,18.9,tramon-mark-1,432.0,411.0,Guard,1.9,29.0,TEXAS,0.387,130.0,0.323,42.0,7.3,109.0,0.564,9.5,40.0,206.0,0.563,116.0,23.6,,3.1,0.14,Tramon Mark
2025-26,11.9,60.0,0.2,2.0,3.7,sec,-0.2,6.6,52.0,0.5,0.518,331.0,0.405,134.0,0.302,100.0,0.84,84.0,32.0,31.0,,911.0,3.9,2.3,17.0,2.6,68.0,15.6,jordan-pope-1,427.0,398.0,Guard,0.9,14.0,TEXAS,0.604,200.0,0.375,75.0,4.5,69.0,0.564,6.9,28.0,131.0,0.45,59.0,22.0,,3.0,0.134,Jordan Pope
2025-26,15.4,59.0,1.8,11.0,2.3,sec,1.7,8.4,46.0,0.6,0.472,162.0,0.377,61.0,0.296,48.0,0.917,44.0,32.0,1.0,,632.0,0.5,2.3,12.0,0.7,67.0,11.1,simeon-wilcher-2,197.0,207.0,Guard,2.1,23.0,TEXAS,0.549,89.0,0.348,31.0,5.4,58.0,0.533,18.5,42.0,73.0,0.411,30.0,17.7,,1.2,0.079,Simeon Wilcher
2025-26,4.6,20.0,0.6,4.0,4.1,sec,1.0,9.4,58.0,0.5,0.668,134.0,0.5,67.0,0.127,17.0,0.706,12.0,31.0,25.0,,715.0,3.1,4.4,26.0,1.5,71.0,11.4,camden-heide-1,191.0,176.0,Forward,1.0,12.0,TEXAS,0.731,98.0,0.459,45.0,7.0,84.0,0.672,9.0,14.0,36.0,0.611,22.0,10.8,,1.9,0.108,Camden Heide
2025-26,9.0,37.0,0.6,4.0,3.8,sec,2.3,15.2,89.0,0.7,0.46,150.0,0.427,64.0,0.413,62.0,0.71,44.0,32.0,2.0,,675.0,1.5,7.6,42.0,1.0,69.0,12.8,chendall-weaver-1,182.0,201.0,Guard,2.1,25.0,TEXAS,0.287,43.0,0.233,10.0,11.5,131.0,0.507,10.9,22.0,107.0,0.505,54.0,14.7,,1.7,0.1,Chendall Weaver
2025-26,7.3,13.0,4.1,12.0,2.2,sec,1.6,16.1,42.0,0.3,0.485,67.0,0.478,32.0,0.373,25.0,0.6,15.0,20.0,4.0,,301.0,0.5,8.5,21.0,0.3,27.0,12.0,nic-codie-1,80.0,87.0,Forward,0.2,1.0,TEXAS,0.179,12.0,0.083,1.0,12.4,63.0,0.507,13.2,12.0,55.0,0.564,31.0,14.9,,0.6,0.079,Nic Codie
2025-26,6.1,14.0,2.0,7.0,1.5,sec,2.0,23.8,74.0,0.5,0.449,49.0,0.449,22.0,1.082,53.0,0.66,35.0,23.0,1.0,,360.0,-0.5,14.9,44.0,0.4,52.0,13.1,lassina-traore-1,79.0,104.0,Forward,1.8,11.0,TEXAS,0.02,1.0,0.0,0.0,19.4,118.0,0.533,22.9,22.0,48.0,0.458,22.0,13.2,,0.9,0.099,Lassina Traore
2025-26,0.0,0.0,1.2,1.0,-0.8,sec,2.9,12.4,9.0,0.1,0.5,14.0,0.5,7.0,0.286,4.0,0.25,1.0,12.0,0.0,,84.0,-3.7,7.3,5.0,0.0,8.0,8.1,declan-duru-jr-1,15.0,15.0,Forward,3.4,5.0,TEXAS,0.357,5.0,0.0,0.0,9.9,14.0,0.472,20.1,4.0,9.0,0.778,7.0,11.7,,0.1,0.039,Declan Duru Jr.
2025-26,16.6,2.0,0.0,0.0,10.4,sec,4.0,11.6,2.0,0.0,0.75,4.0,0.5,2.0,0.0,0.0,,0.0,7.0,0.0,,20.0,6.4,12.2,2.0,0.0,1.0,19.3,anthon-mcdermott-1,6.0,7.0,Guard,5.8,2.0,TEXAS,1.0,4.0,0.5,2.0,11.9,4.0,0.75,33.3,2.0,0.0,,0.0,14.8,,0.1,0.145,Anthon McDermott
2025-26,18.8,1.0,0.0,0.0,-4.2,sec,-1.5,12.8,1.0,0.0,1.5,1.0,1.0,1.0,0.0,0.0,,0.0,6.0,0.0,,9.0,-2.7,0.0,0.0,0.0,0.0,28.8,cole-bott-1,3.0,3.0,Forward,6.4,1.0,TEXAS,1.0,1.0,1.0,1.0,6.6,1.0,1.5,0.0,0.0,0.0,,0.0,5.5,,0.1,0.273,Cole Bott
2025-26,0.0,0.0,0.0,0.0,-31.9,sec,-13.8,23.1,1.0,0.0,0.3,5.0,0.2,1.0,0.0,0.0,,0.0,4.0,0.0,,5.0,-18.1,24.4,1.0,0.0,1.0,-6.8,brandon-taylor-4,3.0,3.0,Guard,0.0,0.0,TEXAS,0.8,4.0,0.25,1.0,23.7,2.0,0.3,16.7,1.0,1.0,0.0,0.0,59.2,,0.0,-0.231,Brandon Taylor
2025-26,23.0,135.0,1.0,9.0,5.1,mvc,3.0,11.5,113.0,2.8,0.526,389.0,0.44,171.0,0.231,90.0,0.789,71.0,35.0,35.0,,1168.0,2.1,2.2,20.0,1.7,54.0,17.9,trey-campbell-1,480.0,490.0,Guard,3.1,57.0,NORTHERN-IOWA,0.496,193.0,0.347,67.0,7.1,133.0,0.556,14.1,71.0,196.0,0.531,104.0,24.5,,4.5,0.154,Trey Campbell
2025-26,8.9,52.0,2.9,26.0,3.0,mvc,2.1,14.8,143.0,2.7,0.542,334.0,0.473,158.0,0.216,72.0,0.75,54.0,35.0,35.0,,1147.0,0.9,2.9,26.0,1.4,64.0,15.4,leon-bond-iii-1,416.0,381.0,Guard,1.5,27.0,NORTHERN-IOWA,0.377,126.0,0.365,46.0,9.1,169.0,0.565,9.6,39.0,208.0,0.538,112.0,20.2,,4.1,0.143,Leon Bond III
2025-26,18.3,76.0,3.0,21.0,5.3,mvc,2.5,15.1,114.0,2.0,0.612,273.0,0.604,165.0,0.315,86.0,0.535,46.0,34.0,34.0,,895.0,2.7,6.4,44.0,1.8,47.0,20.2,will-hornseth-1,380.0,374.0,Forward,1.3,18.0,NORTHERN-IOWA,0.033,9.0,0.444,4.0,10.9,158.0,0.605,13.7,50.0,264.0,0.61,161.0,23.1,,3.9,0.173,Will Hornseth
2025-26,13.2,66.0,2.8,21.0,4.6,mvc,3.6,17.4,142.0,2.5,0.553,265.0,0.487,129.0,0.298,79.0,0.684,54.0,35.0,21.0,,970.0,1.1,2.5,19.0,1.4,69.0,16.9,ben-schwieger-1,347.0,331.0,Guard,2.4,37.0,NORTHERN-IOWA,0.351,93.0,0.376,35.0,10.3,161.0,0.574,11.4,39.0,172.0,0.547,94.0,20.0,,3.9,0.16,Ben Schwieger
2025-26,18.6,51.0,3.4,15.0,5.5,mvc,3.7,20.0,95.0,1.6,0.564,164.0,0.555,91.0,0.537,88.0,0.682,60.0,27.0,20.0,,563.0,1.8,9.9,43.0,1.5,66.0,23.2,tristan-smith-3,245.0,261.0,Forward,2.7,24.0,NORTHERN-IOWA,0.067,11.0,0.273,3.0,15.2,138.0,0.595,13.1,31.0,153.0,0.575,88.0,23.9,,3.1,0.22,Tristan Smith
2025-26,12.3,61.0,0.4,3.0,0.9,mvc,2.0,9.4,68.0,1.7,0.559,160.0,0.388,62.0,0.156,25.0,0.84,21.0,31.0,28.0,,861.0,-1.1,1.4,9.0,0.9,65.0,9.8,max-weisbrod-1,200.0,201.0,Guard,1.4,19.0,NORTHERN-IOWA,0.888,142.0,0.387,55.0,5.5,77.0,0.582,13.6,27.0,18.0,0.389,7.0,13.1,,2.6,0.12,Max Weisbrod
2025-26,3.0,7.0,0.9,3.0,0.7,mvc,1.7,8.4,30.0,0.9,0.523,108.0,0.389,42.0,0.148,16.0,0.75,12.0,33.0,1.0,,426.0,-1.0,1.2,4.0,0.4,29.0,10.4,kyle-pock-1,125.0,105.0,Forward,1.8,12.0,NORTHERN-IOWA,0.778,84.0,0.345,29.0,4.9,34.0,0.541,4.1,5.0,24.0,0.542,13.0,16.1,,1.2,0.115,Kyle Pock
2025-26,18.1,35.0,2.5,7.0,-2.3,mvc,1.4,8.2,25.0,0.7,0.5,98.0,0.439,43.0,0.112,11.0,0.636,7.0,34.0,1.0,,364.0,-3.7,6.4,18.0,0.0,59.0,9.2,ismael-diouf-1,105.0,119.0,Forward,1.2,7.0,NORTHERN-IOWA,0.48,47.0,0.255,12.0,7.3,43.0,0.509,20.7,27.0,51.0,0.608,31.0,20.3,,0.8,0.086,Ismael Diouf
2025-26,19.0,34.0,0.0,0.0,-0.3,mvc,3.1,10.3,28.0,0.7,0.561,66.0,0.47,31.0,0.061,4.0,1.0,4.0,29.0,0.0,,323.0,-3.4,0.4,1.0,0.4,36.0,11.8,rj-taylor-1,78.0,83.0,Guard,2.5,13.0,NORTHERN-IOWA,0.47,31.0,0.387,12.0,5.6,29.0,0.574,12.8,10.0,35.0,0.543,19.0,13.7,,1.1,0.141,RJ Taylor
2025-26,5.2,8.0,1.0,2.0,-3.3,mvc,3.1,12.9,29.0,0.7,0.44,50.0,0.36,18.0,0.28,14.0,0.571,8.0,34.0,0.0,,266.0,-6.3,5.9,12.0,-0.1,39.0,7.2,geon-hutchins-1,52.0,56.0,Guard,2.8,12.0,NORTHERN-IOWA,0.52,26.0,0.308,8.0,9.6,41.0,0.459,16.3,11.0,24.0,0.417,10.0,14.5,,0.6,0.089,Geon Hutchins
2025-26,3.8,1.0,5.3,2.0,-1.8,mvc,2.7,14.8,6.0,0.1,0.625,8.0,0.625,5.0,0.75,6.0,1.0,6.0,16.0,0.0,,48.0,-4.5,8.1,3.0,0.2,4.0,19.0,chase-courbat-1,16.0,16.0,Forward,0.0,0.0,NORTHERN-IOWA,0.0,0.0,,0.0,11.6,9.0,0.737,8.4,1.0,8.0,0.625,5.0,14.0,,0.3,0.223,Chase Courbat
2025-26,0.0,0.0,0.0,0.0,-13.4,mvc,-3.3,0.0,0.0,0.0,0.25,6.0,0.167,1.0,0.0,0.0,,0.0,11.0,0.0,,18.0,-10.2,7.2,1.0,0.0,2.0,-3.3,hunter-jacobson-1,3.0,3.0,Guard,0.0,0.0,NORTHERN-IOWA,0.833,5.0,0.2,1.0,3.4,1.0,0.25,0.0,0.0,1.0,0.0,0.0,18.9,,0.0,-0.041,Hunter Jacobson
2025-26,27.4,170.0,1.0,9.0,5.5,mac,-0.1,7.9,81.0,1.6,0.589,490.0,0.512,251.0,0.251,123.0,0.87,107.0,34.0,34.0,,1087.0,5.6,2.3,21.0,4.2,43.0,24.1,tavari-johnson-1,684.0,670.0,Guard,2.2,43.0,AKRON,0.41,201.0,0.373,75.0,5.3,102.0,0.624,13.1,83.0,289.0,0.609,176.0,28.0,,5.8,0.213,Tavari Johnson
2025-26,13.9,74.0,3.2,24.0,4.2,mac,1.1,23.4,197.0,1.9,0.626,325.0,0.557,181.0,0.382,124.0,0.71,88.0,34.0,34.0,,891.0,3.1,10.2,76.0,2.7,94.0,24.2,amani-lyles-1,495.0,480.0,Forward,2.1,33.0,AKRON,0.369,120.0,0.375,45.0,17.2,273.0,0.645,16.3,75.0,205.0,0.663,136.0,24.8,,4.7,0.211,Amani Lyles
2025-26,17.5,100.0,0.4,3.0,1.3,mac,-1.4,9.5,81.0,1.1,0.567,341.0,0.449,153.0,0.173,59.0,0.78,46.0,34.0,12.0,,902.0,2.7,0.8,6.0,2.4,29.0,16.6,shammah-scott-1,433.0,406.0,Guard,0.7,11.0,AKRON,0.563,192.0,0.422,81.0,5.4,87.0,0.587,9.3,38.0,149.0,0.483,72.0,21.7,,3.5,0.154,Shammah Scott
2025-26,18.9,118.0,3.2,26.0,5.2,mac,2.9,13.3,121.0,2.0,0.613,253.0,0.585,148.0,0.261,66.0,0.576,38.0,34.0,34.0,,965.0,2.3,8.4,68.0,2.7,77.0,20.6,evan-mahaffey-1,348.0,393.0,Forward,3.3,57.0,AKRON,0.174,44.0,0.318,14.0,11.0,189.0,0.612,13.4,44.0,209.0,0.641,134.0,16.4,,4.6,0.192,Evan Mahaffey
2025-26,1.9,8.0,0.2,1.0,0.5,mac,-1.8,8.3,49.0,0.7,0.591,209.0,0.407,85.0,0.115,24.0,0.833,20.0,34.0,11.0,,624.0,2.3,0.8,4.0,1.2,22.0,12.4,bowen-hardman-1,267.0,207.0,Guard,0.5,6.0,AKRON,0.904,189.0,0.407,77.0,4.8,53.0,0.606,6.0,14.0,20.0,0.4,8.0,18.1,,1.9,0.12,Bowen Hardman
2025-26,10.7,52.0,2.9,18.0,3.3,mac,1.2,18.5,127.0,1.4,0.596,182.0,0.527,96.0,0.302,55.0,0.745,41.0,33.0,11.0,,728.0,2.1,10.0,61.0,1.9,71.0,18.5,eric-mahaffey-1,258.0,275.0,Guard,1.8,23.0,AKRON,0.346,63.0,0.397,25.0,14.5,188.0,0.62,11.9,28.0,119.0,0.597,71.0,15.6,,3.3,0.183,Eric Mahaffey
2025-26,12.5,53.0,0.4,2.0,2.3,mac,2.4,11.1,66.0,1.2,0.521,190.0,0.411,78.0,0.284,54.0,0.815,44.0,33.0,12.0,,628.0,-0.1,4.4,23.0,1.3,70.0,15.6,sharron-young-1,242.0,243.0,Guard,3.5,39.0,AKRON,0.647,123.0,0.341,42.0,8.0,89.0,0.561,11.1,27.0,67.0,0.537,36.0,18.6,,2.5,0.158,Sharron Young
2025-26,8.5,24.0,0.3,1.0,-0.3,mac,1.7,15.6,57.0,0.7,0.515,67.0,0.448,30.0,0.343,23.0,0.826,19.0,33.0,22.0,,388.0,-2.0,5.3,17.0,0.6,44.0,11.8,zach-halligan-1,88.0,98.0,Guard,2.3,16.0,AKRON,0.522,35.0,0.257,9.0,10.7,74.0,0.565,10.4,9.0,32.0,0.656,21.0,10.8,,1.3,0.138,Zach Halligan
2025-26,7.4,16.0,2.3,6.0,0.5,mac,2.0,10.8,31.0,0.6,0.7,40.0,0.7,28.0,0.575,23.0,0.652,15.0,34.0,0.0,,303.0,-1.5,14.6,37.0,0.8,53.0,16.0,marvin-musiime-kamali-1,71.0,90.0,Forward,3.3,18.0,AKRON,0.0,0.0,,0.0,12.6,68.0,0.697,17.8,11.0,40.0,0.7,28.0,9.8,,1.3,0.177,Marvin Musiime-Kamali
2025-26,2.6,2.0,11.1,11.0,-1.8,mac,1.6,22.8,25.0,0.3,0.762,21.0,0.762,16.0,1.476,31.0,0.774,24.0,17.0,0.0,,116.0,-3.4,11.4,11.0,0.4,20.0,23.4,halil-barre-1,56.0,52.0,Forward,1.0,2.0,AKRON,0.0,0.0,,0.0,17.5,36.0,0.784,23.5,11.0,21.0,0.762,16.0,19.4,,0.6,0.214,Halil Barre
2025-26,11.4,9.0,2.0,2.0,-3.7,mac,-0.1,19.9,22.0,0.3,0.554,28.0,0.536,15.0,0.607,17.0,0.588,10.0,17.0,0.0,,117.0,-3.6,9.2,9.0,0.1,7.0,15.5,ognjen-stankovic-1,41.0,45.0,Guard,2.9,6.0,AKRON,0.179,5.0,0.2,1.0,14.9,31.0,0.568,25.0,12.0,23.0,0.609,14.0,19.8,,0.3,0.114,Ognjen Stankovic
2025-26,6.2,1.0,0.0,0.0,-18.9,mac,-7.1,0.0,0.0,0.0,0.385,13.0,0.308,4.0,0.154,2.0,0.5,1.0,12.0,0.0,,25.0,-11.8,4.8,1.0,0.0,3.0,5.8,conner-groce-1,11.0,10.0,Guard,0.0,0.0,AKRON,0.538,7.0,0.286,2.0,2.2,1.0,0.394,0.0,0.0,6.0,0.333,2.0,26.9,,0.0,0.043,Conner Groce
2025-26,0.0,0.0,9.4,2.0,-24.8,mac,-5.7,16.9,4.0,0.1,0.5,10.0,0.5,5.0,0.0,0.0,,0.0,9.0,0.0,,25.0,-19.2,14.4,3.0,0.0,3.0,15.8,rich-brisco-1,10.0,9.0,Forward,4.5,2.0,AKRON,0.0,0.0,,0.0,15.7,7.0,0.5,23.1,3.0,10.0,0.5,5.0,25.0,,0.0,0.072,Rich Brisco
2025-26,12.7,47.0,0.0,0.0,6.9,southland,0.4,17.3,122.0,1.8,0.531,414.0,0.502,208.0,0.43,178.0,0.77,137.0,33.0,25.0,,832.0,6.4,8.3,59.0,3.5,53.0,28.9,larry-johnson-13,577.0,522.0,Guard,2.9,40.0,MCNEESE-STATE,0.239,99.0,0.242,24.0,12.8,181.0,0.579,6.6,35.0,315.0,0.584,184.0,32.2,,5.3,0.255,Larry Johnson
2025-26,23.2,96.0,2.1,12.0,6.6,southland,1.8,7.1,51.0,1.7,0.516,397.0,0.436,173.0,0.176,70.0,0.9,63.0,33.0,23.0,,844.0,4.8,1.8,13.0,2.2,48.0,21.8,tyshawn-archie-1,473.0,441.0,Guard,3.9,56.0,MCNEESE-STATE,0.431,171.0,0.374,64.0,4.4,64.0,0.55,10.6,51.0,226.0,0.482,109.0,28.6,,3.9,0.185,Tyshawn Archie
2025-26,10.0,47.0,3.6,21.0,4.7,southland,2.7,10.5,76.0,1.8,0.536,263.0,0.464,122.0,0.327,86.0,0.767,66.0,29.0,29.0,,854.0,2.0,1.9,14.0,2.1,51.0,19.1,javohn-garcia-1,348.0,312.0,Guard,3.6,51.0,MCNEESE-STATE,0.388,102.0,0.373,38.0,6.2,90.0,0.573,5.3,17.0,161.0,0.522,84.0,18.8,,4.0,0.186,Javohn Garcia
2025-26,5.4,23.0,1.0,5.0,-1.0,southland,0.2,8.6,53.0,1.3,0.512,210.0,0.371,78.0,0.362,76.0,0.776,59.0,33.0,9.0,,730.0,-1.2,2.1,13.0,1.2,75.0,12.2,dj-richards-1,274.0,240.0,Guard,2.2,27.0,MCNEESE-STATE,0.79,166.0,0.355,59.0,5.3,66.0,0.557,10.2,28.0,44.0,0.432,19.0,18.8,,2.4,0.133,DJ Richards
2025-26,28.0,142.0,3.4,20.0,3.2,southland,2.4,8.0,59.0,1.8,0.502,213.0,0.451,96.0,0.338,72.0,0.764,55.0,33.0,16.0,,868.0,0.7,4.7,35.0,1.6,85.0,17.2,garwey-dual-2,269.0,322.0,Guard,3.8,55.0,MCNEESE-STATE,0.338,72.0,0.306,22.0,6.4,94.0,0.544,18.2,55.0,141.0,0.525,74.0,17.5,,3.4,0.158,Garwey Dual
2025-26,4.6,17.0,9.4,41.0,-1.5,southland,1.7,12.6,68.0,1.4,0.573,130.0,0.569,74.0,0.577,75.0,0.56,42.0,33.0,23.0,,639.0,-3.2,11.7,64.0,0.8,105.0,15.2,jerrell-colbert-1,191.0,199.0,Center,2.0,21.0,MCNEESE-STATE,0.031,4.0,0.25,1.0,12.1,132.0,0.577,17.9,36.0,126.0,0.579,73.0,15.8,,2.2,0.138,Jerrell Colbert
2025-26,12.7,48.0,2.8,12.0,0.4,southland,2.2,18.0,95.0,1.6,0.411,141.0,0.397,56.0,0.596,84.0,0.774,65.0,33.0,15.0,,623.0,-1.7,7.5,40.0,0.8,61.0,15.9,jacolb-cole-1,181.0,203.0,Forward,3.7,39.0,MCNEESE-STATE,0.255,36.0,0.111,4.0,12.7,135.0,0.5,14.6,31.0,105.0,0.495,52.0,17.1,,2.4,0.152,Jacolb Cole
2025-26,8.9,29.0,1.9,7.0,1.2,southland,2.7,15.5,70.0,1.3,0.505,99.0,0.475,47.0,0.495,49.0,0.735,36.0,32.0,15.0,,535.0,-1.6,6.5,30.0,0.6,57.0,13.7,carl-cherenfant-1,136.0,145.0,Guard,3.6,32.0,MCNEESE-STATE,0.283,28.0,0.214,6.0,11.0,100.0,0.556,18.1,27.0,71.0,0.577,41.0,14.0,,1.8,0.138,Carl Cherenfant
2025-26,1.2,3.0,7.7,22.0,1.6,southland,0.8,15.4,55.0,0.9,0.703,64.0,0.703,45.0,0.813,52.0,0.577,30.0,33.0,6.0,,421.0,0.8,14.1,51.0,1.1,50.0,19.2,peitok-machar-1,120.0,125.0,Forward,1.8,13.0,MCNEESE-STATE,0.031,2.0,0.0,0.0,14.8,106.0,0.676,9.2,9.0,62.0,0.726,45.0,11.6,,2.0,0.193,Peitok Machar
2025-26,1.7,3.0,1.5,3.0,0.5,southland,-0.4,20.9,51.0,0.7,0.659,44.0,0.636,28.0,0.273,12.0,0.833,10.0,27.0,4.0,,288.0,0.9,17.8,44.0,0.7,29.0,18.4,yanis-ndjonga-1,68.0,80.0,Center,2.5,12.0,MCNEESE-STATE,0.136,6.0,0.333,2.0,19.3,95.0,0.684,13.9,8.0,38.0,0.684,26.0,10.1,,1.4,0.195,Yanis Ndjonga
2025-26,44.8,12.0,0.0,0.0,-11.9,southland,-3.4,0.0,0.0,0.1,0.1,10.0,0.1,1.0,0.2,2.0,1.0,2.0,8.0,0.0,,40.0,-8.5,0.0,0.0,0.0,4.0,4.8,jj-rembert-1,4.0,10.0,Guard,3.0,2.0,MCNEESE-STATE,0.3,3.0,0.0,0.0,0.0,0.0,0.183,15.4,2.0,7.0,0.143,1.0,16.2,,0.0,0.018,JJ Rembert
2025-26,21.5,100.0,0.2,2.0,5.7,wac,1.2,9.4,93.0,2.0,0.495,552.0,0.444,245.0,0.384,212.0,0.811,172.0,31.0,31.0,,1118.0,4.4,2.5,25.0,3.4,57.0,22.0,dominique-daniels-jr-1,718.0,672.0,Guard,1.6,30.0,CALIFORNIA-BAPTIST,0.313,173.0,0.324,56.0,5.9,118.0,0.55,10.7,78.0,379.0,0.499,189.0,32.2,,5.4,0.194,Dominique Daniels Jr.
2025-26,9.3,47.0,0.4,4.0,-0.1,wac,0.8,11.2,101.0,1.8,0.448,354.0,0.398,141.0,0.294,104.0,0.779,81.0,31.0,31.0,,1017.0,-0.9,5.1,47.0,1.2,67.0,12.9,martel-williams-1,398.0,382.0,Guard,1.3,23.0,CALIFORNIA-BAPTIST,0.294,104.0,0.337,35.0,8.1,148.0,0.493,11.4,52.0,250.0,0.424,106.0,22.1,,3.0,0.117,Martel Williams
2025-26,11.3,46.0,1.2,9.0,0.5,wac,1.2,9.4,63.0,1.3,0.451,225.0,0.333,75.0,0.258,58.0,0.741,43.0,26.0,24.0,,757.0,-0.8,2.6,18.0,0.7,46.0,10.1,jayden-jackson-1,246.0,238.0,Guard,1.3,16.0,CALIFORNIA-BAPTIST,0.649,146.0,0.363,53.0,6.0,81.0,0.487,12.8,37.0,79.0,0.278,22.0,18.9,,2.0,0.105,Jayden Jackson
2025-26,8.6,18.0,2.4,10.0,5.9,wac,5.0,15.7,60.0,1.2,0.489,142.0,0.458,65.0,0.535,76.0,0.618,47.0,31.0,15.0,,430.0,0.9,12.0,47.0,0.7,58.0,21.1,devon-malcolm-1,186.0,187.0,Guard,4.8,35.0,CALIFORNIA-BAPTIST,0.211,30.0,0.3,9.0,13.9,107.0,0.522,12.7,26.0,112.0,0.5,56.0,23.4,,1.9,0.18,Devon Malcolm
2025-26,3.7,13.0,4.4,28.0,-0.1,wac,2.5,18.3,109.0,1.5,0.574,129.0,0.574,74.0,0.341,44.0,0.545,24.0,29.0,17.0,,671.0,-2.6,10.7,65.0,0.7,91.0,14.0,jonathan-griman-1,172.0,177.0,Forward,1.1,13.0,CALIFORNIA-BAPTIST,0.047,6.0,0.0,0.0,14.4,174.0,0.574,17.6,32.0,123.0,0.602,74.0,13.4,,2.2,0.133,Jonathan Griman
2025-26,4.3,12.0,3.0,15.0,1.5,wac,2.2,27.4,129.0,1.4,0.579,108.0,0.574,62.0,0.463,50.0,0.62,31.0,30.0,19.0,,532.0,-0.6,13.9,67.0,0.8,61.0,17.9,thomas-ndong-1,156.0,166.0,Forward,1.4,13.0,CALIFORNIA-BAPTIST,0.046,5.0,0.2,1.0,20.5,196.0,0.592,18.0,29.0,103.0,0.592,61.0,14.9,,2.2,0.163,Thomas Ndong
2025-26,4.8,16.0,1.7,10.0,-1.6,wac,1.0,16.8,92.0,1.2,0.516,122.0,0.516,63.0,0.311,38.0,0.553,21.0,31.0,13.0,,619.0,-2.5,14.2,80.0,0.6,79.0,12.6,bradey-henige-1,147.0,168.0,Forward,1.0,10.0,CALIFORNIA-BAPTIST,0.0,0.0,,0.0,15.5,172.0,0.525,18.1,31.0,122.0,0.516,63.0,13.6,,1.8,0.119,Bradey Henige
2025-26,15.7,61.0,0.3,2.0,-4.4,wac,0.8,4.7,28.0,1.1,0.411,140.0,0.3,42.0,0.293,41.0,0.756,31.0,32.0,9.0,,678.0,-5.2,1.0,6.0,-0.2,64.0,4.7,jordan-mueller-1,146.0,158.0,Guard,1.5,17.0,CALIFORNIA-BAPTIST,0.643,90.0,0.344,31.0,2.8,34.0,0.458,23.1,48.0,50.0,0.22,11.0,15.1,,0.9,0.054,Jordan Mueller
2025-26,9.1,11.0,1.4,3.0,-2.9,wac,2.3,13.4,26.0,0.4,0.467,46.0,0.391,18.0,0.326,15.0,0.467,7.0,20.0,0.0,,219.0,-5.3,2.0,4.0,-0.1,23.0,6.0,miles-daniels-2,50.0,49.0,Guard,1.4,5.0,CALIFORNIA-BAPTIST,0.413,19.0,0.368,7.0,7.6,30.0,0.471,22.0,15.0,27.0,0.407,11.0,15.3,,0.3,0.059,Miles Daniels
2025-26,2.9,3.0,5.5,10.0,0.1,wac,2.9,20.8,35.0,0.5,0.529,34.0,0.5,17.0,0.618,21.0,0.524,11.0,18.0,0.0,,190.0,-2.8,11.0,19.0,0.2,30.0,13.7,rene-damelio-1,47.0,50.0,Forward,1.6,5.0,CALIFORNIA-BAPTIST,0.235,8.0,0.25,2.0,15.8,54.0,0.534,17.0,9.0,26.0,0.577,15.0,13.8,,0.6,0.134,Rene D'Amelio
2025-26,3.8,2.0,0.0,0.0,1.0,wac,1.7,16.1,14.0,0.2,0.529,17.0,0.529,9.0,1.471,25.0,0.84,21.0,16.0,0.0,,98.0,-0.7,4.5,4.0,0.2,9.0,16.7,nathaniel-garcia-1,39.0,36.0,Center,1.2,2.0,CALIFORNIA-BAPTIST,0.0,0.0,,0.0,10.2,18.0,0.675,17.2,6.0,17.0,0.529,9.0,17.6,,0.4,0.179,Nathaniel Garcia
2025-26,3.2,2.0,0.0,0.0,-0.4,wac,2.5,16.4,16.0,0.2,0.438,24.0,0.333,8.0,0.333,8.0,0.75,6.0,13.0,1.0,,110.0,-2.8,2.0,2.0,0.1,6.0,9.4,monty-bowser-1,27.0,25.0,Forward,2.2,4.0,CALIFORNIA-BAPTIST,0.708,17.0,0.294,5.0,9.1,18.0,0.486,9.7,3.0,7.0,0.429,3.0,13.8,,0.3,0.112,Monty Bowser
2025-26,5.3,1.0,0.0,0.0,7.7,wac,5.2,6.3,2.0,0.1,1.0,6.0,0.667,4.0,0.667,4.0,0.75,3.0,10.0,0.0,,36.0,2.5,0.0,0.0,0.2,6.0,19.2,jalen-dollar-1,15.0,12.0,Guard,1.6,1.0,CALIFORNIA-BAPTIST,0.833,5.0,0.8,4.0,3.1,2.0,0.949,0.0,0.0,1.0,0.0,0.0,10.8,,0.2,0.257,Jalen Dollar
2025-26,11.2,34.0,5.0,34.0,7.1,big-west,2.4,19.8,125.0,1.7,0.562,292.0,0.503,147.0,0.476,139.0,0.885,123.0,32.0,32.0,,675.0,4.8,10.4,60.0,2.3,80.0,26.5,isaac-johnson-23,451.0,418.0,Center,1.5,18.0,HAWAII,0.37,108.0,0.315,34.0,15.3,185.0,0.63,13.9,58.0,184.0,0.614,113.0,29.6,,4.0,0.24,Isaac Johnson
2025-26,13.7,62.0,1.6,14.0,3.8,big-west,3.1,18.2,153.0,2.4,0.475,345.0,0.426,147.0,0.391,135.0,0.778,105.0,32.0,32.0,,900.0,0.7,4.4,34.0,1.3,60.0,18.3,quandre-bullock-1,433.0,415.0,Guard,3.3,54.0,HAWAII,0.368,127.0,0.268,34.0,11.6,187.0,0.529,12.6,59.0,218.0,0.518,113.0,25.0,,3.7,0.163,Quandre Bullock
2025-26,10.7,42.0,2.0,15.0,2.7,big-west,1.1,12.6,90.0,1.6,0.605,215.0,0.526,113.0,0.363,78.0,0.808,63.0,30.0,29.0,,760.0,1.7,9.1,59.0,1.8,81.0,17.4,harry-rouhliadeff-1,323.0,315.0,Forward,1.1,15.0,HAWAII,0.4,86.0,0.395,34.0,11.0,149.0,0.641,15.4,46.0,129.0,0.612,79.0,18.9,,3.4,0.179,Harry Rouhliadeff
2025-26,8.1,33.0,2.6,20.0,0.8,big-west,1.5,15.1,108.0,1.7,0.485,232.0,0.435,101.0,0.409,95.0,0.758,72.0,32.0,3.0,,766.0,-0.7,7.3,48.0,1.2,67.0,15.1,gytis-nemeiksa-1,297.0,292.0,Forward,1.4,20.0,HAWAII,0.366,85.0,0.271,23.0,11.4,156.0,0.536,10.9,34.0,147.0,0.531,78.0,19.5,,2.9,0.152,Gytis NemeikÅ¡a
2025-26,6.0,23.0,1.1,8.0,1.3,big-west,1.3,13.5,91.0,1.5,0.565,200.0,0.485,97.0,0.5,100.0,0.65,65.0,32.0,15.0,,719.0,0.0,4.4,27.0,1.0,57.0,14.0,isaac-finlinson-1,291.0,262.0,Forward,1.5,19.0,HAWAII,0.42,84.0,0.381,32.0,9.2,118.0,0.588,13.9,40.0,116.0,0.56,65.0,19.2,,2.5,0.141,Isaac Finlinson
2025-26,21.2,123.0,1.5,15.0,0.6,big-west,2.0,11.9,113.0,2.1,0.541,207.0,0.444,92.0,0.333,69.0,0.71,49.0,32.0,32.0,,1011.0,-1.4,1.3,11.0,0.7,60.0,10.9,hunter-erickson-1,273.0,300.0,Guard,1.5,27.0,HAWAII,0.541,112.0,0.357,40.0,6.9,124.0,0.569,23.8,75.0,95.0,0.547,52.0,15.0,,2.8,0.112,Hunter Erickson
2025-26,10.7,37.0,1.3,8.0,0.3,big-west,2.1,10.1,58.0,1.3,0.484,154.0,0.409,63.0,0.357,55.0,0.709,39.0,30.0,0.0,,613.0,-1.8,2.7,14.0,0.5,51.0,10.7,isaiah-kerr-1,188.0,184.0,Guard,2.1,23.0,HAWAII,0.545,84.0,0.274,23.0,6.6,72.0,0.522,14.3,30.0,70.0,0.571,40.0,16.5,,1.8,0.115,Isaiah Kerr
2025-26,6.9,11.0,3.9,12.0,-0.2,big-west,2.5,15.1,43.0,0.7,0.581,74.0,0.581,43.0,1.0,74.0,0.581,43.0,29.0,0.0,,305.0,-2.8,12.3,32.0,0.5,54.0,16.8,yacine-toumi-1,129.0,130.0,Guard,1.8,10.0,HAWAII,0.0,0.0,,0.0,13.7,75.0,0.591,18.6,25.0,74.0,0.581,43.0,21.2,,1.2,0.158,Yacine Toumi
2025-26,23.7,67.0,0.6,3.0,-1.0,big-west,2.1,7.8,35.0,0.9,0.482,84.0,0.429,36.0,0.393,33.0,0.636,21.0,17.0,17.0,,478.0,-3.1,2.9,12.0,0.3,33.0,9.5,aaron-hunkin-claytor-1,102.0,130.0,Guard,1.9,16.0,HAWAII,0.345,29.0,0.31,9.0,5.5,47.0,0.512,24.3,32.0,55.0,0.491,27.0,13.2,,1.2,0.101,Aaron Hunkin-Claytor
2025-26,1.6,1.0,0.9,1.0,-9.9,big-west,0.5,8.9,9.0,0.3,0.355,31.0,0.29,9.0,0.29,9.0,0.556,5.0,18.0,0.0,,108.0,-10.4,3.3,3.0,-0.2,15.0,2.5,aj-economou-1,27.0,25.0,Guard,3.6,7.0,HAWAII,0.71,22.0,0.182,4.0,6.2,12.0,0.383,20.3,9.0,9.0,0.556,5.0,19.7,,0.0,0.014,AJ Economou
2025-26,11.4,4.0,0.0,0.0,-6.4,big-west,0.4,8.5,5.0,0.1,0.35,20.0,0.35,7.0,0.5,10.0,0.6,6.0,7.0,0.0,,63.0,-6.9,1.9,1.0,0.0,7.0,6.3,jalen-myers-1,20.0,20.0,Forward,0.9,1.0,HAWAII,0.15,3.0,0.0,0.0,5.3,6.0,0.404,7.5,2.0,17.0,0.412,7.0,20.4,,0.1,0.064,Jalen Myers
2025-26,6.3,2.0,0.0,0.0,-7.9,big-west,0.8,15.8,8.0,0.1,0.344,16.0,0.25,4.0,0.313,5.0,0.6,3.0,13.0,0.0,,54.0,-8.7,2.2,1.0,-0.1,6.0,2.0,hunter-carter-1,14.0,14.0,Guard,2.1,2.0,HAWAII,0.563,9.0,0.333,3.0,9.3,9.0,0.381,21.4,5.0,7.0,0.143,1.0,20.8,,0.0,0.008,Hunter Carter
2025-26,26.4,158.0,1.1,12.0,4.2,coastal,0.7,9.0,110.0,2.2,0.52,526.0,0.443,233.0,0.323,170.0,0.829,141.0,34.0,34.0,,1287.0,3.5,1.5,17.0,3.8,82.0,20.2,cruz-davis-1,688.0,676.0,Guard,1.8,37.0,HOFSTRA,0.386,203.0,0.399,81.0,5.4,127.0,0.567,12.4,86.0,323.0,0.471,152.0,27.6,,6.0,0.187,Cruz Davis
2025-26,25.7,150.0,0.1,1.0,3.3,coastal,-0.4,8.4,91.0,1.7,0.519,389.0,0.404,157.0,0.416,162.0,0.833,135.0,34.0,34.0,,1147.0,3.7,2.8,28.0,3.5,86.0,17.8,preston-edmead-1,539.0,552.0,Guard,0.9,17.0,HOFSTRA,0.604,235.0,0.383,90.0,5.7,119.0,0.578,13.5,73.0,154.0,0.435,67.0,24.1,,5.1,0.179,Preston Edmead
2025-26,4.6,26.0,2.6,23.0,2.4,coastal,1.7,7.4,72.0,1.7,0.542,237.0,0.422,100.0,0.198,47.0,0.851,40.0,32.0,32.0,,1032.0,0.7,4.0,36.0,1.7,59.0,12.7,german-plotnikov-1,297.0,271.0,Guard,1.7,28.0,HOFSTRA,0.637,151.0,0.377,57.0,5.8,108.0,0.573,8.1,23.0,86.0,0.5,43.0,14.0,,3.5,0.134,German Plotnikov
2025-26,3.6,11.0,0.6,3.0,-0.6,coastal,0.0,21.8,129.0,1.4,0.476,246.0,0.407,100.0,0.272,67.0,0.761,51.0,30.0,14.0,,626.0,-0.6,7.0,38.0,1.0,56.0,16.8,james-patterson-2,285.0,257.0,Guard,1.7,17.0,HOFSTRA,0.435,107.0,0.318,34.0,14.7,167.0,0.513,8.9,27.0,139.0,0.475,66.0,25.0,,2.4,0.152,James Patterson
2025-26,4.4,19.0,1.4,9.0,-1.3,coastal,1.1,9.0,66.0,1.4,0.462,171.0,0.415,71.0,0.456,78.0,0.577,45.0,32.0,22.0,,774.0,-2.4,6.5,44.0,0.6,79.0,10.3,joshua-decady-1,203.0,202.0,Forward,1.9,24.0,HOFSTRA,0.333,57.0,0.281,16.0,7.8,110.0,0.488,10.3,24.0,114.0,0.482,55.0,15.4,,2.0,0.104,Joshua DeCady
2025-26,6.7,24.0,6.4,37.0,2.2,coastal,2.4,24.0,152.0,1.7,0.67,115.0,0.67,77.0,0.322,37.0,0.649,24.0,34.0,17.0,,671.0,-0.1,14.4,84.0,1.1,70.0,18.4,silas-sunday-1,178.0,198.0,Forward,0.8,9.0,HOFSTRA,0.009,1.0,0.0,0.0,19.4,236.0,0.671,24.9,44.0,114.0,0.675,77.0,13.5,,2.8,0.165,Silas Sunday
2025-26,4.0,13.0,6.5,34.0,-1.0,coastal,1.7,25.3,146.0,1.6,0.568,118.0,0.568,67.0,0.432,51.0,0.49,25.0,34.0,17.0,,610.0,-2.7,16.6,88.0,0.8,105.0,17.0,victory-onuetu-1,159.0,183.0,Forward,1.3,13.0,HOFSTRA,0.0,0.0,,0.0,21.2,234.0,0.559,19.3,34.0,118.0,0.568,67.0,14.8,,2.4,0.159,Victory Onuetu
2025-26,19.4,18.0,1.8,3.0,4.9,coastal,1.1,7.0,13.0,0.3,0.563,79.0,0.43,34.0,0.127,10.0,0.5,5.0,23.0,0.0,,196.0,3.8,2.9,5.0,0.6,14.0,19.6,jaeden-roberts-1,94.0,87.0,Guard,2.2,7.0,HOFSTRA,0.646,51.0,0.412,21.0,5.1,18.0,0.561,5.6,5.0,28.0,0.464,13.0,23.2,,0.9,0.19,Jaeden Roberts
2025-26,12.5,12.0,0.0,0.0,-5.1,coastal,-1.0,2.3,4.0,0.3,0.457,58.0,0.379,22.0,0.086,5.0,0.8,4.0,18.0,0.0,,182.0,-4.1,1.3,2.0,0.1,10.0,9.7,aj-wills-1,57.0,54.0,Guard,2.3,7.0,HOFSTRA,0.466,27.0,0.333,9.0,1.8,6.0,0.472,9.0,6.0,31.0,0.419,13.0,18.7,,0.4,0.09,A.J. Wills
2025-26,1.5,2.0,1.0,2.0,0.6,coastal,1.0,15.4,35.0,0.5,0.481,52.0,0.346,18.0,0.115,6.0,0.833,5.0,24.0,0.0,,240.0,-0.5,6.2,13.0,0.3,13.0,10.9,josh-reaves-2,55.0,52.0,Guard,1.5,6.0,HOFSTRA,0.808,42.0,0.333,14.0,11.0,48.0,0.501,5.2,3.0,10.0,0.4,4.0,12.4,,0.8,0.125,Josh Reaves
2025-26,2.6,1.0,1.7,1.0,-1.2,coastal,1.6,20.2,13.0,0.1,0.5,10.0,0.5,5.0,0.6,6.0,0.333,2.0,16.0,0.0,,68.0,-2.8,15.2,9.0,0.1,7.0,11.9,alex-tsynkevich-1,12.0,15.0,Center,0.9,1.0,HOFSTRA,0.0,0.0,,0.0,17.8,22.0,0.467,13.5,2.0,10.0,0.5,5.0,11.2,,0.2,0.119,Alex Tsynkevich
2025-26,0.0,0.0,0.0,0.0,-10.4,coastal,8.3,24.9,4.0,0.1,0.5,4.0,0.5,2.0,0.0,0.0,,0.0,3.0,0.0,,17.0,-18.7,6.8,1.0,0.0,2.0,18.3,amir-williams-2,4.0,4.0,Guard,10.8,3.0,HOFSTRA,0.5,2.0,0.0,0.0,16.2,5.0,0.5,20.0,1.0,2.0,1.0,2.0,15.1,,0.1,0.157,Amir Williams
2025-26,11.4,71.0,4.1,44.0,3.6,sun-belt,0.5,21.7,231.0,2.4,0.539,368.0,0.451,166.0,0.307,113.0,0.796,90.0,33.0,32.0,,1191.0,3.1,10.0,103.0,3.2,81.0,21.1,thomas-dowd-1,487.0,485.0,Forward,2.0,41.0,TROY,0.514,189.0,0.344,65.0,15.9,334.0,0.577,9.8,46.0,179.0,0.564,101.0,19.6,,5.6,0.187,Thomas Dowd
2025-26,30.4,146.0,1.5,13.0,-0.2,sun-belt,0.0,11.4,95.0,1.6,0.44,349.0,0.401,140.0,0.63,220.0,0.759,167.0,32.0,28.0,,938.0,-0.2,4.2,34.0,1.4,95.0,17.3,victor-valdes-1,474.0,507.0,Forward,2.8,44.0,TROY,0.347,121.0,0.223,27.0,7.8,129.0,0.523,18.8,105.0,228.0,0.496,113.0,29.7,,3.0,0.126,Victor Valdes
2025-26,23.1,138.0,0.2,2.0,1.9,sun-belt,0.2,7.6,76.0,1.6,0.532,329.0,0.432,142.0,0.252,83.0,0.831,69.0,33.0,32.0,,1118.0,1.7,3.9,38.0,2.5,59.0,16.5,cooper-campbell-1,419.0,437.0,Guard,2.7,52.0,TROY,0.52,171.0,0.386,66.0,5.8,114.0,0.569,13.6,58.0,158.0,0.481,76.0,19.0,,4.1,0.146,Cooper Campbell
2025-26,7.7,30.0,1.0,7.0,0.9,sun-belt,-0.7,17.4,121.0,1.2,0.569,240.0,0.517,124.0,0.404,97.0,0.763,74.0,27.0,26.0,,781.0,1.5,5.3,36.0,2.0,52.0,18.3,theo-seng-1,347.0,307.0,Forward,1.1,14.0,TROY,0.325,78.0,0.321,25.0,11.4,157.0,0.606,8.3,26.0,162.0,0.611,99.0,19.9,,3.2,0.164,Theo Seng
2025-26,10.0,49.0,0.0,0.0,-0.8,sun-belt,-0.1,5.6,45.0,1.1,0.561,238.0,0.416,99.0,0.118,28.0,0.786,22.0,32.0,30.0,,893.0,-0.7,1.4,11.0,1.3,47.0,11.5,cobi-campbell-1,289.0,255.0,Guard,2.1,32.0,TROY,0.718,171.0,0.404,69.0,3.6,56.0,0.575,10.3,29.0,67.0,0.448,30.0,15.6,,2.4,0.107,Cobi Campbell
2025-26,5.6,14.0,6.7,33.0,-0.5,sun-belt,0.9,16.9,83.0,1.1,0.669,172.0,0.651,112.0,0.378,65.0,0.615,40.0,33.0,7.0,,551.0,-1.4,6.9,33.0,1.1,83.0,20.8,jerrell-bellamy-1,270.0,221.0,Forward,1.8,17.0,TROY,0.116,20.0,0.3,6.0,12.0,116.0,0.665,16.1,39.0,152.0,0.697,106.0,21.9,,2.1,0.156,Jerrell Bellamy
2025-26,11.5,36.0,1.9,9.0,-0.9,sun-belt,1.7,15.3,73.0,1.0,0.432,110.0,0.364,40.0,0.427,47.0,0.723,34.0,33.0,5.0,,536.0,-2.6,10.3,48.0,0.5,56.0,13.2,kerrington-kiel-1,129.0,155.0,Forward,3.3,30.0,TROY,0.491,54.0,0.278,15.0,12.8,121.0,0.487,17.5,28.0,56.0,0.446,25.0,14.9,,1.5,0.115,Kerrington Kiel
2025-26,4.6,14.0,0.4,2.0,-4.9,sun-belt,-1.4,7.2,34.0,0.6,0.47,116.0,0.353,41.0,0.198,23.0,0.565,13.0,33.0,1.0,,527.0,-3.5,3.9,18.0,0.3,36.0,7.2,austin-cross-1,122.0,114.0,Guard,1.6,14.0,TROY,0.733,85.0,0.318,27.0,5.6,52.0,0.481,9.9,14.0,31.0,0.452,14.0,13.3,,0.9,0.068,Austin Cross
2025-26,23.1,13.0,0.0,0.0,-7.4,sun-belt,-0.8,5.5,5.0,0.2,0.519,26.0,0.423,11.0,0.577,15.0,0.667,10.0,18.0,1.0,,102.0,-6.6,7.9,7.0,0.1,8.0,16.6,javen-colbert-1,37.0,42.0,Guard,5.8,10.0,TROY,0.462,12.0,0.417,5.0,6.7,12.0,0.558,24.9,11.0,14.0,0.429,6.0,21.6,,0.3,0.121,Javen Colbert
2025-26,14.6,6.0,0.0,0.0,-13.7,sun-belt,-3.6,15.6,11.0,0.1,0.5,22.0,0.5,11.0,0.636,14.0,0.5,7.0,12.0,0.0,,79.0,-10.1,16.0,11.0,0.2,15.0,16.4,evan-griffin-1,29.0,33.0,Forward,1.5,2.0,TROY,0.0,0.0,,0.0,15.8,22.0,0.506,9.5,3.0,22.0,0.5,11.0,20.0,,0.3,0.149,Evan Griffin
2025-26,24.5,5.0,0.0,0.0,-16.1,sun-belt,-3.9,14.6,6.0,0.1,0.556,18.0,0.556,10.0,0.222,4.0,0.25,1.0,13.0,1.0,,46.0,-12.3,17.5,7.0,0.0,13.0,16.2,emmanuel-clarton-1,21.0,23.0,Guard,6.4,5.0,TROY,0.278,5.0,0.0,0.0,16.1,13.0,0.528,28.7,8.0,13.0,0.769,10.0,30.2,,0.1,0.073,Emmanuel Clarton
2025-26,14.0,4.0,4.1,2.0,-3.8,sun-belt,-0.2,18.7,9.0,0.1,0.536,14.0,0.5,7.0,0.643,9.0,0.444,4.0,13.0,1.0,,54.0,-3.6,14.9,7.0,0.1,4.0,18.1,corbin-green-2,19.0,21.0,Forward,2.2,2.0,TROY,0.286,4.0,0.25,1.0,16.8,16.0,0.52,18.0,4.0,10.0,0.6,6.0,20.6,,0.2,0.125,Corbin Green
2025-26,6.3,1.0,0.0,0.0,0.1,sun-belt,1.5,16.6,4.0,0.0,0.313,8.0,0.25,2.0,0.0,0.0,,0.0,8.0,1.0,,27.0,-1.5,4.3,1.0,0.0,1.0,2.0,kameryn-mitchell-1,5.0,5.0,Guard,0.0,0.0,TROY,0.625,5.0,0.2,1.0,10.5,5.0,0.313,11.1,1.0,3.0,0.333,1.0,16.6,,0.0,-0.005,Kameryn Mitchell
2025-26,0.0,0.0,0.0,0.0,-82.0,sun-belt,-27.3,0.0,0.0,0.0,0.0,4.0,0.0,0.0,0.75,3.0,0.333,1.0,5.0,0.0,,6.0,-54.7,19.2,1.0,-0.1,2.0,-55.1,hikaru-awata-1,1.0,1.0,Guard,0.0,0.0,TROY,0.5,2.0,0.0,0.0,9.5,1.0,0.092,35.6,3.0,2.0,0.0,0.0,70.0,,-0.1,-0.889,Hikaru Awata
2025-26,16.3,87.0,0.0,0.0,1.1,summit,-0.1,10.1,78.0,1.6,0.506,344.0,0.404,139.0,0.378,130.0,0.762,99.0,31.0,31.0,,947.0,1.2,3.8,31.0,2.3,75.0,17.2,damari-wheeler-thomas-1,447.0,435.0,Guard,2.3,37.0,NORTH-DAKOTA-STATE,0.529,182.0,0.385,70.0,6.9,109.0,0.551,10.0,45.0,162.0,0.426,69.0,23.8,,3.9,0.163,Damari Wheeler-Thomas
2025-26,15.5,94.0,1.7,14.0,4.1,summit,2.0,16.7,146.0,2.3,0.55,318.0,0.481,153.0,0.223,71.0,0.803,57.0,34.0,33.0,,1072.0,2.1,7.9,73.0,2.4,71.0,19.5,trevian-carson-1,407.0,426.0,Guard,3.4,63.0,NORTH-DAKOTA-STATE,0.365,116.0,0.379,44.0,12.2,219.0,0.579,13.5,55.0,202.0,0.54,109.0,19.0,,4.7,0.177,Trevian Carson
2025-26,10.6,44.0,1.1,7.0,-0.8,summit,0.0,10.7,73.0,1.4,0.598,296.0,0.598,177.0,0.321,95.0,0.484,46.0,34.0,32.0,,833.0,-0.8,6.3,45.0,1.6,72.0,18.4,markhi-strickland-1,400.0,360.0,Guard,2.0,28.0,NORTH-DAKOTA-STATE,0.003,1.0,0.0,0.0,8.4,118.0,0.586,11.7,45.0,295.0,0.6,177.0,23.2,,3.0,0.144,Markhi Strickland
2025-26,8.2,26.0,6.8,33.0,3.8,summit,0.5,24.9,126.0,1.4,0.58,245.0,0.502,123.0,0.429,105.0,0.676,71.0,34.0,18.0,,619.0,3.3,10.7,57.0,1.6,60.0,24.1,treyson-anderson-1,355.0,326.0,Forward,1.2,13.0,NORTH-DAKOTA-STATE,0.42,103.0,0.369,38.0,17.6,183.0,0.602,13.7,47.0,142.0,0.599,85.0,27.6,,3.0,0.193,Treyson Anderson
2025-26,8.3,34.0,6.2,35.0,1.2,summit,0.7,20.0,118.0,1.4,0.554,205.0,0.512,105.0,0.551,113.0,0.805,91.0,34.0,16.0,,722.0,0.5,9.0,56.0,1.8,72.0,20.0,noah-feddersen-1,318.0,311.0,Forward,1.0,12.0,NORTH-DAKOTA-STATE,0.283,58.0,0.293,17.0,14.4,174.0,0.615,14.3,43.0,147.0,0.599,88.0,20.9,,3.3,0.181,Noah Feddersen
2025-26,24.5,166.0,0.6,5.0,1.2,summit,1.2,10.5,94.0,2.0,0.531,242.0,0.417,101.0,0.256,62.0,0.903,56.0,34.0,32.0,,1099.0,0.0,1.4,13.0,1.8,44.0,14.6,andy-stefonowicz-1,313.0,362.0,Guard,3.0,56.0,NORTH-DAKOTA-STATE,0.587,142.0,0.387,55.0,5.8,107.0,0.577,19.8,67.0,100.0,0.46,46.0,15.4,,3.8,0.14,Andy Stefonowicz
2025-26,7.4,29.0,0.0,0.0,1.5,summit,0.1,11.4,63.0,1.3,0.563,221.0,0.398,88.0,0.077,17.0,0.765,13.0,34.0,5.0,,675.0,1.4,4.1,24.0,1.3,29.0,15.9,tay-smith-1,262.0,232.0,Guard,3.2,37.0,NORTH-DAKOTA-STATE,0.851,188.0,0.388,73.0,7.7,87.0,0.572,7.7,19.0,33.0,0.455,15.0,18.4,,2.6,0.153,Tay Smith
2025-26,9.9,17.0,0.4,1.0,-1.9,summit,0.9,10.2,25.0,0.5,0.575,73.0,0.562,41.0,0.274,20.0,0.4,8.0,25.0,0.0,,301.0,-2.8,7.7,20.0,0.5,34.0,14.0,emil-skytta-1,92.0,93.0,Guard,2.3,12.0,NORTH-DAKOTA-STATE,0.096,7.0,0.286,2.0,8.9,45.0,0.558,9.8,9.0,66.0,0.591,39.0,15.2,,1.0,0.135,Emil Skytta
2025-26,2.8,4.0,1.1,2.0,-6.4,summit,-1.8,8.7,17.0,0.3,0.424,72.0,0.375,27.0,0.167,12.0,0.917,11.0,23.0,2.0,,238.0,-4.6,7.3,15.0,0.2,13.0,9.5,carson-smith-2,72.0,70.0,Guard,1.0,4.0,NORTH-DAKOTA-STATE,0.431,31.0,0.226,7.0,8.0,32.0,0.463,8.3,7.0,41.0,0.488,20.0,17.8,,0.5,0.082,Carson Smith
2025-26,8.6,15.0,0.0,0.0,-3.1,summit,2.0,11.2,24.0,0.5,0.386,44.0,0.295,13.0,0.318,14.0,0.714,10.0,32.0,1.0,,263.0,-5.1,3.1,7.0,0.1,20.0,8.8,riley-massey-1,44.0,50.0,Guard,4.0,18.0,NORTH-DAKOTA-STATE,0.75,33.0,0.242,8.0,7.0,31.0,0.434,12.1,7.0,11.0,0.455,5.0,10.9,,0.6,0.097,Riley Massey
2025-26,14.2,9.0,0.0,0.0,-8.8,summit,-1.1,15.0,12.0,0.2,0.31,21.0,0.286,6.0,0.238,5.0,1.0,5.0,17.0,0.0,,98.0,-7.8,4.7,4.0,-0.1,6.0,6.0,max-majerle-1,18.0,23.0,Guard,1.8,3.0,NORTH-DAKOTA-STATE,0.381,8.0,0.125,1.0,9.7,16.0,0.385,23.0,7.0,13.0,0.385,5.0,15.5,,0.1,0.04,Max Majerle
2025-26,31.5,2.0,0.0,0.0,25.6,summit,3.7,15.3,2.0,0.0,1.071,7.0,0.714,5.0,0.0,0.0,,0.0,8.0,0.0,,16.0,21.9,0.0,0.0,0.1,0.0,43.4,riley-saunders-1,15.0,10.0,Guard,0.0,0.0,NORTH-DAKOTA-STATE,1.0,7.0,0.714,5.0,7.5,2.0,1.071,12.5,1.0,0.0,,0.0,25.0,,0.1,0.356,Riley Saunders
2025-26,8.5,1.0,0.0,0.0,-0.3,summit,0.7,20.4,3.0,0.0,0.333,3.0,0.333,1.0,0.0,0.0,,0.0,8.0,0.0,,18.0,-1.0,6.5,1.0,0.0,3.0,1.6,caleb-schoenrock-1,2.0,3.0,Forward,0.0,0.0,NORTH-DAKOTA-STATE,0.0,0.0,,0.0,13.2,4.0,0.333,25.0,1.0,3.0,0.333,1.0,11.1,,0.0,0.024,Caleb Schoenrock
2025-26,27.9,131.0,1.4,12.0,1.8,cusa,-0.5,9.7,84.0,1.3,0.534,357.0,0.457,163.0,0.434,155.0,0.626,97.0,33.0,21.0,,921.0,2.3,2.1,18.0,2.3,59.0,19.2,rj-johnson-2,478.0,476.0,Guard,2.4,40.0,KENNESAW-STATE,0.356,127.0,0.433,55.0,5.9,102.0,0.555,12.6,62.0,230.0,0.47,108.0,24.9,,3.5,0.153,RJ Johnson
2025-26,8.7,41.0,6.1,50.0,0.5,cusa,1.0,12.5,105.0,1.4,0.498,314.0,0.462,145.0,0.29,91.0,0.714,65.0,34.0,33.0,,895.0,-0.5,9.1,77.0,1.4,104.0,17.1,braedan-lue-1,378.0,370.0,Forward,1.9,31.0,KENNESAW-STATE,0.264,83.0,0.277,23.0,10.8,182.0,0.529,11.8,48.0,231.0,0.528,122.0,21.0,,2.9,0.128,Braedan Lue
2025-26,7.2,34.0,3.2,25.0,1.7,cusa,0.0,22.2,177.0,1.6,0.517,240.0,0.467,112.0,0.592,142.0,0.725,103.0,34.0,24.0,,851.0,1.7,13.7,110.0,2.2,99.0,20.4,frankquon-sherman-1,351.0,367.0,Forward,2.1,32.0,KENNESAW-STATE,0.35,84.0,0.286,24.0,17.9,287.0,0.571,11.8,41.0,156.0,0.564,88.0,19.0,,3.8,0.178,Frankquon Sherman
2025-26,24.7,64.0,0.8,4.0,3.5,cusa,-0.2,7.5,36.0,0.7,0.53,231.0,0.411,95.0,0.489,113.0,0.876,99.0,17.0,17.0,,516.0,3.7,1.4,7.0,1.9,44.0,22.6,simeon-cottle-1,344.0,322.0,Guard,2.7,25.0,KENNESAW-STATE,0.632,146.0,0.377,55.0,4.4,43.0,0.604,13.1,43.0,85.0,0.471,40.0,29.5,,2.6,0.198,Simeon Cottle
2025-26,3.9,19.0,5.4,43.0,-0.2,cusa,0.5,15.3,124.0,1.4,0.553,244.0,0.434,106.0,0.258,63.0,0.683,43.0,34.0,22.0,,868.0,-0.7,5.3,43.0,1.1,62.0,14.5,trey-simpson-1,313.0,279.0,Forward,1.7,26.0,KENNESAW-STATE,0.689,168.0,0.345,58.0,10.2,167.0,0.571,13.3,42.0,76.0,0.632,48.0,16.9,,2.5,0.116,Trey Simpson
2025-26,9.4,28.0,2.8,14.0,1.4,cusa,0.6,14.8,75.0,0.8,0.616,134.0,0.56,75.0,0.776,104.0,0.644,67.0,32.0,18.0,,543.0,0.8,7.2,37.0,1.3,73.0,17.5,amir-taylor-1,232.0,221.0,Forward,1.2,12.0,KENNESAW-STATE,0.261,35.0,0.429,15.0,11.0,112.0,0.632,13.7,29.0,99.0,0.606,60.0,18.2,,2.1,0.155,Amir Taylor
2025-26,19.8,79.0,2.3,14.0,-3.2,cusa,0.8,9.2,58.0,1.0,0.453,159.0,0.396,63.0,0.547,87.0,0.529,46.0,34.0,16.0,,673.0,-4.0,4.7,30.0,0.2,85.0,10.2,kaden-rickard-1,190.0,220.0,Guard,2.7,33.0,KENNESAW-STATE,0.365,58.0,0.31,18.0,7.0,88.0,0.474,21.2,54.0,101.0,0.446,45.0,17.6,,1.2,0.069,Kaden Rickard
2025-26,5.6,12.0,2.8,10.0,0.4,cusa,0.1,18.2,67.0,0.6,0.512,129.0,0.426,55.0,0.364,47.0,0.766,36.0,22.0,14.0,,394.0,0.2,7.0,26.0,0.7,31.0,16.4,ramone-seals-1,168.0,156.0,Guard,1.5,11.0,KENNESAW-STATE,0.519,67.0,0.328,22.0,12.6,93.0,0.555,11.2,19.0,62.0,0.532,33.0,20.1,,1.3,0.136,Ramone Seals
2025-26,6.9,19.0,0.7,3.0,-1.6,cusa,-0.4,6.2,27.0,0.5,0.504,127.0,0.354,45.0,0.22,28.0,0.857,24.0,19.0,2.0,,469.0,-1.2,1.8,8.0,0.5,34.0,9.2,jaden-harris-1,152.0,137.0,Guard,1.5,13.0,KENNESAW-STATE,0.795,101.0,0.376,38.0,4.0,35.0,0.542,12.5,20.0,26.0,0.269,7.0,15.9,,1.0,0.084,Jaden Harris
2025-26,18.8,39.0,0.3,1.0,-4.2,cusa,-0.7,10.3,35.0,0.4,0.48,98.0,0.429,42.0,0.5,49.0,0.653,32.0,24.0,0.0,,363.0,-3.5,5.5,19.0,0.5,46.0,12.1,darius-washington-iii-1,126.0,137.0,Guard,1.4,9.0,KENNESAW-STATE,0.316,31.0,0.323,10.0,7.9,54.0,0.519,15.4,22.0,67.0,0.478,32.0,18.3,,0.9,0.103,Darius Washington III
2025-26,9.9,17.0,0.7,2.0,-2.5,cusa,-0.5,13.0,36.0,0.4,0.646,48.0,0.646,31.0,0.583,28.0,0.536,15.0,25.0,3.0,,296.0,-1.9,9.7,27.0,0.5,38.0,12.9,perry-smith-jr-1,77.0,85.0,Forward,1.3,7.0,KENNESAW-STATE,0.021,1.0,0.0,0.0,11.3,63.0,0.628,18.6,14.0,47.0,0.66,31.0,11.8,,0.9,0.115,Perry Smith Jr.
2025-26,14.8,2.0,0.0,0.0,-4.3,cusa,-0.8,8.9,2.0,0.0,0.333,9.0,0.333,3.0,1.0,9.0,0.667,6.0,10.0,0.0,,24.0,-3.5,0.0,0.0,0.1,3.0,14.8,eric-holland-1,12.0,12.0,Guard,2.3,1.0,KENNESAW-STATE,0.444,4.0,0.0,0.0,4.4,2.0,0.452,0.0,0.0,5.0,0.6,3.0,25.7,,0.1,0.136,Eric Holland
2025-26,0.0,0.0,6.1,1.0,-13.2,cusa,-4.3,29.7,5.0,0.0,0.5,7.0,0.429,3.0,0.0,0.0,,0.0,7.0,0.0,,18.0,-8.9,11.8,2.0,0.0,0.0,19.7,dozie-onyirimba-1,7.0,6.0,Forward,0.0,0.0,KENNESAW-STATE,0.429,3.0,0.333,1.0,20.7,7.0,0.5,0.0,0.0,4.0,0.5,2.0,18.1,,0.1,0.154,Dozie Onyirimba
2025-26,0.0,0.0,5.7,1.0,-23.6,cusa,-4.2,16.9,3.0,0.0,0.278,9.0,0.222,2.0,0.222,2.0,0.5,1.0,8.0,0.0,,19.0,-19.4,5.6,1.0,0.0,2.0,6.7,charle-stone-1,6.0,6.0,Guard,2.9,1.0,KENNESAW-STATE,0.778,7.0,0.143,1.0,11.2,4.0,0.302,0.0,0.0,2.0,0.5,1.0,24.3,,0.0,0.024,Charles Stone
2025-26,27.2,115.0,1.3,10.0,3.4,horizon,2.6,6.9,47.0,1.5,0.496,337.0,0.46,155.0,0.297,100.0,0.73,73.0,33.0,22.0,,810.0,0.8,5.0,33.0,1.6,76.0,21.7,tj-burch-1,407.0,428.0,Guard,5.9,83.0,WRIGHT-STATE,0.208,70.0,0.343,24.0,5.9,80.0,0.529,14.8,67.0,267.0,0.491,131.0,27.8,,3.1,0.152,TJ Burch
2025-26,16.1,67.0,0.9,7.0,1.2,horizon,-1.2,10.3,68.0,0.8,0.522,323.0,0.449,145.0,0.254,82.0,0.805,66.0,30.0,15.0,,785.0,2.4,2.6,17.0,2.0,51.0,18.2,michael-cooper-4,403.0,377.0,Guard,1.4,19.0,WRIGHT-STATE,0.399,129.0,0.364,47.0,6.5,85.0,0.557,9.0,36.0,194.0,0.505,98.0,25.3,,2.8,0.142,Michael Cooper
2025-26,14.3,61.0,3.5,26.0,1.4,horizon,0.0,21.4,142.0,1.2,0.591,236.0,0.589,139.0,0.682,161.0,0.683,110.0,33.0,30.0,,792.0,1.4,13.7,89.0,2.5,102.0,23.6,michael-imariagbe-1,389.0,410.0,Forward,1.3,18.0,WRIGHT-STATE,0.025,6.0,0.167,1.0,17.6,231.0,0.622,15.7,58.0,230.0,0.6,138.0,23.3,,3.7,0.188,Michael Imariagbe
2025-26,6.2,34.0,0.0,0.0,-1.1,horizon,-1.5,6.6,50.0,0.7,0.551,234.0,0.41,96.0,0.274,64.0,0.922,59.0,32.0,30.0,,901.0,0.4,1.6,12.0,1.8,50.0,11.9,solomon-callaghan-1,317.0,282.0,Guard,1.0,15.0,WRIGHT-STATE,0.731,171.0,0.386,66.0,4.1,62.0,0.599,9.0,26.0,63.0,0.476,30.0,16.1,,2.5,0.111,Solomon Callaghan
2025-26,8.7,38.0,6.4,46.0,1.4,horizon,0.9,22.8,147.0,1.3,0.6,195.0,0.564,110.0,0.446,87.0,0.724,63.0,34.0,23.0,,768.0,0.4,5.9,37.0,1.8,66.0,19.7,kellen-pickett-1,297.0,283.0,Forward,1.1,15.0,WRIGHT-STATE,0.256,50.0,0.28,14.0,14.4,184.0,0.628,12.9,35.0,145.0,0.662,96.0,17.6,,3.0,0.159,Kellen Pickett
2025-26,6.9,38.0,0.7,6.0,-1.3,horizon,-0.5,8.6,65.0,0.9,0.565,200.0,0.475,95.0,0.48,96.0,0.729,70.0,33.0,27.0,,904.0,-0.9,3.0,22.0,1.5,69.0,12.5,dominic-pangonis-1,296.0,276.0,Guard,1.7,26.0,WRIGHT-STATE,0.47,94.0,0.383,36.0,5.8,87.0,0.603,12.5,35.0,106.0,0.557,59.0,15.5,,2.5,0.11,Dominic Pangonis
2025-26,5.6,15.0,8.7,40.0,0.6,horizon,1.3,20.3,83.0,0.9,0.57,142.0,0.57,81.0,0.514,73.0,0.712,52.0,34.0,3.0,,486.0,-0.7,13.3,53.0,1.0,63.0,22.4,andrea-holden-1,214.0,214.0,Forward,2.1,18.0,WRIGHT-STATE,0.0,0.0,,0.0,16.8,136.0,0.606,16.9,36.0,142.0,0.57,81.0,21.8,,2.0,0.162,Andrea Holden
2025-26,13.8,53.0,0.7,4.0,-2.6,horizon,-1.0,9.4,50.0,0.7,0.54,151.0,0.45,68.0,0.219,33.0,0.667,22.0,34.0,8.0,,634.0,-1.6,3.3,17.0,0.8,38.0,11.7,logan-woods-1,185.0,191.0,Guard,1.6,17.0,WRIGHT-STATE,0.536,81.0,0.333,27.0,6.4,67.0,0.555,15.3,30.0,70.0,0.586,41.0,15.5,,1.5,0.092,Logan Woods
2025-26,14.6,36.0,1.3,5.0,-1.2,horizon,1.8,17.0,57.0,0.7,0.519,78.0,0.5,39.0,0.321,25.0,0.64,16.0,33.0,4.0,,400.0,-3.0,7.0,23.0,0.2,43.0,13.5,sam-alamutu-1,97.0,115.0,Guard,4.1,28.0,WRIGHT-STATE,0.128,10.0,0.3,3.0,12.0,80.0,0.54,25.0,30.0,68.0,0.529,36.0,14.9,,1.0,0.095,Sam Alamutu
2025-26,4.3,3.0,0.0,0.0,1.5,horizon,-0.5,16.1,17.0,0.2,0.765,34.0,0.588,20.0,0.588,20.0,0.8,16.0,15.0,0.0,,126.0,2.0,4.8,5.0,0.5,10.0,24.4,alex-bruskotter-1,68.0,56.0,Guard,2.8,6.0,WRIGHT-STATE,0.588,20.0,0.6,12.0,10.5,22.0,0.782,12.1,6.0,14.0,0.571,8.0,19.6,,0.7,0.222,Alex Bruskotter
2025-26,7.7,9.0,1.6,3.0,-2.8,horizon,-1.7,18.4,30.0,0.3,0.441,59.0,0.356,21.0,0.153,9.0,0.556,5.0,17.0,8.0,,194.0,-1.1,6.9,11.0,0.1,16.0,10.3,bryan-etumnu-1,57.0,59.0,Forward,1.5,5.0,WRIGHT-STATE,0.593,35.0,0.286,10.0,12.7,41.0,0.45,12.5,9.0,24.0,0.458,11.0,18.6,,0.3,0.067,Bryan Etumnu
2025-26,0.0,0.0,4.1,1.0,-28.8,horizon,2.1,9.2,2.0,0.0,0.929,7.0,0.857,6.0,0.429,3.0,0.667,2.0,3.0,0.0,,26.0,-31.0,9.4,2.0,0.1,6.0,31.8,ayden-davis-1,15.0,11.0,Center,4.5,2.0,WRIGHT-STATE,0.143,1.0,1.0,1.0,9.3,4.0,0.89,0.0,0.0,6.0,0.833,5.0,16.2,,0.2,0.291,Ayden Davis
2025-26,13.9,67.0,1.9,17.0,3.7,ivy,0.9,19.2,166.0,1.7,0.548,356.0,0.449,160.0,0.239,85.0,0.612,52.0,28.0,28.0,,980.0,2.8,5.3,48.0,1.5,59.0,17.7,tj-power-2,442.0,415.0,Forward,1.8,31.0,PENNSYLVANIA,0.461,164.0,0.427,70.0,12.1,214.0,0.558,12.8,58.0,192.0,0.469,90.0,23.0,,3.2,0.132,TJ Power
2025-26,15.8,54.0,0.5,3.0,0.3,ivy,-0.6,11.3,70.0,1.0,0.469,292.0,0.401,117.0,0.493,144.0,0.799,115.0,23.0,23.0,,701.0,0.9,2.9,19.0,1.5,55.0,17.9,ethan-roberts-1,389.0,363.0,Forward,1.8,22.0,PENNSYLVANIA,0.339,99.0,0.404,40.0,7.1,89.0,0.54,10.2,41.0,193.0,0.399,77.0,28.4,,2.4,0.139,Ethan Roberts
2025-26,4.4,18.0,0.1,1.0,-0.3,ivy,-0.8,6.0,42.0,0.8,0.528,268.0,0.433,116.0,0.179,48.0,0.917,44.0,28.0,28.0,,796.0,0.5,2.0,15.0,1.5,40.0,13.2,michael-zanoni-1,327.0,275.0,Guard,1.0,14.0,PENNSYLVANIA,0.5,134.0,0.381,51.0,4.0,57.0,0.562,4.0,12.0,134.0,0.485,65.0,18.8,,2.3,0.117,Michael Zanoni
2025-26,30.0,109.0,0.3,2.0,0.7,ivy,2.9,12.7,76.0,1.3,0.482,190.0,0.437,83.0,0.421,80.0,0.625,50.0,28.0,28.0,,681.0,-2.3,2.4,15.0,0.5,69.0,15.1,aj-levine-1,233.0,263.0,Guard,4.3,51.0,PENNSYLVANIA,0.311,59.0,0.288,17.0,7.4,91.0,0.511,19.7,56.0,131.0,0.504,66.0,20.7,,1.8,0.108,AJ Levine
2025-26,6.8,15.0,6.5,25.0,0.0,ivy,0.7,14.3,54.0,0.9,0.504,123.0,0.504,62.0,0.561,69.0,0.623,43.0,27.0,0.0,,429.0,-0.7,14.2,56.0,0.8,44.0,20.4,dalton-scantlebury-1,167.0,176.0,Center,2.8,21.0,PENNSYLVANIA,0.0,0.0,,0.0,14.2,110.0,0.536,11.9,21.0,123.0,0.504,62.0,20.4,,1.6,0.152,Dalton Scantlebury
2025-26,9.6,28.0,2.8,14.0,-0.9,ivy,0.4,15.6,75.0,0.8,0.631,103.0,0.631,65.0,0.427,44.0,0.636,28.0,28.0,28.0,,546.0,-1.3,12.3,62.0,1.1,68.0,15.9,augustus-gerhart-1,158.0,175.0,Forward,0.9,9.0,PENNSYLVANIA,0.0,0.0,,0.0,13.9,137.0,0.638,17.3,26.0,103.0,0.631,65.0,13.6,,1.9,0.14,Augustus Gerhart
2025-26,14.2,32.0,0.8,3.0,-2.5,ivy,-0.3,7.3,26.0,0.5,0.435,116.0,0.345,40.0,0.284,33.0,0.879,29.0,25.0,4.0,,405.0,-2.2,2.7,10.0,0.1,22.0,9.6,cam-thrower-1,130.0,131.0,Guard,1.8,13.0,PENNSYLVANIA,0.466,54.0,0.389,21.0,4.9,36.0,0.494,17.0,27.0,62.0,0.306,19.0,19.4,,0.6,0.062,Cam Thrower
2025-26,14.3,28.0,0.3,1.0,-1.5,ivy,1.8,16.5,50.0,0.6,0.5,67.0,0.448,30.0,0.836,56.0,0.589,33.0,25.0,0.0,,344.0,-3.3,2.8,9.0,0.3,33.0,12.0,jay-jones-2,100.0,104.0,Guard,2.2,13.0,PENNSYLVANIA,0.239,16.0,0.438,7.0,9.5,59.0,0.534,16.1,18.0,51.0,0.451,23.0,16.1,,0.9,0.101,Jay Jones
2025-26,6.2,15.0,4.8,18.0,-2.9,ivy,1.0,12.2,45.0,0.7,0.429,84.0,0.393,33.0,0.345,29.0,0.379,11.0,27.0,1.0,,419.0,-3.9,8.8,34.0,0.1,52.0,9.5,lucas-allan-lueth-1,83.0,96.0,Forward,1.6,12.0,PENNSYLVANIA,0.321,27.0,0.222,6.0,10.5,79.0,0.424,10.9,12.0,57.0,0.474,27.0,13.0,,0.8,0.075,Lucas-Allan Lueth
2025-26,5.5,4.0,0.0,0.0,-4.9,ivy,-1.2,7.5,8.0,0.1,0.385,26.0,0.269,7.0,0.423,11.0,0.636,7.0,21.0,0.0,,122.0,-3.7,2.7,3.0,0.1,7.0,5.9,niklas-polonowski-1,27.0,27.0,Forward,0.5,1.0,PENNSYLVANIA,0.692,18.0,0.333,6.0,5.0,11.0,0.432,3.1,1.0,8.0,0.125,1.0,13.1,,0.2,0.06,Niklas Polonowski
2025-26,5.0,1.0,7.6,3.0,5.5,ivy,4.2,25.8,10.0,0.1,0.75,12.0,0.75,9.0,0.417,5.0,0.8,4.0,11.0,0.0,,44.0,1.3,4.9,2.0,0.1,4.0,24.9,michelangelo-oberti-1,22.0,17.0,Center,2.6,2.0,PENNSYLVANIA,0.0,0.0,,0.0,15.2,12.0,0.765,21.8,4.0,12.0,0.75,9.0,20.7,,0.2,0.177,Michelangelo Oberti
2025-26,16.6,5.0,0.0,0.0,-7.9,ivy,-1.6,8.7,4.0,0.1,0.308,13.0,0.308,4.0,0.769,10.0,0.7,7.0,9.0,0.0,,52.0,-6.3,4.2,2.0,-0.1,2.0,6.4,alex-massung-1,15.0,17.0,Guard,1.1,1.0,PENNSYLVANIA,0.0,0.0,,0.0,6.4,6.0,0.423,22.0,5.0,13.0,0.308,4.0,21.7,,0.0,0.006,Alex Massung
2025-26,32.4,11.0,0.0,0.0,-7.4,ivy,-2.2,9.3,5.0,0.1,0.406,16.0,0.375,6.0,0.375,6.0,0.333,2.0,7.0,0.0,,61.0,-5.3,3.6,2.0,-0.1,3.0,5.9,dylan-williams-1,15.0,20.0,Guard,0.9,1.0,PENNSYLVANIA,0.25,4.0,0.25,1.0,6.4,7.0,0.398,27.1,7.0,12.0,0.417,5.0,21.0,,0.0,-0.011,Dylan Williams
2025-26,0.0,0.0,0.0,0.0,-10.2,ivy,-3.9,81.2,5.0,0.0,1.25,2.0,1.0,2.0,0.0,0.0,,0.0,2.0,0.0,,7.0,-6.3,0.0,0.0,0.0,2.0,40.9,william-kruse-1,5.0,2.0,Center,0.0,0.0,PENNSYLVANIA,0.5,1.0,1.0,1.0,39.7,5.0,1.25,0.0,0.0,1.0,1.0,1.0,14.2,,0.1,0.318,William Kruse
2025-26,13.9,1.0,0.0,0.0,-24.2,ivy,-7.1,8.1,1.0,0.0,0.4,5.0,0.4,2.0,0.0,0.0,,0.0,4.0,0.0,,14.0,-17.1,0.0,0.0,0.0,1.0,6.7,payton-kamin-1,4.0,4.0,Forward,0.0,0.0,PENNSYLVANIA,0.2,1.0,0.0,0.0,4.0,1.0,0.4,0.0,0.0,4.0,0.5,2.0,17.7,,0.0,0.042,Payton Kamin
2025-26,0.0,0.0,0.0,0.0,-12.7,ivy,-1.5,17.0,3.0,0.0,0.333,3.0,0.333,1.0,0.0,0.0,,0.0,4.0,0.0,,20.0,-11.2,0.0,0.0,0.0,4.0,-0.3,johnnie-walter-1,2.0,2.0,Forward,0.0,0.0,PENNSYLVANIA,0.333,1.0,0.0,0.0,8.3,3.0,0.333,0.0,0.0,2.0,0.5,1.0,7.4,,0.0,0.029,Johnnie Walter
2025-26,0.0,0.0,0.0,0.0,,ivy,,0.0,0.0,0.0,,0.0,,0.0,,0.0,,0.0,1.0,0.0,,3.0,,0.0,0.0,0.0,1.0,-5.3,bradyn-foster-1,0.0,0.0,Forward,0.0,0.0,PENNSYLVANIA,,0.0,,0.0,0.0,0.0,,,0.0,0.0,,0.0,0.0,,0.0,0.03,Bradyn Foster
2025-26,34.1,161.0,0.5,4.0,-2.4,southern,-2.3,6.4,59.0,1.2,0.524,463.0,0.458,212.0,0.3,139.0,0.835,116.0,34.0,34.0,,1007.0,-0.1,1.1,9.0,1.7,94.0,17.4,alex-wilkins-1,601.0,597.0,Guard,1.5,26.0,FURMAN,0.41,190.0,0.321,61.0,3.9,68.0,0.568,19.6,129.0,273.0,0.553,151.0,33.7,,3.0,0.118,Alex Wilkins
2025-26,12.1,41.0,4.5,27.0,4.5,southern,1.4,15.8,102.0,1.2,0.77,183.0,0.77,141.0,0.47,86.0,0.616,53.0,24.0,21.0,,708.0,3.1,7.0,41.0,2.5,48.0,24.7,cooper-bowser-1,335.0,291.0,Forward,1.1,13.0,FURMAN,0.005,1.0,0.0,0.0,11.6,143.0,0.748,12.8,33.0,182.0,0.775,141.0,18.7,,3.6,0.206,Cooper Bowser
2025-26,11.2,60.0,3.0,25.0,0.8,southern,1.0,26.1,231.0,2.0,0.556,259.0,0.483,125.0,0.274,71.0,0.648,46.0,34.0,34.0,,972.0,-0.2,9.6,77.0,1.7,84.0,18.1,charles-johnston-1,334.0,345.0,Forward,1.7,27.0,FURMAN,0.521,135.0,0.281,38.0,18.3,308.0,0.571,14.6,50.0,124.0,0.702,87.0,18.2,,3.7,0.154,Charles Johnston
2025-26,13.1,52.0,1.9,12.0,2.4,southern,-0.3,14.0,95.0,1.1,0.563,264.0,0.413,109.0,0.189,50.0,0.74,37.0,27.0,21.0,,747.0,2.7,1.8,11.0,1.9,36.0,17.5,asa-thomas-1,334.0,296.0,Forward,0.9,11.0,FURMAN,0.769,203.0,0.389,79.0,8.2,106.0,0.58,5.6,17.0,61.0,0.492,30.0,21.0,,3.0,0.161,Asa Thomas
2025-26,12.0,55.0,0.6,4.0,-2.4,southern,-0.4,10.8,78.0,1.0,0.471,221.0,0.362,80.0,0.276,61.0,0.852,52.0,32.0,16.0,,794.0,-2.0,1.8,12.0,1.2,33.0,12.0,tom-house-1,260.0,252.0,Guard,1.2,16.0,FURMAN,0.706,156.0,0.308,48.0,6.5,90.0,0.52,8.8,24.0,65.0,0.492,32.0,17.8,,2.2,0.11,Tom House
2025-26,14.1,75.0,2.2,17.0,0.6,southern,1.3,12.8,108.0,1.4,0.66,153.0,0.654,100.0,0.582,89.0,0.427,38.0,33.0,31.0,,930.0,-0.7,9.8,75.0,1.8,75.0,15.7,ben-vanderwal-1,240.0,276.0,Forward,1.6,25.0,FURMAN,0.059,9.0,0.222,2.0,11.3,183.0,0.615,15.9,37.0,144.0,0.681,98.0,12.9,,3.3,0.14,Ben VanderWal
2025-26,10.2,38.0,2.2,12.0,-3.8,southern,-0.3,7.4,43.0,0.8,0.484,153.0,0.386,59.0,0.327,50.0,0.74,37.0,33.0,6.0,,634.0,-3.5,2.5,13.0,0.3,41.0,9.3,eddrin-bronson-1,185.0,180.0,Guard,1.4,15.0,FURMAN,0.595,91.0,0.33,30.0,5.1,56.0,0.523,17.7,38.0,62.0,0.468,29.0,17.5,,1.1,0.071,Eddrin Bronson
2025-26,15.5,22.0,0.5,1.0,-3.1,southern,0.7,8.4,20.0,0.4,0.429,98.0,0.357,35.0,0.337,33.0,0.636,21.0,23.0,0.0,,261.0,-3.8,10.7,23.0,0.2,31.0,13.5,abijah-franklin-1,105.0,114.0,Guard,3.0,13.0,FURMAN,0.48,47.0,0.298,14.0,9.5,43.0,0.462,13.7,18.0,51.0,0.412,21.0,26.0,,0.6,0.094,Abijah Franklin
2025-26,4.2,11.0,1.6,6.0,-2.3,southern,0.6,19.0,75.0,0.8,0.548,73.0,0.452,33.0,0.274,20.0,0.85,17.0,19.0,6.0,,433.0,-2.8,8.4,30.0,0.5,38.0,11.9,cole-bowser-1,97.0,101.0,Guard,1.7,12.0,FURMAN,0.534,39.0,0.359,14.0,14.0,105.0,0.588,18.7,19.0,34.0,0.559,19.0,12.1,,1.2,0.113,Cole Bowser
2025-26,8.8,9.0,1.3,2.0,-5.1,southern,-1.0,7.5,12.0,0.2,0.5,44.0,0.386,17.0,0.227,10.0,0.6,6.0,17.0,0.0,,176.0,-4.1,7.6,11.0,0.1,19.0,9.2,collin-oneal-1,50.0,52.0,Guard,1.7,5.0,FURMAN,0.614,27.0,0.37,10.0,7.5,23.0,0.513,18.4,11.0,17.0,0.412,7.0,17.5,,0.3,0.073,Collin O'Neal
2025-26,9.3,7.0,1.8,2.0,-9.5,southern,-2.3,9.4,11.0,0.1,0.521,24.0,0.5,12.0,0.333,8.0,0.5,4.0,17.0,0.0,,129.0,-7.2,7.5,8.0,0.1,6.0,8.8,owen-ritger-1,29.0,32.0,Forward,0.0,0.0,FURMAN,0.208,5.0,0.2,1.0,8.5,19.0,0.522,20.1,7.0,19.0,0.579,11.0,13.9,,0.2,0.062,Owen Ritger
2025-26,2.6,1.0,0.0,0.0,-3.3,southern,-1.9,41.0,25.0,0.1,0.429,21.0,0.333,7.0,0.19,4.0,0.75,3.0,7.0,0.0,,67.0,-1.4,12.7,7.0,0.0,7.0,13.1,mason-smith-1,21.0,22.0,Forward,0.0,0.0,FURMAN,0.762,16.0,0.25,4.0,27.5,32.0,0.459,11.6,3.0,5.0,0.6,3.0,19.9,,0.2,0.11,Mason Smith
2025-26,0.0,0.0,0.0,0.0,,southern,,0.0,0.0,0.0,1.25,2.0,1.0,2.0,0.0,0.0,,0.0,3.0,0.0,,10.0,,0.0,0.0,0.0,0.0,24.2,gunnar-lewis-1,5.0,2.0,Guard,0.0,0.0,FURMAN,0.5,1.0,1.0,1.0,0.0,0.0,1.25,0.0,0.0,1.0,1.0,1.0,10.3,,0.0,0.178,Gunnar Lewis
2025-26,0.0,0.0,0.0,0.0,-42.3,southern,-7.2,0.0,0.0,0.0,0.4,5.0,0.4,2.0,0.4,2.0,0.0,0.0,6.0,1.0,,8.0,-35.1,0.0,0.0,0.0,1.0,-0.5,thomas-tillman-1,4.0,3.0,Forward,0.0,0.0,FURMAN,0.6,3.0,0.0,0.0,0.0,0.0,0.336,0.0,0.0,2.0,1.0,2.0,38.4,,0.0,-0.122,Thomas Tillman
2025-26,15.8,92.0,0.6,6.0,0.4,atlantic-sun,-1.5,16.4,148.0,0.6,0.547,327.0,0.495,162.0,0.388,127.0,0.78,99.0,34.0,34.0,,1033.0,1.9,5.6,49.0,2.5,69.0,18.6,nasir-mann-1,457.0,463.0,Forward,2.0,37.0,QUEENS-NC,0.318,104.0,0.327,34.0,11.1,197.0,0.59,12.6,56.0,223.0,0.574,128.0,21.2,,3.1,0.122,Nasir Mann
2025-26,21.5,126.0,1.5,14.0,-0.6,atlantic-sun,-1.5,11.8,103.0,0.4,0.489,316.0,0.421,133.0,0.475,150.0,0.787,118.0,34.0,29.0,,998.0,0.9,3.6,30.0,2.2,83.0,16.7,yoav-berman-1,427.0,458.0,Forward,1.8,32.0,QUEENS-NC,0.456,144.0,0.299,43.0,7.8,133.0,0.551,13.0,58.0,172.0,0.523,90.0,22.0,,2.7,0.107,Yoav Berman
2025-26,34.7,129.0,0.8,5.0,2.4,atlantic-sun,-1.0,9.5,58.0,0.2,0.619,222.0,0.599,133.0,0.739,164.0,0.78,128.0,34.0,8.0,,701.0,3.5,5.4,32.0,3.1,97.0,24.7,jordan-watford-1,403.0,436.0,Guard,1.8,23.0,QUEENS-NC,0.108,24.0,0.375,9.0,7.5,90.0,0.672,16.9,61.0,198.0,0.626,124.0,25.4,,3.3,0.191,Jordan Watford
2025-26,8.1,51.0,0.0,0.0,-3.6,atlantic-sun,-3.4,6.4,58.0,0.0,0.533,333.0,0.369,123.0,0.147,49.0,0.878,43.0,34.0,34.0,,1040.0,-0.1,1.1,10.0,1.7,55.0,11.4,chris-ashby-1,398.0,352.0,Guard,1.0,18.0,QUEENS-NC,0.874,291.0,0.375,109.0,3.8,68.0,0.559,6.8,26.0,42.0,0.333,14.0,18.2,,1.7,0.066,Chris Ashby
2025-26,9.9,39.0,6.3,44.0,1.3,atlantic-sun,0.1,17.6,116.0,0.7,0.697,216.0,0.685,148.0,0.616,133.0,0.617,82.0,34.0,33.0,,752.0,1.1,10.3,65.0,2.3,119.0,23.8,avantae-parker-1,383.0,361.0,Forward,2.2,29.0,QUEENS-NC,0.056,12.0,0.417,5.0,14.0,181.0,0.686,16.0,53.0,204.0,0.701,143.0,21.8,,3.0,0.159,Avantae Parker
2025-26,5.3,25.0,0.5,4.0,-0.4,atlantic-sun,-2.7,11.4,81.0,0.2,0.608,260.0,0.435,113.0,0.112,29.0,0.69,20.0,33.0,26.0,,809.0,2.3,3.7,25.0,1.8,75.0,14.4,carson-schweiger-1,336.0,286.0,Forward,1.3,18.0,QUEENS-NC,0.842,219.0,0.411,90.0,7.6,106.0,0.614,6.5,19.0,41.0,0.561,23.0,17.9,,2.0,0.098,Carson Schweiger
2025-26,9.0,35.0,1.9,12.0,1.1,atlantic-sun,-1.2,16.3,96.0,0.4,0.622,189.0,0.497,94.0,0.164,31.0,0.774,24.0,34.0,2.0,,673.0,2.3,5.8,33.0,1.4,56.0,16.7,maban-jabriel-1,259.0,242.0,Forward,1.8,22.0,QUEENS-NC,0.566,107.0,0.439,47.0,11.2,129.0,0.636,12.8,30.0,82.0,0.573,47.0,17.2,,1.8,0.109,Maban Jabriel
2025-26,8.8,22.0,2.7,10.0,-4.7,atlantic-sun,-0.3,13.1,46.0,0.2,0.542,71.0,0.521,37.0,0.662,47.0,0.574,27.0,34.0,1.0,,400.0,-4.4,7.4,25.0,0.3,81.0,9.9,gus-larson-1,104.0,116.0,Forward,1.8,13.0,QUEENS-NC,0.225,16.0,0.188,3.0,10.3,71.0,0.557,20.5,24.0,55.0,0.618,34.0,14.5,,0.6,0.058,Gus Larson
2025-26,8.5,10.0,0.0,0.0,-5.8,atlantic-sun,-3.9,17.4,31.0,0.1,0.526,58.0,0.5,29.0,0.259,15.0,0.733,11.0,25.0,0.0,,203.0,-1.9,7.0,12.0,0.2,14.0,12.0,isaiah-henry-1,72.0,72.0,Guard,0.6,2.0,QUEENS-NC,0.259,15.0,0.2,3.0,12.3,43.0,0.553,17.7,14.0,43.0,0.605,26.0,19.3,,0.2,0.046,Isaiah Henry
2025-26,6.6,8.0,2.9,5.0,-7.3,atlantic-sun,-1.5,13.4,22.0,0.1,0.344,45.0,0.311,14.0,0.378,17.0,0.765,13.0,26.0,3.0,,188.0,-5.8,3.2,5.0,-0.1,23.0,6.3,kam-clark-1,44.0,46.0,Forward,1.8,6.0,QUEENS-NC,0.578,26.0,0.115,3.0,8.4,27.0,0.415,14.5,9.0,19.0,0.579,11.0,16.3,,0.0,0.004,Kam Clark
2025-26,10.3,3.0,0.0,0.0,-2.7,atlantic-sun,-2.5,2.7,1.0,0.0,0.2,5.0,0.2,1.0,0.8,4.0,0.25,1.0,16.0,0.0,,42.0,-0.2,25.5,9.0,0.0,2.0,6.0,reid-celestin-1,3.0,11.0,Forward,1.3,1.0,QUEENS-NC,0.2,1.0,0.0,0.0,13.9,10.0,0.217,30.3,3.0,4.0,0.25,1.0,11.6,,0.0,-0.011,Reid Celestin
2025-26,0.0,0.0,0.0,0.0,,atlantic-sun,,0.0,0.0,0.0,,0.0,,0.0,,0.0,,0.0,1.0,0.0,,1.0,,0.0,0.0,0.0,0.0,0.0,jacob-brandly-1,0.0,0.0,Guard,0.0,0.0,QUEENS-NC,,0.0,,0.0,0.0,0.0,,,0.0,0.0,,0.0,0.0,,0.0,-0.019,Jacob Brandly
2025-26,,0.0,,0.0,,atlantic-sun,,,0.0,0.0,,0.0,,0.0,,0.0,,0.0,1.0,0.0,,0.0,,,0.0,0.0,0.0,,colby-christiansen-1,0.0,,Guard,,0.0,QUEENS-NC,,0.0,,0.0,,0.0,,,0.0,0.0,,0.0,,,0.0,,Colby Christiansen
2025-26,13.9,1.0,0.0,0.0,-29.0,atlantic-sun,-9.6,0.0,0.0,0.0,0.0,4.0,0.0,0.0,0.0,0.0,,0.0,9.0,0.0,,10.0,-19.5,0.0,0.0,-0.1,1.0,-14.3,tyler-crider-1,0.0,1.0,Guard,0.0,0.0,QUEENS-NC,0.75,3.0,0.0,0.0,0.0,0.0,0.0,0.0,0.0,1.0,0.0,0.0,19.8,,-0.1,-0.248,Tyler Crider
2025-26,18.1,97.0,1.4,13.0,4.6,ovc,2.0,15.8,138.0,2.3,0.496,428.0,0.437,187.0,0.409,175.0,0.789,138.0,32.0,32.0,,1005.0,2.6,4.0,37.0,2.3,60.0,23.1,aaron-nkrumah-1,563.0,543.0,Forward,5.0,91.0,TENNESSEE-STATE,0.339,145.0,0.352,51.0,9.8,175.0,0.551,12.8,75.0,283.0,0.481,136.0,27.5,,4.6,0.184,Aaron Nkrumah
2025-26,6.9,37.0,1.5,13.0,3.1,ovc,-1.4,11.9,103.0,1.5,0.583,380.0,0.476,181.0,0.334,127.0,0.858,109.0,32.0,32.0,,1000.0,4.5,3.6,33.0,3.1,48.0,20.5,travis-harper-ii-1,552.0,481.0,Guard,1.8,32.0,TENNESSEE-STATE,0.532,202.0,0.401,81.0,7.6,136.0,0.627,9.8,48.0,178.0,0.562,100.0,23.0,,4.6,0.184,Travis Harper II
2025-26,24.0,145.0,0.0,0.0,-2.6,ovc,-0.7,9.9,89.0,1.7,0.443,331.0,0.42,139.0,0.335,111.0,0.73,81.0,32.0,32.0,,1031.0,-1.9,3.1,29.0,1.2,68.0,14.5,dante-harris-1,374.0,413.0,Guard,2.9,53.0,TENNESSEE-STATE,0.145,48.0,0.313,15.0,6.4,118.0,0.487,13.9,62.0,283.0,0.438,124.0,20.4,,2.9,0.113,Dante Harris
2025-26,8.9,33.0,7.3,44.0,0.4,ovc,1.0,17.2,101.0,1.5,0.538,221.0,0.52,115.0,0.448,99.0,0.657,65.0,32.0,23.0,,675.0,-0.6,9.4,58.0,1.1,88.0,20.4,antoine-lorick-iii-1,303.0,296.0,Forward,3.0,36.0,TENNESSEE-STATE,0.158,35.0,0.229,8.0,13.2,159.0,0.565,15.2,48.0,186.0,0.575,107.0,22.0,,2.6,0.156,Antoine Lorick III
2025-26,6.1,29.0,2.5,17.0,-0.7,ovc,0.0,17.1,115.0,1.5,0.634,127.0,0.63,80.0,0.425,54.0,0.852,46.0,32.0,32.0,,773.0,-0.7,13.4,95.0,1.7,83.0,17.6,jalen-pitre-1,207.0,235.0,Forward,2.7,38.0,TENNESSEE-STATE,0.047,6.0,0.167,1.0,15.2,210.0,0.678,18.7,35.0,121.0,0.653,79.0,11.4,,3.2,0.165,Jalen Pitre
2025-26,4.6,17.0,3.1,17.0,-5.9,ovc,-1.6,14.3,75.0,0.9,0.51,152.0,0.454,69.0,0.197,30.0,0.767,23.0,31.0,9.0,,606.0,-4.4,4.3,24.0,0.3,68.0,9.2,carlous-williams-1,178.0,166.0,Forward,0.6,6.0,TENNESSEE-STATE,0.342,52.0,0.327,17.0,9.2,99.0,0.535,16.6,33.0,100.0,0.52,52.0,15.5,,1.2,0.08,Carlous Williams
2025-26,12.8,27.0,0.9,3.0,-8.0,ovc,-2.8,11.0,35.0,0.5,0.397,155.0,0.342,53.0,0.258,40.0,0.75,30.0,24.0,0.0,,366.0,-5.2,1.2,4.0,-0.2,35.0,8.0,khalil-london-1,153.0,145.0,Guard,1.5,10.0,TENNESSEE-STATE,0.465,72.0,0.236,17.0,6.0,39.0,0.44,14.7,30.0,83.0,0.434,36.0,26.3,,0.3,0.038,Khalil London
2025-26,5.2,10.0,1.1,3.0,-3.6,ovc,0.3,6.2,17.0,0.5,0.534,74.0,0.5,37.0,0.176,13.0,0.692,9.0,30.0,0.0,,316.0,-3.8,7.3,21.0,0.3,44.0,11.0,jabrion-spikes-1,88.0,87.0,Guard,3.0,17.0,TENNESSEE-STATE,0.257,19.0,0.263,5.0,6.7,38.0,0.549,15.8,15.0,55.0,0.582,32.0,14.2,,0.8,0.101,Jabrion Spikes
2025-26,2.7,5.0,1.4,4.0,-3.9,ovc,-1.8,14.9,40.0,0.5,0.603,63.0,0.587,37.0,0.143,9.0,0.444,4.0,29.0,0.0,,310.0,-2.1,10.6,30.0,0.6,42.0,13.1,kavien-jones-1,80.0,81.0,Forward,1.1,6.0,TENNESSEE-STATE,0.079,5.0,0.4,2.0,12.7,70.0,0.595,6.9,5.0,58.0,0.603,35.0,11.0,,1.0,0.134,Kavien Jones
2025-26,17.6,17.0,0.0,0.0,-9.1,ovc,-1.9,10.0,13.0,0.2,0.302,43.0,0.256,11.0,0.209,9.0,0.778,7.0,20.0,0.0,,149.0,-7.1,0.7,1.0,-0.1,11.0,5.9,damon-howard-jr-1,33.0,38.0,Guard,2.6,7.0,TENNESSEE-STATE,0.419,18.0,0.222,4.0,5.3,14.0,0.349,12.9,7.0,25.0,0.28,7.0,17.2,,0.1,0.037,Damon Howard Jr.
2025-26,5.5,5.0,1.6,2.0,-7.5,ovc,-1.4,18.0,22.0,0.2,0.478,23.0,0.435,10.0,0.565,13.0,0.615,8.0,18.0,0.0,,141.0,-6.1,10.8,14.0,0.1,23.0,8.0,jc-brooks-1,30.0,36.0,Forward,0.4,1.0,TENNESSEE-STATE,0.304,7.0,0.286,2.0,14.3,36.0,0.514,23.6,9.0,16.0,0.5,8.0,12.8,,0.3,0.077,JC Brooks
2025-26,0.0,0.0,0.0,0.0,-22.9,ovc,-8.3,0.0,0.0,0.0,0.438,8.0,0.375,3.0,0.0,0.0,,0.0,9.0,0.0,,25.0,-14.6,4.4,1.0,-0.1,2.0,0.8,alex-garcia-1,7.0,6.0,Forward,2.2,1.0,TENNESSEE-STATE,0.75,6.0,0.167,1.0,2.2,1.0,0.438,27.3,3.0,2.0,1.0,2.0,20.7,,0.0,-0.044,Alex Garcia
2025-26,0.0,0.0,0.0,0.0,-43.7,ovc,-13.6,7.7,1.0,0.0,0.375,8.0,0.375,3.0,0.125,1.0,1.0,1.0,4.0,0.0,,15.0,-30.0,0.0,0.0,0.0,1.0,7.9,jayden-jones-1,7.0,6.0,Guard,0.0,0.0,TENNESSEE-STATE,0.125,1.0,0.0,0.0,3.7,1.0,0.413,0.0,0.0,7.0,0.429,3.0,26.6,,0.0,0.045,Jayden Jones
2025-26,0.0,0.0,0.0,0.0,-0.6,ovc,4.5,19.2,2.0,0.0,0.5,2.0,0.5,1.0,0.0,0.0,,0.0,2.0,0.0,,12.0,-5.0,27.3,3.0,0.0,5.0,15.1,jean-yvens-lafleur-1,2.0,3.0,Forward,9.3,2.0,TENNESSEE-STATE,0.0,0.0,,0.0,23.4,5.0,0.5,33.3,1.0,2.0,0.5,1.0,11.8,,0.0,0.154,Jean Yvens Lafleur
2025-26,8.2,43.0,1.3,12.0,-1.0,big-sky,-0.6,12.4,114.0,1.4,0.54,360.0,0.492,177.0,0.333,120.0,0.692,83.0,34.0,34.0,,1053.0,-0.4,4.8,45.0,1.5,60.0,15.4,jackson-rasmussen-1,472.0,437.0,Forward,1.1,20.0,IDAHO,0.294,106.0,0.33,35.0,8.6,159.0,0.566,13.7,66.0,254.0,0.559,142.0,23.0,,2.9,0.111,Jackson Rasmussen
2025-26,24.0,124.0,0.2,2.0,1.3,big-sky,0.2,11.3,96.0,1.5,0.497,338.0,0.393,133.0,0.382,129.0,0.798,103.0,32.0,31.0,,971.0,1.1,1.2,10.0,2.2,58.0,17.4,kolton-mitchell-2,439.0,450.0,Guard,2.3,38.0,IDAHO,0.577,195.0,0.359,70.0,6.2,106.0,0.55,11.7,53.0,143.0,0.441,63.0,23.3,,3.7,0.15,Kolton Mitchell
2025-26,16.7,85.0,0.1,1.0,-0.2,big-sky,0.5,11.5,97.0,1.5,0.457,364.0,0.376,137.0,0.376,137.0,0.73,100.0,35.0,34.0,,965.0,-0.8,3.9,33.0,1.2,90.0,14.4,biko-johnson-1,433.0,437.0,Guard,2.3,39.0,IDAHO,0.522,190.0,0.311,59.0,7.7,130.0,0.505,12.6,62.0,174.0,0.448,78.0,25.5,,2.6,0.109,Biko Johnson
2025-26,9.7,31.0,0.5,3.0,3.2,big-sky,0.5,18.2,110.0,1.2,0.57,293.0,0.491,144.0,0.345,101.0,0.762,77.0,34.0,12.0,,694.0,2.6,3.7,23.0,1.9,76.0,21.4,isaiah-brickner-1,411.0,361.0,Guard,1.9,23.0,IDAHO,0.372,109.0,0.422,46.0,10.9,133.0,0.603,10.3,39.0,184.0,0.533,98.0,27.4,,3.0,0.174,Isaiah Brickner
2025-26,7.4,35.0,2.5,19.0,-0.2,big-sky,0.6,15.7,117.0,1.3,0.636,162.0,0.599,97.0,0.611,99.0,0.687,68.0,35.0,35.0,,853.0,-0.8,8.7,66.0,1.9,105.0,15.5,brody-rowbury-1,274.0,283.0,Forward,0.8,12.0,IDAHO,0.185,30.0,0.4,12.0,12.2,183.0,0.655,15.0,37.0,132.0,0.644,85.0,14.4,,3.2,0.15,Brody Rowbury
2025-26,10.6,43.0,1.7,11.0,0.4,big-sky,0.5,16.4,103.0,1.2,0.49,198.0,0.384,76.0,0.172,34.0,0.824,28.0,33.0,22.0,,719.0,0.0,5.5,35.0,0.8,57.0,12.6,jack-payne-2,222.0,230.0,Guard,1.6,20.0,IDAHO,0.667,132.0,0.318,42.0,10.9,138.0,0.518,13.0,32.0,66.0,0.515,34.0,17.1,,1.9,0.107,Jack Payne
2025-26,3.8,13.0,4.2,23.0,-1.3,big-sky,0.6,16.7,88.0,1.0,0.569,145.0,0.455,66.0,0.221,32.0,0.656,21.0,35.0,0.0,,606.0,-1.9,7.1,38.0,0.8,84.0,12.7,seth-joba-1,186.0,179.0,Forward,0.9,9.0,IDAHO,0.621,90.0,0.367,33.0,11.8,126.0,0.581,13.0,24.0,55.0,0.6,33.0,15.2,,1.8,0.119,Seth Joba
2025-26,5.6,19.0,1.4,7.0,-0.2,big-sky,2.0,13.3,66.0,0.9,0.595,95.0,0.463,44.0,0.211,20.0,0.7,14.0,34.0,3.0,,570.0,-2.2,4.6,23.0,0.6,65.0,10.6,trevon-blassingame-1,127.0,127.0,Guard,2.3,23.0,IDAHO,0.684,65.0,0.385,25.0,8.9,89.0,0.608,16.1,20.0,30.0,0.633,19.0,10.9,,1.6,0.11,Trevon Blassingame
2025-26,11.3,22.0,0.0,0.0,-1.3,big-sky,1.6,14.4,44.0,0.6,0.565,85.0,0.459,39.0,0.224,19.0,0.684,13.0,29.0,4.0,,350.0,-2.9,3.6,11.0,0.5,18.0,14.1,miles-klapper-1,109.0,108.0,Guard,2.6,16.0,IDAHO,0.482,41.0,0.439,18.0,8.9,55.0,0.58,13.8,15.0,44.0,0.477,21.0,15.6,,1.1,0.123,Miles Klapper
2025-26,22.9,17.0,0.0,0.0,-5.0,big-sky,-0.3,11.3,13.0,0.2,0.5,32.0,0.438,14.0,0.281,9.0,0.889,8.0,22.0,0.0,,132.0,-4.7,5.1,6.0,0.2,14.0,14.2,aidan-sevilla-1,40.0,48.0,Guard,2.2,5.0,IDAHO,0.438,14.0,0.286,4.0,8.2,19.0,0.551,16.2,7.0,18.0,0.556,10.0,16.4,,0.4,0.134,Aidan Sevilla
2025-26,12.2,7.0,3.5,3.0,-3.9,big-sky,2.2,25.1,21.0,0.2,0.471,17.0,0.412,7.0,0.588,10.0,0.6,6.0,14.0,0.0,,96.0,-6.1,2.4,2.0,0.1,9.0,12.1,ewan-steele-1,22.0,24.0,Forward,0.0,0.0,IDAHO,0.294,5.0,0.4,2.0,13.6,23.0,0.506,4.4,1.0,12.0,0.417,5.0,11.9,,0.3,0.124,Ewan Steele
2025-26,0.0,0.0,0.0,0.0,14.1,big-sky,-0.6,6.4,1.0,0.0,0.938,8.0,0.75,6.0,0.375,3.0,1.0,3.0,1.0,0.0,,18.0,14.7,0.0,0.0,0.1,0.0,38.0,kristian-gonzalez-1,18.0,10.0,Guard,0.0,0.0,IDAHO,0.5,4.0,0.75,3.0,3.2,1.0,0.955,17.5,2.0,4.0,0.75,3.0,31.8,,0.1,0.225,Kristian Gonzalez
2025-26,13.1,76.0,0.2,2.0,3.8,maac,0.1,17.7,188.0,2.3,0.511,445.0,0.463,206.0,0.402,179.0,0.855,153.0,34.0,34.0,,1247.0,3.7,5.0,50.0,3.9,49.0,22.3,gavin-doty-1,608.0,570.0,Guard,2.1,42.0,SIENA,0.29,129.0,0.333,43.0,11.6,238.0,0.574,6.2,35.0,316.0,0.516,163.0,24.4,,6.2,0.199,Gavin Doty
2025-26,25.9,149.0,0.9,9.0,-3.8,maac,-0.8,7.6,78.0,1.9,0.484,395.0,0.466,184.0,0.251,99.0,0.677,67.0,34.0,34.0,,1206.0,-3.0,0.8,8.0,0.7,66.0,13.7,justice-shoats-1,449.0,458.0,Guard,2.5,48.0,SIENA,0.101,40.0,0.35,14.0,4.3,86.0,0.508,16.6,88.0,355.0,0.479,170.0,23.6,,2.6,0.088,Justice Shoats
2025-26,16.3,75.0,5.4,43.0,1.6,maac,1.4,14.1,113.0,1.9,0.527,258.0,0.519,134.0,0.558,144.0,0.736,106.0,34.0,25.0,,943.0,0.2,8.7,65.0,1.7,90.0,19.5,francis-folefac-1,378.0,390.0,Forward,2.0,30.0,SIENA,0.047,12.0,0.333,4.0,11.5,178.0,0.579,17.5,69.0,246.0,0.528,130.0,22.5,,3.6,0.151,Francis Folefac
2025-26,5.9,33.0,0.6,5.0,-3.6,maac,-1.2,15.1,132.0,1.7,0.461,268.0,0.336,90.0,0.209,56.0,0.821,46.0,34.0,34.0,,1028.0,-2.4,2.9,24.0,0.6,70.0,9.4,brendan-coyle-1,293.0,269.0,Forward,1.2,19.0,SIENA,0.851,228.0,0.294,67.0,9.2,156.0,0.497,10.6,35.0,40.0,0.575,23.0,17.2,,2.3,0.088,Brendan Coyle
2025-26,3.4,11.0,2.8,15.0,1.0,maac,-0.4,17.9,98.0,1.2,0.645,131.0,0.641,84.0,0.481,63.0,0.698,44.0,29.0,29.0,,642.0,1.4,12.4,63.0,1.8,57.0,19.9,antonio-chandler-1,213.0,208.0,Forward,1.6,16.0,SIENA,0.053,7.0,0.143,1.0,15.2,161.0,0.662,9.0,16.0,124.0,0.669,83.0,14.8,,3.0,0.187,Antonio Chandler
2025-26,12.5,41.0,0.2,1.0,-5.4,maac,-0.9,4.6,23.0,0.8,0.425,146.0,0.315,46.0,0.158,23.0,0.957,22.0,34.0,0.0,,594.0,-4.5,0.8,4.0,0.0,39.0,6.8,christian-jones-6,146.0,144.0,Guard,2.0,19.0,SIENA,0.664,97.0,0.33,32.0,2.8,27.0,0.465,15.1,28.0,49.0,0.286,14.0,16.7,,0.8,0.054,Christian Jones
2025-26,6.6,14.0,0.6,2.0,-4.8,maac,-1.7,5.5,18.0,0.5,0.471,86.0,0.349,30.0,0.384,33.0,0.758,25.0,28.0,1.0,,382.0,-3.1,1.6,5.0,0.2,26.0,7.8,isaiah-henderson-1,106.0,97.0,Forward,1.0,6.0,SIENA,0.802,69.0,0.304,21.0,3.7,23.0,0.521,12.9,15.0,17.0,0.529,9.0,16.4,,0.7,0.074,Isaiah Henderson
2025-26,15.9,37.0,5.7,21.0,1.4,maac,1.6,15.0,55.0,0.8,0.639,61.0,0.639,39.0,0.328,20.0,0.85,17.0,25.0,4.0,,431.0,-0.2,12.6,43.0,0.8,33.0,17.0,riley-mulvey-1,95.0,120.0,Center,1.0,7.0,SIENA,0.016,1.0,0.0,0.0,13.8,98.0,0.674,25.4,24.0,60.0,0.65,39.0,11.8,,1.6,0.148,Riley Mulvey
2025-26,13.0,12.0,4.5,8.0,3.7,maac,1.1,21.3,38.0,0.5,0.645,62.0,0.645,40.0,0.194,12.0,0.583,7.0,9.0,9.0,,210.0,2.6,16.8,28.0,0.7,21.0,26.0,tasman-goodrick-1,87.0,88.0,Forward,2.1,7.0,SIENA,0.016,1.0,0.0,0.0,19.1,66.0,0.643,11.7,9.0,61.0,0.656,40.0,19.6,,1.1,0.214,Tasman Goodrick
2025-26,10.5,3.0,0.0,0.0,-9.7,maac,-1.3,9.4,4.0,0.1,0.318,11.0,0.273,3.0,0.909,10.0,0.7,7.0,5.0,0.0,,50.0,-8.5,5.0,2.0,-0.1,6.0,1.9,owen-schlager-1,14.0,15.0,Guard,1.2,1.0,SIENA,0.636,7.0,0.143,1.0,7.3,6.0,0.444,30.8,7.0,4.0,0.5,2.0,24.5,,0.0,-0.033,Owen Schlager
2025-26,0.0,0.0,0.0,0.0,-11.9,maac,0.0,16.8,2.0,0.0,0.4,5.0,0.4,2.0,0.0,0.0,,0.0,3.0,0.0,,14.0,-11.9,0.0,0.0,0.0,3.0,3.3,tajae-jones-1,4.0,3.0,Forward,4.4,1.0,SIENA,0.4,2.0,0.0,0.0,8.7,2.0,0.4,16.7,1.0,3.0,0.667,2.0,23.0,,0.0,-0.003,Tajae Jones
2025-26,14.6,4.0,0.0,0.0,-5.2,maac,-0.1,18.3,7.0,0.1,0.167,6.0,0.167,1.0,0.833,5.0,0.2,1.0,6.0,0.0,,45.0,-5.1,14.0,5.0,0.0,4.0,6.0,marcus-jackson-7,3.0,8.0,Guard,1.4,1.0,SIENA,0.667,4.0,0.0,0.0,16.2,12.0,0.179,10.7,1.0,2.0,0.5,1.0,11.2,,0.0,0.038,Marcus Jackson
2025-26,16.9,1.0,0.0,0.0,-17.0,maac,-4.5,0.0,0.0,0.0,0.25,4.0,0.25,1.0,0.0,0.0,,0.0,6.0,0.0,,11.0,-12.5,0.0,0.0,0.0,1.0,-1.3,chris-torres-1,2.0,2.0,Guard,0.0,0.0,SIENA,0.0,0.0,,0.0,0.0,0.0,0.25,0.0,0.0,4.0,0.25,1.0,19.6,,0.0,-0.043,Chris Torres
2025-26,0.0,0.0,0.0,0.0,-35.9,maac,-9.4,0.0,0.0,0.0,0.0,3.0,0.0,0.0,0.0,0.0,,0.0,3.0,0.0,,7.0,-26.5,0.0,0.0,-0.1,1.0,-21.6,mosi-clayton-1,0.0,0.0,Guard,0.0,0.0,SIENA,1.0,3.0,0.0,0.0,0.0,0.0,0.0,0.0,0.0,0.0,,0.0,23.0,,0.0,-0.277,Mosi Clayton
2025-26,0.0,0.0,0.0,0.0,-23.6,maac,-6.7,0.0,0.0,0.0,0.0,1.0,0.0,0.0,0.0,0.0,,0.0,4.0,0.0,,8.0,-16.9,0.0,0.0,0.0,0.0,-13.4,danny-murray-2,0.0,0.0,Guard,0.0,0.0,SIENA,1.0,1.0,0.0,0.0,0.0,0.0,0.0,50.0,1.0,0.0,,0.0,13.4,,0.0,-0.198,Danny Murray
2025-26,0.0,0.0,0.0,0.0,-10.2,maac,2.6,33.6,2.0,0.0,,0.0,,0.0,,0.0,,0.0,2.0,0.0,,7.0,-12.8,0.0,0.0,0.0,1.0,2.7,cooper-nadler-1,0.0,0.0,Guard,0.0,0.0,SIENA,,0.0,,0.0,17.4,2.0,,,0.0,0.0,,0.0,0.0,,0.0,0.084,Cooper Nadler
2025-26,14.6,84.0,3.3,35.0,2.8,nec,0.0,14.4,139.0,1.8,0.602,343.0,0.525,180.0,0.481,165.0,0.77,127.0,33.0,32.0,,1106.0,2.7,4.7,43.0,3.2,92.0,21.3,jamal-fuller-1,540.0,507.0,Forward,1.8,33.0,LONG-ISLAND-UNIVERSITY,0.353,121.0,0.438,53.0,9.7,182.0,0.641,14.1,69.0,222.0,0.572,127.0,22.4,,5.0,0.18,Jamal Fuller
2025-26,21.5,116.0,0.3,3.0,-4.4,nec,-2.1,9.5,88.0,1.5,0.468,440.0,0.418,184.0,0.282,124.0,0.621,77.0,34.0,33.0,,1059.0,-2.3,3.5,31.0,0.5,73.0,13.6,malachi-davis-1,489.0,491.0,Guard,2.3,42.0,LONG-ISLAND-UNIVERSITY,0.314,138.0,0.319,44.0,6.6,119.0,0.49,16.3,97.0,302.0,0.464,140.0,28.4,,1.9,0.073,Malachi Davis
2025-26,17.4,100.0,2.3,26.0,1.6,nec,0.6,11.0,111.0,1.9,0.573,377.0,0.565,213.0,0.294,111.0,0.414,46.0,34.0,34.0,,1152.0,1.1,8.1,77.0,2.1,62.0,19.9,greg-gordon-1,478.0,483.0,Guard,3.1,60.0,LONG-ISLAND-UNIVERSITY,0.077,29.0,0.207,6.0,9.6,188.0,0.556,13.0,64.0,348.0,0.595,207.0,21.6,,4.0,0.139,Greg Gordon
2025-26,12.3,74.0,2.3,23.0,-2.9,nec,0.2,13.9,127.0,1.8,0.48,272.0,0.412,112.0,0.342,93.0,0.839,78.0,34.0,33.0,,1045.0,-3.1,3.1,27.0,0.6,102.0,12.3,jomo-goings-1,339.0,338.0,Guard,2.6,46.0,LONG-ISLAND-UNIVERSITY,0.36,98.0,0.378,37.0,8.7,154.0,0.536,19.4,76.0,174.0,0.431,75.0,19.0,,2.4,0.093,Jomo Goings
2025-26,5.8,22.0,2.2,14.0,-1.6,nec,-0.7,11.7,69.0,1.1,0.574,176.0,0.477,84.0,0.443,78.0,0.718,56.0,34.0,6.0,,676.0,-0.9,7.2,40.0,1.2,75.0,15.9,mason-porter-brown-1,258.0,241.0,Forward,2.4,28.0,LONG-ISLAND-UNIVERSITY,0.489,86.0,0.395,34.0,9.5,109.0,0.605,14.5,36.0,90.0,0.556,50.0,18.6,,2.3,0.137,Mason Porter-Brown
2025-26,2.7,12.0,6.6,47.0,-2.8,nec,0.1,15.7,102.0,1.2,0.58,119.0,0.546,65.0,0.378,45.0,0.644,29.0,32.0,32.0,,741.0,-2.9,11.8,72.0,1.0,91.0,13.6,shadrak-lasu-1,167.0,180.0,Forward,0.8,10.0,LONG-ISLAND-UNIVERSITY,0.143,17.0,0.471,8.0,13.8,174.0,0.595,16.1,27.0,102.0,0.559,57.0,11.4,,2.2,0.118,Shadrak Lasu
2025-26,12.4,20.0,2.8,7.0,-1.7,nec,0.7,4.8,11.0,0.4,0.51,48.0,0.396,19.0,0.25,12.0,0.583,7.0,18.0,0.0,,263.0,-2.3,4.1,9.0,0.1,14.0,9.8,faheim-meran-1,56.0,62.0,Guard,3.1,14.0,LONG-ISLAND-UNIVERSITY,0.625,30.0,0.367,11.0,4.5,20.0,0.521,24.0,17.0,18.0,0.444,8.0,13.6,,0.4,0.067,Faheim Meran
2025-26,4.7,7.0,4.2,10.0,-2.1,nec,0.4,20.6,45.0,0.5,0.558,43.0,0.535,23.0,0.302,13.0,0.538,7.0,25.0,0.0,,250.0,-2.5,11.6,24.0,0.3,31.0,14.4,treshawn-sheppard-1,55.0,61.0,Guard,2.3,10.0,LONG-ISLAND-UNIVERSITY,0.14,6.0,0.333,2.0,16.2,69.0,0.559,16.9,10.0,37.0,0.568,21.0,12.0,,0.8,0.123,Tre'shawn Sheppard
2025-26,8.4,12.0,2.2,5.0,-0.6,nec,2.1,14.4,30.0,0.5,0.5,40.0,0.5,20.0,0.375,15.0,0.733,11.0,22.0,0.0,,238.0,-2.7,8.1,16.0,0.3,27.0,13.9,caleb-johnson-2,51.0,58.0,Forward,3.5,14.0,LONG-ISLAND-UNIVERSITY,0.25,10.0,0.0,0.0,11.4,46.0,0.541,12.9,7.0,30.0,0.667,20.0,11.5,,0.8,0.127,Caleb Johnson
2025-26,4.2,2.0,10.7,10.0,-6.2,nec,-0.3,17.7,15.0,0.2,0.426,47.0,0.404,19.0,0.255,12.0,0.667,8.0,12.0,0.0,,97.0,-5.9,3.7,3.0,-0.1,12.0,13.9,isaiah-miranda-1,48.0,42.0,Forward,1.2,2.0,LONG-ISLAND-UNIVERSITY,0.277,13.0,0.154,2.0,10.9,18.0,0.455,13.2,8.0,34.0,0.5,17.0,31.6,,0.1,0.047,Isaiah Miranda
2025-26,16.0,11.0,1.8,2.0,-4.2,nec,-0.1,5.0,5.0,0.1,0.522,23.0,0.435,10.0,0.261,6.0,0.667,4.0,14.0,0.0,,115.0,-4.0,1.1,1.0,0.0,12.0,8.2,aj-neal-1,28.0,30.0,Guard,2.0,4.0,LONG-ISLAND-UNIVERSITY,0.348,8.0,0.5,4.0,3.1,6.0,0.542,23.6,8.0,15.0,0.4,6.0,14.9,,0.2,0.062,AJ Neal
2025-26,0.0,0.0,3.7,1.0,-12.1,nec,-3.0,16.3,4.0,0.0,0.417,6.0,0.333,2.0,0.0,0.0,,0.0,7.0,0.0,,28.0,-9.2,8.7,2.0,-0.1,4.0,0.9,xinyi-li-1,5.0,5.0,Forward,0.0,0.0,LONG-ISLAND-UNIVERSITY,0.5,3.0,0.333,1.0,12.6,6.0,0.417,33.3,3.0,3.0,0.333,1.0,16.2,,0.0,-0.029,Xinyi Li
2025-26,11.9,4.0,0.0,0.0,-8.4,nec,-1.0,4.4,2.0,0.1,0.357,7.0,0.286,2.0,0.0,0.0,,0.0,6.0,0.0,,52.0,-7.4,2.3,1.0,0.0,4.0,3.6,max-ndlovu-fraser-1,5.0,7.0,Guard,3.4,3.0,LONG-ISLAND-UNIVERSITY,0.429,3.0,0.333,1.0,3.4,3.0,0.357,30.0,3.0,4.0,0.25,1.0,9.7,,0.0,0.019,Max Ndlovu-Fraser
2025-26,0.0,0.0,0.0,0.0,-7.7,nec,-1.8,0.0,0.0,0.0,,0.0,,0.0,,0.0,,0.0,1.0,0.0,,2.0,-6.0,0.0,0.0,0.0,0.0,0.0,eddie-munyak-1,0.0,0.0,Guard,0.0,0.0,LONG-ISLAND-UNIVERSITY,,0.0,,0.0,0.0,0.0,,,0.0,0.0,,0.0,0.0,,0.0,0.02,Eddie Munyak
"('2025-26',)",9.8,54.0,0.4,3.0,6.4,mwc,0.6,7.2,64.0,1.3,0.588,409.0,0.491,201.0,0.347,142.0,0.824,117.0,34.0,34.0,,1035.0,5.7,2.1,18.0,3.5,49.0,20.9,mj-collins-1,598.0,504.0,Guard,1.7,31.0,UTAH-STATE,0.528,216.0,0.366,79.0,4.7,82.0,0.628,6.8,35.0,193.0,0.632,122.0,25.0,,4.8,0.187,MJ Collins
"('2025-26',)",17.8,105.0,1.0,9.0,10.0,mwc,3.7,15.7,147.0,2.2,0.58,379.0,0.52,197.0,0.367,139.0,0.763,106.0,34.0,34.0,,1085.0,6.3,5.5,49.0,3.5,73.0,23.4,mason-falslev-1,546.0,526.0,Guard,3.6,67.0,UTAH-STATE,0.296,112.0,0.411,46.0,10.8,196.0,0.613,10.6,53.0,267.0,0.566,151.0,23.2,,5.7,0.209,Mason Falslev
"('2025-26',)",7.9,28.0,5.7,30.0,4.9,mwc,2.2,14.5,80.0,1.3,0.565,209.0,0.517,108.0,0.531,111.0,0.649,72.0,34.0,8.0,,638.0,2.7,11.9,62.0,1.7,95.0,21.3,karson-templin-1,308.0,298.0,Forward,2.6,28.0,UTAH-STATE,0.273,57.0,0.351,20.0,13.2,142.0,0.588,11.5,34.0,152.0,0.579,88.0,23.4,,2.9,0.184,Karson Templin
"('2025-26',)",12.8,52.0,0.2,1.0,6.1,mwc,2.1,17.1,99.0,1.1,0.609,170.0,0.476,81.0,0.412,70.0,0.757,53.0,34.0,0.0,,670.0,4.0,3.1,17.0,1.7,48.0,16.9,kolby-king-1,260.0,244.0,Guard,1.8,21.0,UTAH-STATE,0.671,114.0,0.395,45.0,10.3,116.0,0.64,12.1,28.0,56.0,0.643,36.0,17.4,,2.8,0.166,Kolby King
"('2025-26',)",29.9,154.0,2.1,14.0,6.6,mwc,4.8,11.4,82.0,1.7,0.521,192.0,0.458,88.0,0.464,89.0,0.618,55.0,33.0,33.0,,831.0,1.8,2.5,17.0,1.2,80.0,16.4,drake-allen-1,255.0,314.0,Guard,4.6,65.0,UTAH-STATE,0.396,76.0,0.316,24.0,7.1,99.0,0.544,22.2,67.0,116.0,0.552,64.0,18.3,,2.9,0.14,Drake Allen
"('2025-26',)",7.1,22.0,3.0,14.0,4.1,mwc,1.1,15.7,76.0,0.9,0.71,136.0,0.706,96.0,0.522,71.0,0.521,37.0,34.0,1.0,,560.0,2.9,15.3,70.0,1.8,78.0,21.1,garry-clark-1,230.0,227.0,Forward,1.4,13.0,UTAH-STATE,0.044,6.0,0.167,1.0,15.5,146.0,0.678,11.9,23.0,130.0,0.731,95.0,17.4,,2.7,0.192,Garry Clark
"('2025-26',)",7.4,28.0,2.5,13.0,4.4,mwc,2.6,13.6,74.0,1.1,0.529,175.0,0.446,78.0,0.217,38.0,0.789,30.0,33.0,26.0,,629.0,1.8,4.9,25.0,0.9,56.0,14.0,adlan-elamin-1,215.0,200.0,Forward,2.4,26.0,UTAH-STATE,0.514,90.0,0.322,29.0,9.4,99.0,0.557,11.5,25.0,85.0,0.576,49.0,17.5,,2.0,0.126,Adlan Elamin
"('2025-26',)",36.4,107.0,2.3,9.0,3.8,mwc,3.0,12.2,51.0,0.9,0.5,128.0,0.438,56.0,0.273,35.0,0.8,28.0,34.0,1.0,,483.0,0.8,0.8,3.0,0.6,47.0,15.1,elijah-perryman-1,156.0,196.0,Guard,3.1,26.0,UTAH-STATE,0.414,53.0,0.302,16.0,6.7,54.0,0.539,24.9,48.0,75.0,0.533,40.0,20.1,,1.5,0.122,Elijah Perryman
"('2025-26',)",5.9,17.0,0.5,2.0,-0.2,mwc,1.1,9.9,39.0,0.6,0.623,77.0,0.571,44.0,0.468,36.0,0.528,19.0,33.0,25.0,,455.0,-1.3,8.1,30.0,0.6,73.0,9.2,zach-keller-1,115.0,118.0,Forward,0.9,7.0,UTAH-STATE,0.208,16.0,0.5,8.0,9.0,69.0,0.611,18.2,21.0,61.0,0.59,36.0,12.8,,1.1,0.098,Zach Keller
"('2025-26',)",9.3,17.0,1.7,4.0,3.4,mwc,1.1,5.9,15.0,0.4,0.535,71.0,0.408,29.0,0.197,14.0,0.714,10.0,25.0,8.0,,293.0,2.4,6.3,15.0,0.6,27.0,12.6,tucker-anderson-1,86.0,87.0,Forward,1.4,7.0,UTAH-STATE,0.704,50.0,0.36,18.0,6.1,30.0,0.554,3.7,3.0,21.0,0.524,11.0,13.9,,1.0,0.135,Tucker Anderson
"('2025-26',)",10.3,3.0,0.0,0.0,1.7,mwc,0.8,9.3,4.0,0.1,0.474,19.0,0.368,7.0,0.105,2.0,1.0,2.0,12.0,0.0,,50.0,0.9,2.5,1.0,0.1,4.0,11.9,luke-kearney-1,20.0,18.0,Forward,2.3,2.0,UTAH-STATE,0.789,15.0,0.267,4.0,6.0,5.0,0.501,9.1,2.0,4.0,0.75,3.0,22.2,,0.1,0.1,Luke Kearney
"('2025-26',)",18.6,12.0,0.0,0.0,-4.5,mwc,2.1,7.2,6.0,0.2,0.31,21.0,0.238,5.0,0.19,4.0,0.5,2.0,17.0,0.0,,96.0,-6.6,6.4,5.0,-0.1,12.0,5.7,jordy-barnes-1,15.0,23.0,Guard,3.6,6.0,UTAH-STATE,0.619,13.0,0.231,3.0,6.8,11.0,0.328,20.8,6.0,8.0,0.25,2.0,15.2,,0.1,0.042,Jordy Barnes
"('2025-26',)",5.3,28.0,1.8,13.0,7.8,acc,0.5,11.3,93.0,0.8,0.601,308.0,0.435,134.0,0.351,108.0,0.824,89.0,33.0,31.0,,940.0,7.3,3.4,27.0,3.0,55.0,19.2,paul-mcneil-jr-1,459.0,394.0,Guard,1.3,21.0,NORTH-CAROLINA-STATE,0.773,238.0,0.429,102.0,7.4,120.0,0.639,3.8,14.0,70.0,0.457,32.0,20.0,,3.8,0.163,Paul McNeil Jr.
"('2025-26',)",42.3,219.0,0.7,5.0,7.8,acc,3.0,11.5,95.0,1.2,0.535,298.0,0.497,148.0,0.601,179.0,0.777,139.0,33.0,33.0,,946.0,4.8,2.5,20.0,2.9,100.0,22.3,quadir-copeland-1,458.0,541.0,Guard,3.5,57.0,NORTH-CAROLINA-STATE,0.195,58.0,0.397,23.0,7.0,115.0,0.598,19.5,93.0,240.0,0.521,125.0,25.4,,4.1,0.175,Quadir Copeland
"('2025-26',)",5.8,28.0,4.1,30.0,7.8,acc,0.9,17.2,140.0,1.0,0.681,259.0,0.676,175.0,0.548,142.0,0.739,105.0,33.0,33.0,,933.0,6.8,12.0,96.0,3.9,77.0,25.1,ven-allen-lubin-1,458.0,437.0,Forward,1.0,16.0,NORTH-CAROLINA-STATE,0.042,11.0,0.273,3.0,14.6,236.0,0.701,7.9,28.0,248.0,0.694,172.0,19.2,,4.9,0.21,Ven-Allen Lubin
"('2025-26',)",17.8,91.0,1.2,9.0,5.1,acc,1.2,14.2,118.0,1.0,0.51,383.0,0.413,158.0,0.167,64.0,0.766,49.0,32.0,32.0,,951.0,3.9,3.7,30.0,1.6,82.0,16.6,darrion-williams-1,440.0,431.0,Forward,2.1,35.0,NORTH-CAROLINA-STATE,0.488,187.0,0.401,75.0,9.0,148.0,0.532,10.4,48.0,196.0,0.423,83.0,24.5,,2.7,0.112,Darrion Williams
"('2025-26',)",8.0,32.0,1.8,10.0,4.5,acc,2.2,14.2,89.0,1.0,0.516,247.0,0.417,103.0,0.202,50.0,0.82,41.0,33.0,0.0,,715.0,2.3,4.1,25.0,0.9,65.0,15.8,matt-able-1,296.0,272.0,Guard,3.2,40.0,NORTH-CAROLINA-STATE,0.559,138.0,0.355,49.0,9.2,114.0,0.547,10.6,32.0,109.0,0.495,54.0,21.4,,1.9,0.107,Matt Able
"('2025-26',)",13.5,63.0,1.3,8.0,4.0,acc,1.7,7.2,50.0,0.7,0.545,212.0,0.425,90.0,0.325,69.0,0.812,56.0,31.0,26.0,,793.0,2.2,1.0,7.0,1.3,59.0,13.3,tre-holloman-1,287.0,274.0,Guard,2.0,28.0,NORTH-CAROLINA-STATE,0.59,125.0,0.408,51.0,4.2,57.0,0.586,12.8,36.0,87.0,0.448,39.0,17.9,,1.9,0.098,Tre Holloman
"('2025-26',)",4.9,14.0,3.0,11.0,4.7,acc,3.0,14.7,60.0,0.7,0.49,99.0,0.414,41.0,0.222,22.0,0.773,17.0,29.0,0.0,,468.0,1.7,4.7,19.0,0.4,24.0,12.9,terrance-arceneaux-1,114.0,114.0,Guard,3.2,26.0,NORTH-CAROLINA-STATE,0.465,46.0,0.326,15.0,9.8,79.0,0.521,9.1,11.0,53.0,0.491,26.0,13.0,,1.1,0.094,Terrance Arceneaux
"('2025-26',)",14.3,27.0,0.4,1.0,3.0,acc,3.2,12.8,35.0,0.4,0.473,74.0,0.405,30.0,0.378,28.0,0.893,25.0,21.0,7.0,,312.0,-0.2,1.9,5.0,0.5,41.0,12.9,alyn-breed-1,95.0,99.0,Guard,2.6,14.0,NORTH-CAROLINA-STATE,0.392,29.0,0.345,10.0,7.4,40.0,0.544,9.3,9.0,45.0,0.444,20.0,15.6,,0.9,0.113,Alyn Breed
"('2025-26',)",3.1,8.0,4.6,15.0,3.1,acc,3.0,14.1,51.0,0.6,0.605,57.0,0.596,34.0,0.386,22.0,0.455,10.0,33.0,1.0,,412.0,0.1,12.2,43.0,0.5,55.0,12.8,musa-sagnia-1,79.0,97.0,Forward,2.8,20.0,NORTH-CAROLINA-STATE,0.07,4.0,0.25,1.0,13.2,94.0,0.586,19.2,16.0,53.0,0.623,33.0,10.2,,1.1,0.105,Musa Sagnia
"('2025-26',)",5.5,3.0,1.3,1.0,-0.9,acc,-0.5,14.9,13.0,0.1,0.467,46.0,0.348,16.0,0.152,7.0,0.857,6.0,8.0,0.0,,100.0,-0.4,4.7,4.0,0.1,8.0,15.8,jerry-deng-1,49.0,44.0,Forward,2.9,5.0,NORTH-CAROLINA-STATE,0.739,34.0,0.324,11.0,9.8,17.0,0.497,5.7,3.0,12.0,0.417,5.0,26.4,,0.2,0.097,Jerry Deng
"('2025-26',)",0.0,0.0,14.8,8.0,-4.9,acc,4.0,9.9,6.0,0.1,0.889,9.0,0.889,8.0,1.444,13.0,0.231,3.0,16.0,1.0,,69.0,-8.9,16.9,10.0,0.0,29.0,12.8,scottie-ebube-1,19.0,20.0,Center,3.3,4.0,NORTH-CAROLINA-STATE,0.0,0.0,,0.0,13.4,16.0,0.626,28.3,6.0,9.0,0.889,8.0,15.5,,0.2,0.095,Scottie Ebube
"('2025-26',)",17.6,2.0,0.0,0.0,-6.6,acc,-2.0,12.0,2.0,0.0,0.375,8.0,0.25,2.0,0.0,0.0,,0.0,8.0,1.0,,19.0,-4.6,0.0,0.0,0.0,2.0,5.9,jordan-snell-1,6.0,6.0,Guard,0.0,0.0,NORTH-CAROLINA-STATE,0.875,7.0,0.286,2.0,6.1,2.0,0.375,0.0,0.0,1.0,0.0,0.0,21.2,,0.0,0.028,Jordan Snell
"('2025-26',)",0.0,0.0,0.0,0.0,-21.9,acc,-7.5,0.0,0.0,0.0,0.0,6.0,0.0,0.0,0.333,2.0,1.0,2.0,6.0,0.0,,18.0,-14.4,6.5,1.0,-0.1,1.0,-10.2,colt-langdon-1,2.0,3.0,Forward,0.0,0.0,NORTH-CAROLINA-STATE,0.667,4.0,0.0,0.0,3.2,1.0,0.144,12.6,1.0,2.0,0.0,0.0,22.3,,-0.1,-0.196,Colt Langdon
"('2025-26',)",2.9,18.0,1.1,10.0,0.7,mac,-1.0,12.0,108.0,1.4,0.605,276.0,0.489,135.0,0.558,154.0,0.786,121.0,32.0,31.0,,974.0,1.8,3.1,23.0,2.7,58.0,17.2,brant-byers-1,455.0,397.0,Forward,1.1,19.0,MIAMI-OH,0.583,161.0,0.398,64.0,7.9,131.0,0.652,7.9,30.0,115.0,0.617,71.0,19.4,,4.0,0.166,Brant Byers
"('2025-26',)",22.0,125.0,1.4,13.0,3.3,mac,1.0,11.5,102.0,1.6,0.613,305.0,0.554,169.0,0.357,109.0,0.725,79.0,31.0,31.0,,957.0,2.3,5.7,42.0,3.1,86.0,21.3,peter-suder-1,453.0,490.0,Guard,2.5,43.0,MIAMI-OH,0.275,84.0,0.429,36.0,8.9,144.0,0.635,14.2,59.0,221.0,0.602,133.0,21.7,,4.7,0.198,Peter Suder
"('2025-26',)",6.0,37.0,2.5,23.0,2.7,mac,0.8,18.0,163.0,1.9,0.625,264.0,0.5,132.0,0.367,97.0,0.763,74.0,32.0,32.0,,976.0,1.9,3.8,29.0,2.3,73.0,18.1,eian-elmer-1,404.0,369.0,Forward,2.2,39.0,MIAMI-OH,0.576,152.0,0.434,66.0,11.6,192.0,0.651,11.2,39.0,112.0,0.589,66.0,17.9,,4.1,0.169,Eian Elmer
"('2025-26',)",8.9,32.0,1.4,8.0,-0.9,mac,-1.6,12.6,70.0,0.8,0.585,223.0,0.457,102.0,0.341,76.0,0.803,61.0,32.0,1.0,,598.0,0.7,1.7,8.0,1.6,74.0,17.3,almar-atlason-1,322.0,285.0,Forward,0.6,6.0,MIAMI-OH,0.691,154.0,0.37,57.0,7.7,78.0,0.621,8.8,25.0,69.0,0.652,45.0,23.7,,2.4,0.163,Almar Atlason
"('2025-26',)",11.2,48.0,3.3,23.0,3.5,mac,2.2,18.9,127.0,1.6,0.667,203.0,0.64,130.0,0.409,83.0,0.566,47.0,31.0,31.0,,725.0,1.3,7.5,42.0,1.7,70.0,21.3,antwone-woolfolk-1,318.0,315.0,Forward,3.3,43.0,MIAMI-OH,0.158,32.0,0.344,11.0,13.7,169.0,0.656,16.8,49.0,171.0,0.696,119.0,20.1,,3.3,0.181,Antwone Woolfolk
"('2025-26',)",26.6,142.0,0.9,7.0,1.0,mac,0.4,9.9,77.0,1.4,0.544,239.0,0.464,111.0,0.255,61.0,0.787,48.0,30.0,19.0,,838.0,0.6,2.2,14.0,1.8,46.0,16.9,luke-skaljac-1,308.0,365.0,Guard,2.7,41.0,MIAMI-OH,0.46,110.0,0.345,38.0,6.4,91.0,0.575,16.8,54.0,129.0,0.566,73.0,19.2,,3.2,0.153,Luke Skaljac
"('2025-26',)",16.7,40.0,0.3,1.0,-1.6,mac,-0.9,9.6,35.0,0.6,0.619,118.0,0.542,64.0,0.398,47.0,0.745,35.0,30.0,1.0,,395.0,-0.7,3.3,10.0,1.2,33.0,18.3,trey-perry-1,181.0,181.0,Guard,1.7,12.0,MIAMI-OH,0.39,46.0,0.391,18.0,6.7,45.0,0.645,12.5,20.0,72.0,0.639,46.0,20.3,,1.7,0.173,Trey Perry
"('2025-26',)",19.3,39.0,0.0,0.0,3.6,mac,0.3,7.4,23.0,0.5,0.638,98.0,0.571,56.0,0.52,51.0,0.824,42.0,12.0,12.0,,335.0,3.4,2.3,6.0,1.3,16.0,22.4,evan-ipsaro-1,167.0,167.0,Guard,2.7,16.0,MIAMI-OH,0.337,33.0,0.394,13.0,5.1,29.0,0.683,10.9,15.0,65.0,0.662,43.0,20.5,,1.8,0.215,Evan Ipsaro
"('2025-26',)",5.3,11.0,1.0,3.0,2.1,mac,-0.2,14.9,44.0,0.5,0.653,72.0,0.542,39.0,0.458,33.0,0.818,27.0,19.0,1.0,,319.0,2.3,7.7,19.0,0.9,24.0,17.5,justin-kirby-1,121.0,119.0,Guard,1.4,8.0,MIAMI-OH,0.514,37.0,0.432,16.0,11.6,63.0,0.69,10.2,10.0,35.0,0.657,23.0,15.3,,1.4,0.18,Justin Kirby
"('2025-26',)",7.9,7.0,11.2,17.0,-3.6,mac,0.4,21.9,32.0,0.4,0.614,57.0,0.579,33.0,0.333,19.0,0.684,13.0,27.0,0.0,,158.0,-4.0,14.8,18.0,0.5,22.0,25.7,tyler-robbins-1,83.0,84.0,Forward,1.1,3.0,MIAMI-OH,0.263,15.0,0.267,4.0,18.6,50.0,0.629,13.2,10.0,42.0,0.69,29.0,24.0,,0.8,0.215,Tyler Robbins
"('2025-26',)",12.6,12.0,0.7,1.0,-2.4,mac,0.0,16.1,23.0,0.2,0.671,41.0,0.561,23.0,0.293,12.0,0.667,8.0,21.0,0.0,,154.0,-2.3,3.4,4.0,0.4,8.0,18.6,kyle-waltz-1,63.0,61.0,Forward,1.4,4.0,MIAMI-OH,0.585,24.0,0.375,9.0,10.3,27.0,0.675,9.7,5.0,17.0,0.824,14.0,16.8,,0.7,0.18,Kyle Waltz
"('2025-26',)",24.0,2.0,0.0,0.0,24.4,mac,13.9,13.5,2.0,0.0,1.125,4.0,1.0,4.0,0.5,2.0,1.0,2.0,6.0,0.0,,16.0,10.4,8.1,1.0,0.1,1.0,39.0,brady-ganley-1,11.0,10.0,Guard,3.5,1.0,MIAMI-OH,0.25,1.0,1.0,1.0,11.0,3.0,1.111,16.8,1.0,3.0,1.0,3.0,18.6,,0.2,0.38,Brady Ganley
"('2025-26',)",0.0,0.0,0.0,0.0,10.9,mac,0.9,39.3,4.0,0.0,0.333,3.0,0.333,1.0,2.0,6.0,0.833,5.0,5.0,0.0,,11.0,10.1,0.0,0.0,0.1,1.0,29.9,ethan-wright-2,7.0,6.0,Guard,5.0,1.0,MIAMI-OH,0.0,0.0,,0.0,21.4,4.0,0.598,0.0,0.0,3.0,0.333,1.0,26.6,,0.1,0.307,Ethan Wright
"('2025-26',)",9.4,2.0,0.0,0.0,17.3,mac,6.6,26.1,7.0,0.1,0.25,4.0,0.25,1.0,1.5,6.0,0.667,4.0,5.0,0.0,,29.0,10.8,4.5,1.0,0.0,1.0,9.2,jackson-kotecki-1,6.0,8.0,Forward,1.9,1.0,MIAMI-OH,0.5,2.0,0.0,0.0,16.2,8.0,0.438,22.6,2.0,2.0,0.5,1.0,15.2,,0.1,0.07,Jackson Kotecki
"('2025-26',)",10.2,1.0,7.5,1.0,-32.1,mac,-7.0,0.0,0.0,0.0,0.75,2.0,0.5,1.0,0.0,0.0,,0.0,2.0,1.0,,14.0,-25.1,0.0,0.0,0.0,2.0,14.3,eli-yofan-1,3.0,3.0,Guard,4.0,1.0,MIAMI-OH,1.0,2.0,0.5,1.0,0.0,0.0,0.75,0.0,0.0,0.0,,0.0,7.1,,0.1,0.168,Eli Yofan
"('2025-26',)",30.9,206.0,0.2,2.0,8.1,acc,2.0,10.3,107.0,1.1,0.547,413.0,0.47,194.0,0.45,186.0,0.871,162.0,32.0,32.0,,1127.0,6.1,1.8,17.0,4.2,80.0,22.5,kevin-miller-3,614.0,642.0,Guard,2.4,48.0,SOUTHERN-METHODIST,0.378,156.0,0.41,64.0,6.2,124.0,0.612,14.4,84.0,257.0,0.506,130.0,25.2,,5.3,0.189,Kevin Miller
"('2025-26',)",10.8,67.0,1.7,15.0,5.1,acc,1.0,13.7,138.0,1.1,0.545,465.0,0.46,214.0,0.211,98.0,0.755,74.0,33.0,31.0,,1090.0,4.2,2.7,25.0,2.2,61.0,17.8,jaron-pierrejr-1,581.0,511.0,Guard,1.6,30.0,SOUTHERN-METHODIST,0.449,209.0,0.378,79.0,8.4,163.0,0.568,10.8,62.0,256.0,0.527,135.0,25.5,,3.4,0.123,Jaron Pierre Jr.
"('2025-26',)",4.7,27.0,2.2,16.0,4.8,acc,1.7,11.8,99.0,1.0,0.574,250.0,0.484,121.0,0.448,112.0,0.768,86.0,33.0,33.0,,908.0,3.1,8.1,63.0,2.3,100.0,17.0,corey-washington-1,373.0,349.0,Forward,1.9,31.0,SOUTHERN-METHODIST,0.452,113.0,0.398,45.0,10.0,162.0,0.615,10.1,34.0,137.0,0.555,76.0,18.0,,3.3,0.145,Corey Washington
"('2025-26',)",23.8,138.0,0.7,5.0,8.4,acc,4.2,15.2,130.0,1.4,0.551,274.0,0.474,130.0,0.255,70.0,0.771,54.0,28.0,28.0,,929.0,4.2,4.4,35.0,2.2,46.0,20.1,bj-edwards-2,356.0,390.0,Guard,4.0,65.0,SOUTHERN-METHODIST,0.412,113.0,0.372,42.0,10.0,165.0,0.579,14.9,54.0,161.0,0.547,88.0,18.8,,3.7,0.158,B.J. Edwards
"('2025-26',)",9.2,53.0,5.6,43.0,3.9,acc,1.7,16.1,142.0,1.1,0.624,242.0,0.624,151.0,0.442,107.0,0.495,53.0,33.0,33.0,,954.0,2.2,14.5,119.0,2.0,106.0,18.7,samet-yigitoglu-1,355.0,379.0,Center,1.0,17.0,SOUTHERN-METHODIST,0.004,1.0,0.0,0.0,15.4,261.0,0.606,16.8,59.0,241.0,0.627,151.0,17.9,,3.1,0.131,Samet Yigitoglu
"('2025-26',)",10.1,30.0,4.2,17.0,6.0,acc,2.6,16.4,76.0,0.6,0.572,159.0,0.553,88.0,0.214,34.0,0.618,21.0,26.0,4.0,,504.0,3.3,8.3,36.0,1.1,49.0,18.3,jaden-toombs-1,203.0,196.0,Center,1.5,13.0,SOUTHERN-METHODIST,0.164,26.0,0.231,6.0,12.5,112.0,0.58,10.2,20.0,133.0,0.617,82.0,18.8,,1.7,0.135,Jaden Toombs
"('2025-26',)",4.0,13.0,2.7,11.0,2.6,acc,1.7,10.6,49.0,0.5,0.522,135.0,0.437,59.0,0.089,12.0,0.917,11.0,33.0,2.0,,503.0,0.9,4.6,20.0,0.5,33.0,11.6,jermaine-oneal-jr-1,152.0,138.0,Forward,1.8,16.0,SOUTHERN-METHODIST,0.452,61.0,0.377,23.0,7.7,69.0,0.54,10.2,16.0,74.0,0.486,36.0,15.1,,1.0,0.083,Jermaine O'Neal Jr.
"('2025-26',)",5.2,7.0,1.2,2.0,-1.6,acc,-0.3,6.9,13.0,0.1,0.537,54.0,0.407,22.0,0.019,1.0,0.0,0.0,23.0,2.0,,205.0,-1.3,4.5,8.0,0.1,27.0,6.6,sam-walters-3,58.0,53.0,Forward,0.3,1.0,SOUTHERN-METHODIST,0.722,39.0,0.359,14.0,5.7,21.0,0.532,14.2,9.0,15.0,0.533,8.0,15.0,,0.2,0.046,Sam Walters
"('2025-26',)",4.7,4.0,3.6,4.0,2.1,acc,2.3,14.4,18.0,0.1,0.704,27.0,0.704,19.0,0.185,5.0,1.0,5.0,25.0,0.0,,136.0,-0.2,4.3,5.0,0.3,21.0,14.4,mitchell-holmes-1,43.0,37.0,Forward,0.8,2.0,SOUTHERN-METHODIST,0.0,0.0,,0.0,9.5,23.0,0.732,12.0,4.0,27.0,0.704,19.0,11.9,,0.4,0.127,Mitchell Holmes
"('2025-26',)",7.7,12.0,0.6,1.0,-0.2,acc,1.9,6.8,14.0,0.2,0.411,45.0,0.356,16.0,0.089,4.0,0.75,3.0,31.0,0.0,,224.0,-2.1,4.7,9.0,0.1,22.0,6.5,bj-davis-ray-1,40.0,45.0,Forward,2.3,9.0,SOUTHERN-METHODIST,0.511,23.0,0.217,5.0,5.8,23.0,0.426,13.0,7.0,22.0,0.5,11.0,11.7,,0.2,0.044,B.J. Davis-Ray
"('2025-26',)",0.0,0.0,3.5,1.0,-9.7,acc,-1.8,9.3,3.0,0.0,0.3,5.0,0.2,1.0,0.6,3.0,0.333,1.0,13.0,0.0,,35.0,-7.9,10.0,3.0,-0.1,6.0,-3.6,chance-puryear-1,4.0,5.0,Guard,0.0,0.0,SOUTHERN-METHODIST,0.6,3.0,0.333,1.0,9.6,6.0,0.311,38.4,4.0,2.0,0.0,0.0,14.4,,-0.1,-0.082,Chance Puryear
"('2025-26',)",0.0,0.0,0.0,0.0,-51.4,acc,-16.9,0.0,0.0,0.0,,0.0,,0.0,,2.0,0.0,0.0,2.0,0.0,,2.0,-34.6,0.0,0.0,0.0,0.0,-49.6,niccolo-kalischer-stork-1,0.0,0.0,Guard,0.0,0.0,SOUTHERN-METHODIST,,0.0,,0.0,0.0,0.0,0.0,51.3,1.0,0.0,,0.0,47.2,,0.0,-0.893,Niccolo Kalischer-Stork
"('2025-26',)",0.0,0.0,0.0,0.0,-4.0,acc,0.6,0.0,0.0,0.0,,0.0,,0.0,,0.0,,0.0,2.0,0.0,,3.0,-4.6,0.0,0.0,0.0,0.0,0.0,trey-utter-1,0.0,0.0,Guard,0.0,0.0,SOUTHERN-METHODIST,,0.0,,0.0,0.0,0.0,,,0.0,0.0,,0.0,0.0,,0.0,0.002,Trey Utter
"('2025-26',)",8.2,2.0,15.5,4.0,-1.6,acc,6.7,6.8,2.0,0.1,0.0,2.0,0.0,0.0,0.0,0.0,,0.0,9.0,0.0,,32.0,-8.3,0.0,0.0,-0.1,8.0,1.9,nigel-walls-1,0.0,1.0,Forward,3.5,2.0,SOUTHERN-METHODIST,0.5,1.0,0.0,0.0,3.5,2.0,0.0,50.0,2.0,1.0,0.0,0.0,6.1,,0.0,-0.008,Nigel Walls
"('2025-26',)",24.4,94.0,0.3,2.0,7.5,atlantic-10,0.5,10.3,74.0,1.0,0.575,315.0,0.463,146.0,0.416,131.0,0.855,112.0,33.0,2.0,,791.0,7.0,1.3,9.0,3.3,51.0,23.3,terrence-hill-jr-1,474.0,444.0,Guard,1.3,18.0,VIRGINIA-COMMONWEALTH,0.616,194.0,0.361,70.0,5.9,83.0,0.628,8.3,34.0,121.0,0.628,76.0,25.7,,4.3,0.219,Terrence Hill Jr.
"('2025-26',)",7.1,33.0,4.7,40.0,5.0,atlantic-10,1.3,14.0,113.0,1.4,0.557,256.0,0.516,132.0,0.781,200.0,0.775,155.0,32.0,31.0,,889.0,3.6,8.0,61.0,2.7,65.0,21.3,lazar-djokovic-1,440.0,418.0,Forward,1.2,18.0,VIRGINIA-COMMONWEALTH,0.23,59.0,0.356,21.0,11.0,174.0,0.627,12.5,50.0,197.0,0.563,111.0,22.3,,4.1,0.183,Lazar Djokovic
"('2025-26',)",15.9,60.0,1.8,13.0,2.0,atlantic-10,0.6,11.0,73.0,1.1,0.536,267.0,0.423,113.0,0.247,66.0,0.697,46.0,33.0,33.0,,730.0,1.4,3.7,23.0,0.9,73.0,14.5,jadrian-tracey-1,332.0,315.0,Forward,1.8,23.0,VIRGINIA-COMMONWEALTH,0.599,160.0,0.375,60.0,7.4,96.0,0.556,16.3,58.0,107.0,0.495,53.0,24.1,,2.0,0.109,Jadrian Tracey
"('2025-26',)",15.6,72.0,3.5,28.0,5.9,atlantic-10,4.6,11.7,87.0,1.7,0.505,197.0,0.447,88.0,0.558,110.0,0.855,94.0,33.0,32.0,,817.0,1.3,4.3,30.0,1.7,96.0,17.9,brandon-jennings-2,293.0,306.0,Guard,4.0,57.0,VIRGINIA-COMMONWEALTH,0.269,53.0,0.434,23.0,8.1,117.0,0.588,15.3,45.0,144.0,0.451,65.0,17.8,,3.3,0.163,Brandon Jennings
"('2025-26',)",12.5,54.0,0.1,1.0,3.9,atlantic-10,1.7,12.8,89.0,1.2,0.5,200.0,0.395,79.0,0.475,95.0,0.747,71.0,32.0,32.0,,763.0,2.2,7.4,49.0,1.6,55.0,16.0,nyk-lewis-1,271.0,286.0,Guard,2.7,36.0,VIRGINIA-COMMONWEALTH,0.6,120.0,0.35,42.0,10.2,138.0,0.553,11.5,32.0,80.0,0.463,37.0,18.0,,2.8,0.149,Nyk Lewis
"('2025-26',)",8.4,33.0,3.4,24.0,3.4,atlantic-10,2.0,17.6,117.0,1.3,0.602,177.0,0.554,98.0,0.333,59.0,0.492,29.0,33.0,0.0,,729.0,1.4,7.8,49.0,1.2,68.0,16.4,michael-belle-1,242.0,238.0,Forward,1.7,22.0,VIRGINIA-COMMONWEALTH,0.192,34.0,0.5,17.0,12.8,166.0,0.59,12.8,30.0,143.0,0.566,81.0,15.9,,2.5,0.139,Michael Belle
"('2025-26',)",14.7,71.0,2.0,17.0,3.4,atlantic-10,1.9,13.5,106.0,1.4,0.505,219.0,0.452,99.0,0.16,35.0,0.543,19.0,33.0,33.0,,865.0,1.5,7.9,59.0,1.1,54.0,13.9,barry-evans-1,240.0,273.0,Forward,2.1,31.0,VIRGINIA-COMMONWEALTH,0.324,71.0,0.324,23.0,10.8,165.0,0.509,13.9,38.0,148.0,0.514,76.0,15.6,,2.5,0.114,Barry Evans
"('2025-26',)",7.3,14.0,1.1,4.0,1.4,atlantic-10,0.7,12.1,40.0,0.5,0.544,113.0,0.469,53.0,0.478,54.0,0.667,36.0,28.0,0.0,,363.0,0.7,5.4,17.0,0.4,25.0,15.0,tyrell-ward-1,159.0,146.0,Forward,2.1,13.0,VIRGINIA-COMMONWEALTH,0.478,54.0,0.315,17.0,8.9,57.0,0.573,16.3,27.0,59.0,0.61,36.0,22.6,,1.0,0.109,Tyrell Ward
"('2025-26',)",10.9,17.0,0.7,2.0,2.9,atlantic-10,2.0,10.3,27.0,0.5,0.588,85.0,0.447,38.0,0.424,36.0,0.75,27.0,27.0,0.0,,289.0,0.9,2.4,6.0,0.7,38.0,16.3,ahmad-nowell-1,127.0,114.0,Guard,2.8,14.0,VIRGINIA-COMMONWEALTH,0.682,58.0,0.414,24.0,6.4,33.0,0.622,12.1,14.0,27.0,0.519,14.0,19.9,,1.1,0.157,Ahmad Nowell
"('2025-26',)",8.2,10.0,2.5,5.0,-1.7,atlantic-10,0.4,20.5,39.0,0.4,0.457,47.0,0.404,19.0,0.681,32.0,0.656,21.0,19.0,2.0,,209.0,-2.2,6.1,11.0,0.2,24.0,12.6,keyshawn-mitchell-1,64.0,66.0,Forward,1.1,4.0,VIRGINIA-COMMONWEALTH,0.511,24.0,0.208,5.0,13.5,50.0,0.514,12.6,9.0,23.0,0.609,14.0,16.8,,0.6,0.115,Keyshawn Mitchell
"('2025-26',)",17.1,6.0,2.6,2.0,6.9,atlantic-10,2.5,15.3,11.0,0.2,0.645,31.0,0.581,18.0,0.452,14.0,0.714,10.0,11.0,0.0,,79.0,4.3,8.8,6.0,0.4,11.0,29.5,jordan-tillery-1,50.0,46.0,Guard,2.9,4.0,VIRGINIA-COMMONWEALTH,0.226,7.0,0.571,4.0,12.1,17.0,0.664,7.4,3.0,24.0,0.583,14.0,25.4,,0.5,0.264,Jordan Tillery
"('2025-26',)",0.0,0.0,0.0,0.0,-10.9,atlantic-10,-2.6,5.0,1.0,0.0,0.333,9.0,0.333,3.0,0.222,2.0,1.0,2.0,8.0,0.0,,22.0,-8.3,0.0,0.0,0.0,2.0,7.5,jordann-dumont-1,8.0,7.0,Forward,2.6,1.0,VIRGINIA-COMMONWEALTH,0.667,6.0,0.0,0.0,2.6,1.0,0.402,0.0,0.0,3.0,1.0,3.0,22.4,,0.0,0.048,Jordann Dumont
"('2025-26',)",8.6,3.0,11.9,6.0,0.7,atlantic-10,3.5,8.5,4.0,0.1,0.0,1.0,0.0,0.0,10.0,10.0,0.3,3.0,4.0,0.0,,52.0,-2.8,13.4,6.0,0.0,8.0,10.7,christian-fermin-1,3.0,8.0,Center,1.1,1.0,VIRGINIA-COMMONWEALTH,0.0,0.0,,0.0,10.8,10.0,0.261,0.0,0.0,1.0,0.0,0.0,5.5,,0.1,0.105,Christian Fermin
"('2025-26',)",10.8,55.0,1.7,13.0,4.8,big-south,0.1,15.4,124.0,2.0,0.592,321.0,0.564,181.0,0.679,218.0,0.757,165.0,34.0,30.0,,913.0,4.7,10.1,80.0,3.7,80.0,26.4,terry-anderson-2,545.0,526.0,Forward,2.9,48.0,HIGH-POINT,0.19,61.0,0.295,18.0,12.7,204.0,0.642,10.9,52.0,260.0,0.627,163.0,25.0,,5.7,0.251,Terry Anderson
"('2025-26',)",23.6,121.0,0.1,1.0,2.1,big-south,-0.1,6.4,50.0,1.7,0.478,367.0,0.422,155.0,0.504,185.0,0.838,155.0,33.0,33.0,,885.0,2.1,1.7,13.0,2.7,69.0,20.9,rob-martin-1,506.0,506.0,Guard,3.3,52.0,HIGH-POINT,0.376,138.0,0.297,41.0,4.1,63.0,0.556,10.1,51.0,229.0,0.498,114.0,27.4,,4.4,0.2,Rob Martin
"('2025-26',)",14.8,82.0,7.8,58.0,3.8,big-south,2.5,16.6,130.0,2.2,0.591,209.0,0.555,116.0,0.545,114.0,0.64,73.0,34.0,34.0,,886.0,1.4,9.0,69.0,1.8,89.0,19.5,owen-aquino-1,320.0,355.0,Forward,2.5,40.0,HIGH-POINT,0.158,33.0,0.455,15.0,12.8,199.0,0.608,19.1,62.0,176.0,0.574,101.0,17.6,,4.0,0.179,Owen Aquino
"('2025-26',)",7.9,22.0,3.6,16.0,3.6,big-south,-0.3,27.5,129.0,1.5,0.611,221.0,0.548,121.0,0.29,64.0,0.734,47.0,25.0,11.0,,531.0,3.9,9.5,44.0,1.8,41.0,27.8,camron-fletcher-1,317.0,284.0,Forward,3.1,30.0,HIGH-POINT,0.348,77.0,0.364,28.0,18.6,173.0,0.63,9.4,26.0,144.0,0.646,93.0,25.1,,3.3,0.249,Cam'Ron Fletcher
"('2025-26',)",24.2,116.0,0.2,1.0,1.9,big-south,0.7,6.4,43.0,1.5,0.551,217.0,0.461,100.0,0.415,90.0,0.844,76.0,34.0,1.0,,767.0,1.2,1.0,7.0,2.1,47.0,18.6,conrad-martinez-1,315.0,332.0,Guard,3.6,50.0,HIGH-POINT,0.53,115.0,0.339,39.0,3.7,50.0,0.606,13.3,40.0,102.0,0.598,61.0,18.8,,3.6,0.19,Conrad Martinez
"('2025-26',)",7.7,31.0,1.5,8.0,2.8,big-south,0.5,14.0,81.0,1.4,0.579,196.0,0.48,94.0,0.449,88.0,0.773,68.0,34.0,27.0,,656.0,2.3,2.8,16.0,1.9,55.0,18.8,scotty-washington-1,295.0,263.0,Guard,2.6,31.0,HIGH-POINT,0.52,102.0,0.382,39.0,8.4,97.0,0.62,6.3,16.0,94.0,0.585,55.0,18.6,,3.2,0.198,Scotty Washington
"('2025-26',)",9.4,42.0,0.9,5.0,1.9,big-south,0.1,12.0,74.0,1.4,0.546,194.0,0.407,79.0,0.124,24.0,0.792,19.0,34.0,23.0,,698.0,1.8,4.6,28.0,1.4,41.0,14.9,braden-hausen-1,231.0,225.0,Forward,2.8,35.0,HIGH-POINT,0.778,151.0,0.358,54.0,8.3,102.0,0.562,6.8,15.0,43.0,0.581,25.0,15.2,,2.8,0.16,Braden Hausen
"('2025-26',)",6.2,15.0,0.3,1.0,4.5,big-south,0.6,4.8,17.0,0.7,0.706,136.0,0.471,64.0,0.029,4.0,1.0,4.0,32.0,11.0,,405.0,3.9,2.0,7.0,1.3,43.0,18.8,chase-johnston-1,196.0,154.0,Guard,3.0,22.0,HIGH-POINT,0.971,132.0,0.485,64.0,3.4,24.0,0.711,4.2,6.0,4.0,0.0,0.0,17.1,,2.1,0.205,Chase Johnston
"('2025-26',)",15.3,40.0,0.9,3.0,-2.9,big-south,0.5,9.0,32.0,0.8,0.446,112.0,0.375,42.0,0.321,36.0,0.806,29.0,24.0,0.0,,402.0,-3.4,4.0,14.0,0.6,53.0,13.1,vincent-brady-ii-1,129.0,141.0,Guard,3.5,25.0,HIGH-POINT,0.58,65.0,0.246,16.0,6.5,46.0,0.5,10.4,15.0,47.0,0.553,26.0,17.2,,1.5,0.144,Vincent Brady II
"('2025-26',)",8.4,9.0,9.8,15.0,-1.2,big-south,0.2,18.5,30.0,0.4,0.744,43.0,0.744,32.0,0.651,28.0,0.286,8.0,26.0,0.0,,184.0,-1.4,15.0,24.0,0.5,32.0,21.3,caden-miller-1,72.0,75.0,Forward,0.3,1.0,HIGH-POINT,0.0,0.0,,0.0,16.7,54.0,0.639,9.6,6.0,43.0,0.744,32.0,16.2,,0.9,0.203,Caden Miller
"('2025-26',)",6.5,4.0,4.6,4.0,0.3,big-south,-1.6,22.9,21.0,0.2,0.63,27.0,0.63,17.0,0.593,16.0,0.688,11.0,16.0,0.0,,104.0,1.8,12.2,11.0,0.4,12.0,24.7,josh-ibukunoluwa-1,45.0,45.0,Forward,1.6,3.0,HIGH-POINT,0.0,0.0,,0.0,17.6,32.0,0.65,0.0,0.0,27.0,0.63,17.0,16.0,,0.7,0.262,Josh Ibukunoluwa
"('2025-26',)",2.5,4.0,2.6,5.0,-6.2,big-south,0.0,17.8,37.0,0.6,0.682,22.0,0.682,15.0,0.909,20.0,0.55,11.0,30.0,0.0,,235.0,-6.2,11.7,24.0,0.2,52.0,10.3,youssouf-singare-1,41.0,52.0,Center,2.6,11.0,HIGH-POINT,0.0,0.0,,0.0,14.8,61.0,0.651,27.6,12.0,22.0,0.682,15.0,8.9,,0.8,0.137,Youssouf Singare
"('2025-26',)",12.4,10.0,0.0,0.0,-1.5,big-south,4.0,8.0,9.0,0.3,0.727,22.0,0.727,16.0,0.727,16.0,0.438,7.0,17.0,0.0,,128.0,-5.5,2.7,3.0,0.2,16.0,17.5,babacar-diallo-1,39.0,38.0,Forward,7.0,16.0,HIGH-POINT,0.091,2.0,0.0,0.0,5.3,12.0,0.659,16.9,6.0,20.0,0.8,16.0,13.3,,0.6,0.173,Babacar Diallo
"('2025-26',)",7.9,2.0,0.0,0.0,-8.2,big-south,3.7,6.3,2.0,0.1,0.2,10.0,0.2,2.0,0.1,1.0,1.0,1.0,11.0,0.0,,36.0,-11.9,3.2,1.0,0.0,2.0,8.2,david-fonville-1,5.0,6.0,Guard,7.7,5.0,HIGH-POINT,0.3,3.0,0.0,0.0,4.8,3.0,0.239,0.0,0.0,7.0,0.286,2.0,14.0,,0.1,0.069,David Fonville
"('2025-26',)",7.0,1.0,0.0,0.0,-38.9,big-south,-13.9,6.0,1.0,0.0,0.0,7.0,0.0,0.0,1.0,7.0,0.429,3.0,10.0,0.0,,19.0,-25.0,0.0,0.0,-0.1,2.0,-13.6,birgir-irving-1,3.0,3.0,Forward,2.9,1.0,HIGH-POINT,0.571,4.0,0.0,0.0,3.0,1.0,0.145,16.2,2.0,3.0,0.0,0.0,31.1,,-0.1,-0.234,Birgir Irving
"('2025-26',)",9.0,47.0,0.8,7.0,-2.6,america-east,-1.2,10.6,95.0,1.8,0.481,347.0,0.415,144.0,0.334,116.0,0.828,96.0,31.0,31.0,,995.0,-1.4,1.3,10.0,1.3,45.0,14.8,jahlikai-king-1,430.0,397.0,Guard,1.6,27.0,MARYLAND-BALTIMORE-COUNTY,0.415,144.0,0.319,46.0,6.2,105.0,0.535,9.5,42.0,203.0,0.483,98.0,23.8,,3.1,0.126,Jah'Likai King
"('2025-26',)",11.9,66.0,1.0,10.0,2.3,america-east,-0.2,9.1,85.0,1.8,0.613,293.0,0.464,136.0,0.235,69.0,0.928,64.0,32.0,32.0,,1033.0,2.4,0.7,6.0,2.7,46.0,17.2,dj-armstrong-1,423.0,386.0,Forward,1.4,25.0,MARYLAND-BALTIMORE-COUNTY,0.706,207.0,0.42,87.0,5.2,91.0,0.649,9.5,34.0,86.0,0.57,49.0,18.6,,4.5,0.176,DJ Armstrong
"('2025-26',)",23.0,124.0,0.1,1.0,0.1,america-east,-0.3,13.6,124.0,1.9,0.584,263.0,0.506,133.0,0.316,83.0,0.771,64.0,31.0,31.0,,1007.0,0.5,0.5,4.0,2.5,36.0,17.7,anthony-valentine-2,371.0,386.0,Guard,1.5,25.0,MARYLAND-BALTIMORE-COUNTY,0.414,109.0,0.376,41.0,7.5,128.0,0.613,12.2,42.0,154.0,0.597,92.0,18.2,,4.4,0.174,Ace Valentine
"('2025-26',)",8.0,28.0,1.8,12.0,-0.8,america-east,-0.3,14.5,92.0,1.4,0.533,242.0,0.479,116.0,0.252,61.0,0.77,47.0,31.0,2.0,,701.0,-0.5,3.6,20.0,0.9,47.0,16.3,caden-diggs-1,305.0,280.0,Forward,1.5,18.0,MARYLAND-BALTIMORE-COUNTY,0.293,71.0,0.366,26.0,9.4,112.0,0.563,12.3,38.0,171.0,0.526,90.0,23.5,,2.3,0.133,Caden Diggs
"('2025-26',)",7.6,27.0,1.8,11.0,-2.8,america-east,-1.2,15.7,95.0,1.3,0.535,170.0,0.535,91.0,0.547,93.0,0.731,68.0,29.0,27.0,,670.0,-1.6,10.7,57.0,1.5,65.0,17.2,josh-odunowo-1,250.0,266.0,Forward,0.7,8.0,MARYLAND-BALTIMORE-COUNTY,0.0,0.0,,0.0,13.3,152.0,0.584,12.3,30.0,170.0,0.535,91.0,19.4,,2.8,0.167,Josh Odunowo
"('2025-26',)",7.2,23.0,3.1,17.0,0.6,america-east,0.5,24.9,133.0,1.5,0.553,161.0,0.478,77.0,0.217,35.0,0.686,24.0,31.0,16.0,,592.0,0.1,9.5,45.0,1.0,64.0,17.9,jose-roberto-tanchyn-1,202.0,210.0,Forward,1.8,18.0,MARYLAND-BALTIMORE-COUNTY,0.422,68.0,0.353,24.0,17.7,178.0,0.569,11.9,24.0,93.0,0.57,53.0,18.2,,2.5,0.172,Jose Roberto Tanchyn
"('2025-26',)",7.3,20.0,4.0,18.0,-3.8,america-east,-0.5,17.3,76.0,1.1,0.486,105.0,0.486,51.0,0.552,58.0,0.552,32.0,31.0,16.0,,485.0,-3.3,11.1,43.0,0.4,39.0,14.1,riley-jacobs-1,134.0,156.0,Forward,1.5,12.0,MARYLAND-BALTIMORE-COUNTY,0.114,12.0,0.0,0.0,14.4,119.0,0.505,16.9,27.0,93.0,0.548,51.0,17.5,,1.5,0.121,Riley Jacobs
"('2025-26',)",17.4,27.0,2.2,6.0,-0.2,america-east,-0.1,20.8,55.0,0.6,0.594,69.0,0.58,40.0,0.681,47.0,0.745,35.0,21.0,4.0,,292.0,-0.1,6.5,15.0,0.7,25.0,19.9,daylon-dickerson-1,117.0,125.0,Forward,1.0,5.0,MARYLAND-BALTIMORE-COUNTY,0.116,8.0,0.25,2.0,14.1,70.0,0.641,18.0,20.0,61.0,0.623,38.0,20.3,,1.4,0.188,Daylon Dickerson
"('2025-26',)",8.5,18.0,0.0,0.0,-4.8,america-east,-1.3,6.8,23.0,0.6,0.538,92.0,0.391,36.0,0.163,15.0,0.867,13.0,30.0,0.0,,372.0,-3.6,1.0,3.0,0.5,31.0,10.3,cougar-downing-1,112.0,104.0,Guard,1.1,7.0,MARYLAND-BALTIMORE-COUNTY,0.793,73.0,0.37,27.0,4.1,26.0,0.565,7.5,8.0,19.0,0.474,9.0,15.4,,1.1,0.121,Cougar Downing
"('2025-26',)",4.7,4.0,0.0,0.0,-2.8,america-east,1.6,23.0,31.0,0.4,0.455,33.0,0.455,15.0,0.455,15.0,0.6,9.0,19.0,1.0,,149.0,-4.4,11.0,13.0,0.0,12.0,13.4,paul-greene-2,39.0,45.0,Forward,4.4,11.0,MARYLAND-BALTIMORE-COUNTY,0.0,0.0,,0.0,17.4,44.0,0.486,23.0,12.0,33.0,0.455,15.0,18.7,,0.4,0.102,Paul Greene
"('2025-26',)",4.3,2.0,0.0,0.0,-6.6,america-east,-1.5,14.2,11.0,0.2,0.458,24.0,0.458,11.0,0.333,8.0,0.625,5.0,15.0,0.0,,86.0,-5.1,7.3,5.0,0.0,6.0,12.5,tim-eze-1,27.0,27.0,Forward,3.5,5.0,MARYLAND-BALTIMORE-COUNTY,0.208,5.0,0.0,0.0,10.9,16.0,0.486,15.2,5.0,19.0,0.579,11.0,20.3,,0.2,0.093,Tim Eze
"('2025-26',)",9.7,1.0,0.0,0.0,-12.8,america-east,-6.3,14.4,3.0,0.0,0.542,12.0,0.417,5.0,0.0,0.0,,0.0,3.0,0.0,,23.0,-6.5,0.0,0.0,-0.1,1.0,5.3,devin-ceaser-1,13.0,11.0,Guard,0.0,0.0,MARYLAND-BALTIMORE-COUNTY,0.667,8.0,0.375,3.0,7.7,3.0,0.542,29.4,5.0,4.0,0.5,2.0,39.4,,0.0,-0.076,Devin Ceaser
"('2025-26',)",10.9,2.0,0.0,0.0,-9.0,america-east,-3.7,6.3,2.0,0.0,0.5,12.0,0.417,5.0,0.083,1.0,1.0,1.0,10.0,0.0,,35.0,-5.3,3.6,1.0,0.0,3.0,11.1,jake-stout-1,13.0,13.0,Guard,0.0,0.0,MARYLAND-BALTIMORE-COUNTY,0.667,8.0,0.25,2.0,5.0,3.0,0.521,7.4,1.0,4.0,0.75,3.0,20.5,,0.1,0.107,Jake Stout
"('2025-26',)",0.0,0.0,0.0,0.0,-13.0,america-east,-0.8,10.1,1.0,0.0,0.375,4.0,0.25,1.0,0.0,0.0,,0.0,6.0,0.0,,11.0,-12.2,0.0,0.0,0.0,4.0,-7.7,saahil-thakkar-1,3.0,2.0,Guard,0.0,0.0,MARYLAND-BALTIMORE-COUNTY,1.0,4.0,0.25,1.0,5.3,1.0,0.375,20.0,1.0,0.0,,0.0,24.2,,0.0,-0.069,Saahil Thakkar
"('2025-26',)",16.0,81.0,3.9,37.0,2.8,meac,0.6,15.5,143.0,2.5,0.538,370.0,0.484,179.0,0.576,213.0,0.779,166.0,33.0,33.0,,1057.0,2.1,9.6,84.0,3.0,81.0,22.3,bryce-harris-1,564.0,543.0,Guard,2.2,41.0,HOWARD,0.289,107.0,0.374,40.0,12.6,227.0,0.599,14.4,79.0,263.0,0.529,139.0,25.3,,5.4,0.206,Bryce Harris
"('2025-26',)",21.4,72.0,4.5,29.0,1.7,meac,1.8,18.2,113.0,1.8,0.495,282.0,0.454,128.0,0.433,122.0,0.803,98.0,22.0,21.0,,714.0,-0.1,5.9,35.0,1.4,72.0,20.4,cedric-taylor-iii-1,377.0,362.0,Guard,2.7,34.0,HOWARD,0.291,82.0,0.28,23.0,12.2,148.0,0.554,15.4,62.0,200.0,0.525,105.0,27.4,,3.2,0.179,Cedric Taylor III
"('2025-26',)",25.8,152.0,0.1,1.0,-0.7,meac,0.5,11.8,110.0,2.4,0.525,242.0,0.434,105.0,0.508,123.0,0.772,95.0,33.0,33.0,,1070.0,-1.2,3.6,32.0,1.7,57.0,15.3,cam-gillus-1,349.0,385.0,Guard,3.2,59.0,HOWARD,0.479,116.0,0.379,44.0,7.8,142.0,0.581,20.8,79.0,126.0,0.484,61.0,17.2,,4.1,0.153,Cam Gillus
"('2025-26',)",13.6,57.0,1.9,14.0,0.9,meac,1.3,8.9,65.0,1.9,0.593,221.0,0.566,125.0,0.602,133.0,0.624,83.0,33.0,30.0,,838.0,-0.4,8.5,59.0,2.0,102.0,18.7,ose-okojie-1,345.0,331.0,Guard,3.4,50.0,HOWARD,0.127,28.0,0.429,12.0,8.7,124.0,0.607,12.1,39.0,193.0,0.585,113.0,18.7,,3.9,0.186,Ose Okojie
"('2025-26',)",8.3,36.0,1.1,8.0,-2.1,meac,-0.3,10.3,71.0,1.6,0.513,231.0,0.364,84.0,0.152,35.0,0.657,23.0,30.0,22.0,,795.0,-1.7,3.0,20.0,0.9,61.0,11.0,alex-cotton-1,260.0,230.0,Guard,2.2,30.0,HOWARD,0.801,185.0,0.373,69.0,6.7,91.0,0.525,9.2,25.0,46.0,0.326,15.0,16.7,,2.5,0.127,Alex Cotton
"('2025-26',)",10.2,26.0,1.8,9.0,-1.7,meac,-0.9,15.5,74.0,1.2,0.5,215.0,0.465,100.0,0.228,49.0,0.816,40.0,29.0,10.0,,548.0,-0.8,5.7,26.0,0.9,36.0,16.7,travelle-bryson-1,255.0,225.0,Forward,1.7,16.0,HOWARD,0.307,66.0,0.227,15.0,10.7,100.0,0.535,8.8,23.0,149.0,0.57,85.0,23.2,,2.1,0.154,Travelle Bryson
"('2025-26',)",13.0,35.0,2.3,10.0,-5.5,meac,-0.6,12.0,51.0,0.9,0.485,98.0,0.48,47.0,0.398,39.0,0.795,31.0,32.0,14.0,,487.0,-4.9,7.9,32.0,0.3,57.0,9.9,danas-kazakevicius-1,126.0,138.0,Center,1.1,9.0,HOWARD,0.041,4.0,0.25,1.0,10.0,83.0,0.541,22.6,34.0,94.0,0.489,46.0,15.0,,1.3,0.103,Danas Kazakevicius
"('2025-26',)",24.1,47.0,0.0,0.0,-7.3,meac,-1.0,9.3,27.0,0.6,0.418,61.0,0.361,22.0,0.738,45.0,0.778,35.0,31.0,0.0,,334.0,-6.3,2.9,8.0,0.1,38.0,8.2,isaiah-brown-3,86.0,103.0,Guard,1.9,11.0,HOWARD,0.262,16.0,0.438,7.0,6.2,35.0,0.522,28.6,33.0,45.0,0.333,15.0,16.8,,0.7,0.086,Isaiah Brown
"('2025-26',)",3.1,3.0,3.7,6.0,-7.0,meac,-0.4,15.4,24.0,0.4,0.636,33.0,0.636,21.0,0.455,15.0,0.4,6.0,31.0,0.0,,179.0,-6.7,10.8,16.0,0.1,31.0,10.9,calvin-robins-1,48.0,45.0,,1.6,5.0,HOWARD,0.0,0.0,,0.0,13.1,40.0,0.598,23.0,12.0,33.0,0.636,21.0,14.2,,0.5,0.106,Calvin Robins
"('2025-26',)",6.7,9.0,2.4,5.0,-5.5,meac,0.2,16.6,33.0,0.5,0.453,32.0,0.438,14.0,0.781,25.0,0.68,17.0,24.0,2.0,,228.0,-5.7,7.4,14.0,0.2,35.0,9.0,eddie-hollandiii-1,46.0,51.0,Guard,1.3,5.0,HOWARD,0.125,4.0,0.25,1.0,12.1,47.0,0.524,17.0,9.0,28.0,0.464,13.0,11.3,,0.7,0.118,Eddie Holland III
"('2025-26',)",15.5,7.0,0.0,0.0,-8.0,meac,-1.5,6.5,5.0,0.2,0.481,27.0,0.444,12.0,0.481,13.0,0.538,7.0,21.0,0.0,,88.0,-6.5,0.0,0.0,0.0,14.0,7.7,bj-powell-1,33.0,30.0,Guard,1.9,3.0,HOWARD,0.185,5.0,0.4,2.0,3.3,5.0,0.497,15.3,6.0,22.0,0.455,10.0,21.6,,0.2,0.081,BJ Powell
"('2025-26',)",8.4,7.0,0.0,0.0,-1.5,meac,6.6,8.0,10.0,0.4,0.347,36.0,0.278,10.0,0.194,7.0,0.429,3.0,21.0,0.0,,144.0,-8.2,3.3,4.0,0.0,23.0,8.8,jeremiah-johnson-3,28.0,29.0,Guard,7.5,19.0,HOWARD,0.528,19.0,0.263,5.0,5.7,14.0,0.356,7.1,3.0,17.0,0.294,5.0,14.3,,0.4,0.107,Jeremiah Johnson
"('2025-26',)",3.6,1.0,4.1,2.0,-4.6,meac,1.4,12.8,6.0,0.1,0.5,14.0,0.5,7.0,0.571,8.0,0.5,4.0,14.0,0.0,,54.0,-6.0,8.9,4.0,0.0,9.0,10.2,julian-johnson-1,18.0,17.0,Forward,1.1,1.0,HOWARD,0.0,0.0,,0.0,10.9,10.0,0.506,14.4,3.0,14.0,0.5,7.0,18.7,,0.1,0.098,Julian Johnson
"('2025-26',)",7.9,1.0,0.0,0.0,-19.1,meac,-5.8,4.8,1.0,0.0,0.5,7.0,0.429,3.0,0.571,4.0,0.5,2.0,11.0,0.0,,24.0,-13.3,0.0,0.0,0.0,1.0,10.0,shane-frazier-1,9.0,8.0,Guard,2.4,1.0,HOWARD,0.429,3.0,0.333,1.0,2.4,1.0,0.506,10.1,1.0,4.0,0.5,2.0,20.1,,0.1,0.095,Shane Frazier
"('2025-26',)",0.0,0.0,0.0,0.0,-13.7,meac,-4.4,9.6,3.0,0.1,0.4,5.0,0.4,2.0,1.6,8.0,0.625,5.0,12.0,0.0,,36.0,-9.3,6.7,2.0,0.0,9.0,4.4,stefan-isailovic-1,9.0,9.0,Forward,1.6,1.0,HOWARD,0.4,2.0,0.0,0.0,8.2,5.0,0.511,18.5,2.0,3.0,0.667,2.0,14.6,,0.1,0.086,Stefan Isailovic
"('2025-26',)",7.2,1.0,0.0,0.0,-17.5,meac,-3.4,15.0,3.0,0.1,1.0,1.0,1.0,1.0,4.0,4.0,0.25,1.0,11.0,0.0,,23.0,-14.2,5.2,1.0,-0.1,6.0,-5.5,river-smith-1,3.0,3.0,Guard,2.5,1.0,HOWARD,0.0,0.0,,0.0,10.2,4.0,0.517,63.3,5.0,1.0,1.0,1.0,16.7,,-0.1,-0.094,River Smith
"('2025-26',)",21.2,107.0,0.7,8.0,1.6,swac,-0.7,11.9,118.0,2.0,0.492,522.0,0.448,234.0,0.464,242.0,0.798,193.0,35.0,32.0,,1115.0,2.3,4.0,40.0,2.4,85.0,21.9,dontae-horne-1,707.0,684.0,Guard,3.3,67.0,PRAIRIE-VIEW,0.278,145.0,0.317,46.0,7.9,158.0,0.555,12.5,91.0,377.0,0.499,188.0,31.1,,4.4,0.157,Dontae Horne
"('2025-26',)",6.9,26.0,0.0,0.0,-5.5,swac,-3.6,7.5,55.0,1.1,0.484,418.0,0.411,172.0,0.273,114.0,0.763,87.0,27.0,23.0,,826.0,-1.9,1.5,11.0,0.8,52.0,15.4,taireon-joseph-1,492.0,425.0,Guard,2.0,31.0,PRAIRIE-VIEW,0.476,199.0,0.307,61.0,4.5,66.0,0.521,8.9,46.0,219.0,0.507,111.0,29.9,,1.9,0.093,Tai'reon Joseph
"('2025-26',)",12.7,78.0,3.6,40.0,-3.5,swac,-0.7,19.2,198.0,2.2,0.445,389.0,0.393,153.0,0.398,155.0,0.735,114.0,35.0,35.0,,1153.0,-2.7,4.9,50.0,0.5,117.0,14.0,cory-wells-1,460.0,465.0,Forward,2.0,43.0,PRAIRIE-VIEW,0.278,108.0,0.37,40.0,12.0,248.0,0.497,14.9,81.0,281.0,0.402,113.0,22.5,,2.7,0.094,Cory Wells
"('2025-26',)",16.1,115.0,0.6,7.0,-4.2,swac,-1.6,7.8,86.0,1.6,0.506,239.0,0.448,107.0,0.594,142.0,0.796,113.0,35.0,35.0,,1236.0,-2.6,2.4,27.0,1.8,62.0,12.2,lance-williams-5,355.0,381.0,Guard,1.7,38.0,PRAIRIE-VIEW,0.272,65.0,0.431,28.0,5.1,113.0,0.579,15.2,55.0,174.0,0.454,79.0,13.9,,3.3,0.108,Lance Williams
"('2025-26',)",6.1,14.0,3.8,17.0,-1.9,swac,-1.6,15.8,65.0,0.8,0.506,167.0,0.467,78.0,0.407,68.0,0.721,49.0,25.0,7.0,,462.0,-0.3,6.1,25.0,0.7,27.0,18.1,joey-madimba-1,218.0,203.0,Forward,1.9,16.0,PRAIRIE-VIEW,0.317,53.0,0.245,13.0,10.9,90.0,0.547,9.9,22.0,114.0,0.57,65.0,22.8,,1.5,0.13,Joey Madimba
"('2025-26',)",3.7,9.0,3.8,16.0,-6.4,swac,-2.1,11.2,44.0,0.7,0.5,106.0,0.462,49.0,0.387,41.0,0.659,27.0,27.0,19.0,,439.0,-4.3,9.2,36.0,0.6,64.0,12.2,keeshawn-mason-1,133.0,138.0,Forward,1.2,10.0,PRAIRIE-VIEW,0.226,24.0,0.333,8.0,10.2,80.0,0.53,9.4,13.0,82.0,0.5,41.0,15.0,,1.2,0.11,Keeshawn Mason
"('2025-26',)",4.9,4.0,3.8,6.0,-3.1,swac,0.0,19.0,28.0,0.4,0.574,54.0,0.519,28.0,0.556,30.0,0.767,23.0,13.0,0.0,,165.0,-3.1,6.1,9.0,0.2,38.0,17.9,marcel-bryant-1,85.0,77.0,Forward,3.9,12.0,PRAIRIE-VIEW,0.278,15.0,0.4,6.0,12.6,37.0,0.623,20.9,18.0,39.0,0.564,22.0,24.9,,0.6,0.139,Marcel Bryant
"('2025-26',)",4.3,6.0,6.4,15.0,-6.4,swac,-0.6,19.7,43.0,0.5,0.571,42.0,0.571,24.0,0.952,40.0,0.6,24.0,26.0,2.0,,245.0,-5.9,9.6,21.0,0.2,38.0,13.5,hassane-diallo-1,72.0,77.0,Forward,1.3,6.0,PRAIRIE-VIEW,0.0,0.0,,0.0,14.6,64.0,0.59,21.8,17.0,42.0,0.571,24.0,15.2,,0.7,0.111,Hassane Diallo
"('2025-26',)",10.1,18.0,1.0,3.0,-4.9,swac,-0.8,9.2,25.0,0.5,0.595,42.0,0.595,25.0,0.595,25.0,0.68,17.0,29.0,0.0,,306.0,-4.0,4.4,12.0,0.3,26.0,11.7,jannoy-thomas-1,67.0,72.0,Guard,3.0,17.0,PRAIRIE-VIEW,0.071,3.0,0.0,0.0,6.8,37.0,0.622,19.4,13.0,39.0,0.641,25.0,10.4,,0.8,0.108,Jannoy Thomas
"('2025-26',)",7.7,14.0,1.7,5.0,-4.4,swac,-0.5,12.3,33.0,0.4,0.488,41.0,0.39,16.0,0.732,30.0,0.867,26.0,26.0,3.0,,300.0,-3.8,2.2,6.0,0.5,33.0,10.0,elijah-mitchell-1,66.0,68.0,Guard,0.9,5.0,PRAIRIE-VIEW,0.463,19.0,0.421,8.0,7.3,39.0,0.597,5.2,3.0,22.0,0.364,8.0,9.3,,0.9,0.121,Elijah Mitchell
"('2025-26',)",5.0,18.0,6.9,38.0,-2.2,swac,2.5,12.8,65.0,1.1,0.581,31.0,0.581,18.0,0.258,8.0,0.25,2.0,32.0,16.0,,570.0,-4.7,8.6,44.0,0.4,92.0,8.9,corey-dunning-1,38.0,68.0,Forward,2.2,23.0,PRAIRIE-VIEW,0.032,1.0,0.0,0.0,10.7,109.0,0.546,25.6,12.0,30.0,0.6,18.0,3.9,,1.4,0.1,Corey Dunning
"('2025-26',)",12.4,5.0,0.0,0.0,-6.7,swac,-3.6,4.3,3.0,0.1,0.519,27.0,0.444,12.0,0.0,0.0,,0.0,3.0,3.0,,79.0,-3.0,5.7,4.0,0.0,6.0,9.3,doug-young-2,28.0,28.0,Guard,2.7,4.0,PRAIRIE-VIEW,0.407,11.0,0.364,4.0,5.0,7.0,0.519,22.9,8.0,16.0,0.5,8.0,21.1,,0.1,0.034,Doug Young
"('2025-26',)",4.5,2.0,6.3,5.0,-12.8,swac,-0.3,26.0,19.0,0.2,0.833,12.0,0.833,10.0,0.25,3.0,0.667,2.0,17.0,0.0,,82.0,-12.5,10.9,8.0,0.1,22.0,14.0,ryan-bolton-1,22.0,22.0,Forward,2.0,3.0,PRAIRIE-VIEW,0.0,0.0,,0.0,18.4,27.0,0.819,37.3,8.0,12.0,0.833,10.0,12.5,,0.3,0.127,Ryan Bolton
"('2025-26',)",17.3,2.0,4.7,1.0,-12.2,swac,-4.1,25.5,5.0,0.1,0.8,5.0,0.6,3.0,0.4,2.0,1.0,2.0,6.0,0.0,,22.0,-8.1,0.0,0.0,0.1,2.0,29.3,isaiah-foster-1,10.0,9.0,Guard,7.4,3.0,PRAIRIE-VIEW,0.6,3.0,0.667,2.0,12.7,5.0,0.84,14.4,1.0,2.0,0.5,1.0,15.1,,0.2,0.283,Isaiah Foster
"('2025-26',)",0.0,0.0,8.0,2.0,-4.3,swac,3.6,17.2,4.0,0.0,0.429,7.0,0.429,3.0,0.571,4.0,0.5,2.0,4.0,0.0,,26.0,-7.9,4.3,1.0,-0.1,6.0,-0.9,seryee-lewis-1,8.0,7.0,Forward,0.0,0.0,PRAIRIE-VIEW,0.0,0.0,,0.0,10.8,5.0,0.449,36.0,5.0,7.0,0.429,3.0,25.5,,-0.1,-0.093,Seryee Lewis
"('2025-26',)",22.2,114.0,0.0,0.0,0.2,patriot,-2.4,10.7,108.0,1.3,0.553,496.0,0.476,236.0,0.417,207.0,0.792,164.0,34.0,34.0,,1187.0,2.5,1.2,11.0,2.9,67.0,20.7,nasir-whitlock-1,713.0,663.0,Guard,1.7,34.0,LEHIGH,0.349,173.0,0.445,77.0,6.1,119.0,0.6,13.3,91.0,323.0,0.492,159.0,31.0,,4.1,0.139,Nasir Whitlock
"('2025-26',)",15.3,70.0,6.0,62.0,3.0,patriot,0.6,18.2,161.0,1.8,0.632,322.0,0.624,201.0,0.484,156.0,0.66,103.0,34.0,34.0,,1044.0,2.4,8.7,72.0,3.1,75.0,25.5,hank-alvey-1,510.0,495.0,Forward,2.2,38.0,LEHIGH,0.037,12.0,0.417,5.0,13.6,233.0,0.644,12.6,57.0,310.0,0.632,196.0,23.3,,4.9,0.189,Hank Alvey
"('2025-26',)",18.4,113.0,2.0,23.0,0.4,patriot,0.5,14.3,144.0,1.7,0.585,264.0,0.496,131.0,0.261,69.0,0.725,50.0,34.0,34.0,,1182.0,-0.1,3.3,31.0,1.6,69.0,15.3,joshua-ingram-1,359.0,377.0,Guard,2.5,49.0,LEHIGH,0.458,121.0,0.388,47.0,9.0,175.0,0.605,18.2,66.0,143.0,0.587,84.0,16.5,,3.3,0.112,Joshua Ingram
"('2025-26',)",7.2,24.0,0.8,5.0,-5.6,patriot,-2.0,20.3,113.0,0.9,0.472,197.0,0.401,79.0,0.32,63.0,0.825,52.0,23.0,22.0,,654.0,-3.6,5.0,26.0,0.2,56.0,12.1,edouard-benoit-1,238.0,228.0,Forward,1.4,15.0,LEHIGH,0.462,91.0,0.308,28.0,13.0,139.0,0.524,15.6,42.0,106.0,0.481,51.0,22.1,,1.1,0.068,Edouard Benoit
"('2025-26',)",6.9,18.0,0.0,0.0,-6.4,patriot,-3.4,6.9,31.0,0.4,0.521,188.0,0.399,75.0,0.048,9.0,0.778,7.0,28.0,1.0,,530.0,-3.0,1.4,6.0,0.3,37.0,10.2,andrew-urosevic-1,203.0,173.0,Guard,0.9,8.0,LEHIGH,0.734,138.0,0.333,46.0,4.3,37.0,0.528,7.7,16.0,50.0,0.58,29.0,21.1,,0.7,0.055,Andrew Urosevic
"('2025-26',)",5.9,23.0,1.5,10.0,-3.8,patriot,-0.9,7.5,44.0,0.7,0.538,119.0,0.387,46.0,0.16,19.0,0.684,13.0,34.0,14.0,,695.0,-2.9,3.8,21.0,0.4,62.0,8.2,peter-kramer-1,141.0,140.0,Guard,1.7,20.0,LEHIGH,0.807,96.0,0.375,36.0,5.7,65.0,0.551,12.9,19.0,23.0,0.435,10.0,11.4,,1.2,0.067,Peter Kramer
"('2025-26',)",16.4,61.0,0.3,2.0,-5.2,patriot,0.3,11.7,65.0,0.9,0.435,107.0,0.383,41.0,0.327,35.0,0.686,24.0,30.0,18.0,,654.0,-5.5,1.9,10.0,-0.1,50.0,8.3,jalen-vazquez-1,117.0,141.0,Guard,2.8,31.0,LEHIGH,0.355,38.0,0.289,11.0,7.0,75.0,0.473,22.1,35.0,69.0,0.435,30.0,13.0,,0.8,0.05,Jalen Vazquez
"('2025-26',)",17.0,44.0,0.0,0.0,-8.2,patriot,-1.8,5.4,22.0,0.5,0.367,120.0,0.342,41.0,0.3,36.0,0.583,21.0,22.0,13.0,,476.0,-6.4,2.1,8.0,-0.6,28.0,5.5,caleb-thomas-1,109.0,125.0,Guard,2.6,21.0,LEHIGH,0.267,32.0,0.188,6.0,3.8,30.0,0.398,19.9,34.0,88.0,0.398,35.0,19.3,,-0.1,-0.012,Caleb Thomas
"('2025-26',)",7.7,11.0,1.9,5.0,-8.9,patriot,-1.0,15.3,34.0,0.4,0.417,66.0,0.348,23.0,0.182,12.0,0.75,9.0,32.0,0.0,,262.0,-7.9,6.8,14.0,-0.3,42.0,5.8,alfredo-addesa-1,64.0,69.0,Forward,1.8,8.0,LEHIGH,0.485,32.0,0.281,9.0,11.2,48.0,0.446,22.7,21.0,34.0,0.412,14.0,19.0,,0.1,0.011,Alfredo Addesa
"('2025-26',)",4.2,4.0,3.1,5.0,-6.1,patriot,-1.0,19.5,27.0,0.2,0.5,18.0,0.444,8.0,0.278,5.0,0.8,4.0,17.0,0.0,,163.0,-5.2,4.7,6.0,0.0,15.0,6.3,jake-pike-1,22.0,24.0,Forward,0.0,0.0,LEHIGH,0.444,8.0,0.25,2.0,12.4,33.0,0.54,25.6,7.0,10.0,0.6,6.0,9.0,,0.2,0.049,Jake Pike
"('2025-26',)",1.6,1.0,1.0,1.0,-15.7,patriot,-1.7,13.3,12.0,0.1,0.5,6.0,0.5,3.0,0.833,5.0,0.8,4.0,24.0,0.0,,106.0,-14.0,7.2,6.0,0.0,34.0,0.2,henri-adiassa-1,10.0,13.0,Center,0.6,1.0,LEHIGH,0.0,0.0,,0.0,10.4,18.0,0.597,41.7,6.0,6.0,0.5,3.0,7.3,,0.1,0.035,Henri Adiassa
"('2025-26',)",10.8,4.0,0.0,0.0,-5.4,patriot,1.1,7.6,4.0,0.1,0.667,3.0,0.667,2.0,0.333,1.0,0.0,0.0,15.0,0.0,,62.0,-6.5,10.2,5.0,0.0,8.0,5.8,tommy-conniff-1,4.0,9.0,Center,2.9,3.0,LEHIGH,0.0,0.0,,0.0,8.9,9.0,0.576,53.5,4.0,3.0,0.667,2.0,6.5,,0.1,0.049,Tommy Conniff
"('2025-26',)",0.0,0.0,0.0,0.0,-20.1,patriot,-5.6,21.4,2.0,0.0,0.0,3.0,0.0,0.0,0.0,0.0,,0.0,11.0,0.0,,11.0,-14.5,0.0,0.0,-0.1,0.0,-8.6,brendan-reed-1,0.0,0.0,Guard,0.0,0.0,LEHIGH,0.667,2.0,0.0,0.0,11.1,2.0,0.0,0.0,0.0,1.0,0.0,0.0,14.7,,0.0,-0.17,Brendan Reed
"('2025-26',)",21.3,136.0,0.6,5.0,6.4,big-12,3.7,8.1,78.0,2.1,0.481,348.0,0.388,135.0,0.164,57.0,0.754,43.0,34.0,34.0,,1117.0,2.7,1.2,12.0,1.7,48.0,13.5,milos-uzan-1,378.0,391.0,Guard,1.9,34.0,HOUSTON,0.54,188.0,0.346,65.0,4.6,90.0,0.504,11.1,47.0,160.0,0.438,70.0,19.4,,3.8,0.136,Milos Uzan
"('2025-26',)",11.2,13.0,0.9,2.0,4.6,sec,1.0,13.7,28.0,0.1,0.507,75.0,0.4,30.0,0.413,31.0,0.806,25.0,23.0,0.0,,195.0,3.6,5.9,11.0,0.5,18.0,17.4,jalil-bethea-1,101.0,97.0,Guard,1.1,4.0,IOWA-STATE,0.64,48.0,0.333,16.0,10.0,39.0,0.563,10.0,10.0,27.0,0.519,14.0,23.6,,0.6,0.131,Jalil Bethea
